"{'distance': [0.366, 0.628, 0.878, 0.91, 0.911], 'solute_3': [15.57, -3.19, 12.14, -0.84, 11.12], 'solute_2': [12.26, -10.2, 6.84, -10.53, 7.58], 'solute_1': [6.16, -6.31, 1.29, -4.08, 14.27]}","{'solute_3i': '106.0 uM', 'solute_1e': '73.0 mM', 'solute_2i': '44.0 uM', 'solute_3e': '90.0 uM', 'solute_1i': '104.0 uM', 'solute_2e': '18.0 uM'}"
voltage,current,solute_3,solute_2,solute_1
-150,-0.1086417722882512,-44.84289498080911,-27.996491805407818,-678045.6903040707
-140,-0.10789467407138698,-42.435338582909665,-30.854902342700175,-673384.1125689745
-130,-0.10687882064707006,-40.015785416072696,-33.93246032063355,-667044.7166621685
-120,-0.10549594964545322,-37.558203008545746,-37.2049720315576,-658414.2057471275
-110,-0.10361824372057528,-35.03488026763875,-40.62297627989261,-646694.8236213326
-100,-0.1010858262833579,-32.41845318451669,-44.100458773340975,-630888.7298218608
-90,-0.09771042566015631,-29.685837074885328,-47.50150137031452,-609820.8775120974
-80,-0.09329095348517864,-26.824593664201334,-50.626067394658264,-582236.2583606243
-70,-0.08764755215696736,-23.841446643294923,-53.198087278942694,-547012.4283638
-60,-0.08067730723371226,-20.770719216804043,-54.85737623881562,-503507.26681399345
-50,-0.07242375799463806,-17.677214310043674,-55.15201615170679,-451992.8767926693
-40,-0.06313430472073737,-14.644881096942395,-53.51022223490361,-394013.9835407734
-30,-0.05326642155349164,-11.74247032289593,-49.15129987883006,-332426.8740808964
-20,-0.04341550916438812,-8.961304260730813,-40.87495760484194,-270949.37449622154
-10,-0.034180177000933204,-6.1248433195172325,-26.67630382482821,-213320.4810066223
0,-0.02602476998252175,-2.7665785796734212,-3.1641141411346325,-162443.0504348278
10,-0.019201492445676822,2.0359601223850916,35.20722911300436,-119898.78255558014
20,-0.01375253582999014,9.87576005872478,97.03587387371772,-85962.82877969742
30,-0.00956705173493208,23.234348250222112,194.85653429568993,-59960.74929404259
40,-0.006452590539750483,45.53035915763388,345.6961725593901,-40715.09983563423
50,-0.004193011511359805,80.70484066538944,570.7740702466945,-26905.78869140148
60,-0.0025840676977386635,132.06792570178726,893.7709871196384,-17288.167124032974
70,-0.0014501559341746882,200.54475777514128,1337.5099244498488,-10790.75882935524
80,-0.0006493232073082328,283.24488395495393,1919.841413645223,-6539.534722805023
90,-7.226346135708892e-05,373.55500463045,2650.511662352881,-3848.7044516205788
100,0.00036153112649428315,463.1809142422517,3530.7355814186485,-2200.3488050699234
"{'distance': [0.366, 0.628, 0.878, 0.91, 0.911], 'solute_3': [15.57, -3.19, 12.14, -0.84, 11.12], 'solute_2': [12.26, -10.2, 6.84, -10.53, 7.58], 'solute_1': [6.16, -6.31, 1.29, -4.08, 14.27]}","{'solute_3i': '106.0 uM', 'solute_1e': '73.0 mM', 'solute_2i': '44.0 uM', 'solute_3e': '90.0 uM', 'solute_1i': '104.0 uM', 'solute_2e': '18.0 uM'}"
voltage,largest element,smallest element,element difference,element ratio difference,condition number,transport error solute_3,transport error solute_2,transport error solute_1,current errors,smallest eigenvalue,second smallest eigenvalue,sum absolute errors,sum squared errors
-150,474445897102.99683,223.03080191650011,474445896879.966,2127266247.6487141,1.6471816464250462e+19,5.318951679100792e-07,5.914002084494996e-06,1.1768308468163013e-05,1.1075446115782484e-12,-7.2336441527934951e-06,-691707.75700117426,8.4126150672559296e-06,1.3961698976182988e-05
-140,474071758606.70618,244.6406082012779,474071758362.06555,1937829382.0160222,2.4187864629267743e+19,1.0455503627326834e-06,6.196475155206826e-07,1.394655555486679e-06,2.1260770921571748e-13,2.2583884641568463e-06,-683730.1889680638,1.5741159605904112e-06,3.9486689541365178e-06
-130,473699147354.49469,253.50669382018225,473699147100.98798,1868586348.6133416,2.2492935316527563e+19,6.609552912095751e-06,6.722989169816174e-07,1.8586870282888412e-06,1.927638604293236e-12,3.3897003554079818e-07,-645637.11136788072,9.0486451620027082e-06,1.5792523176356364e-05
-120,473328348488.20477,262.69409761589992,473328348225.51068,1801823310.0169811,6.7597645316994949e+18,6.8810188125212335e-06,4.321367157444911e-06,8.719274774193764e-06,1.4897943989566897e-12,-2.8864819316619588e-06,-603894.54146014841,1.1361304814718588e-05,2.3545527155487972e-05
-110,472959713697.15796,272.21446456629246,472959713424.94348,1737452542.9818883,9.2959912285651333e+18,2.914365389017348e-06,4.3714415909335e-06,6.980961188673973e-06,4.326400349086157e-13,3.5202112204214444e-06,-560612.64003265894,7.444817833123378e-06,1.6003747138730613e-05
-100,472593676735.9624,282.07986167797424,472593676453.88257,1675389635.8453302,2.1896406602609892e+18,5.679424248228315e-06,1.712401626718929e-06,4.398985765874386e-06,1.3690160116652805e-12,-7.0030273538628955e-07,-517215.78595941921,7.4304630399639927e-06,1.6241628147122234e-05
-90,472230772560.83624,292.30279328116887,472230772268.53345,1615553403.5782988,9.8844963039676109e+18,1.6644447420333108e-06,3.12546571024086e-06,9.988434612751007e-07,7.328859741306815e-14,-1.0702021150414557e-05,-474806.82267696393,4.3329751890673141e-06,1.1219262679150159e-05
-80,471871660928.22784,302.89621687887148,471871660625.3316,1557865812.2261388,3.5944330978928138e+18,4.04698585754204e-06,9.82587371822774e-06,1.4745979569852352e-05,2.1113666370808915e-12,-4.7660621600060232e-06,-434150.39908906544,1.2294326334264823e-05,2.5576030669153286e-05
-70,471517155496.27289,313.8735595704037,471517155182.39935,1502251913.6101644,9.4234811959687194e+17,1.044712787034996e-05,3.5420012309828053e-06,3.559282049536705e-06,3.3730657156283428e-12,-3.3465117540762848e-06,-395723.52523693786,1.0520656006581817e-05,2.3341378495812023e-05
-60,471168259712.26642,325.24873507017969,471168259387.0177,1448639791.3602993,4.566425011754102e+19,8.727081006298931e-06,4.91294852338342e-05,8.644844638183713e-05,9.388267940835249e-12,-5.3547373914589511e-05,-359789.43833640008,6.4102397338012092e-05,0.00012096012144598038
-50,470826211068.5434,337.0361613432537,470826210731.50726,1396960519.5836287,8.6125549035227776e+17,7.817644636531895e-06,3.676883082448512e-07,2.7648056857287884e-06,2.6772473127323337e-12,-1.0162222312824688e-05,-326465.94793014793,1.3982176214822439e-05,2.6000467504509479e-05
-40,470492535678.15247,306.37474191762976,470492535371.77771,1535676644.6649394,1.4780571410241656e+18,5.046055807866878e-06,1.3714724325097905e-05,1.9572617020457983e-05,6.78318512470355e-13,-1.0478597718119635e-05,-295778.24907131505,2.0159230892021859e-05,5.1640716809930829e-05
-30,470169115576.74231,228.6080578606647,470169115348.13428,2056660294.377321,2.9653794401669568e+17,1.2753504211815425e-05,3.021185422369399e-05,2.915348159149289e-05,2.4586582769714482e-12,-8.3276201166649372e-06,-267695.79946828383,4.1484994191470134e-05,8.8912188754955803e-05
-20,469858271718.21643,170.58078545154936,469858271547.63562,2754461884.2880864,7.6579084092090675e+17,3.920817944091937e-06,7.168758715181411e-05,0.00010712211951613426,7.077886887696394e-12,8.3273174741555969e-05,-242156.81594048152,8.6458529906206362e-05,0.00017119128749892086
-10,469562866323.70453,127.28249667823371,469562866196.42206,3689139344.2002101,3.7801569927928851e+17,1.0933804013291137e-05,4.366146303169671e-05,4.689418710768223e-05,1.6106352362932341e-12,2.5633071098892463e-05,-219085.14002162541,5.4964281372004287e-05,0.00011510714686979837
0,469286429096.74585,94.974553656549759,469286429001.7713,4941180674.4972506,1.0913172949695332e+18,1.4158227839011772e-05,4.390053427272278e-05,4.432775313034654e-05,5.310921841195082e-12,-3.8985735973105986e-05,-198403.38061474875,5.3326934236236926e-05,0.00011117897959130832
10,469033312869.92163,70.867291871745365,469033312799.05432,6618473776.5734234,2.5205273887066737e+18,9.022228031163593e-05,4.888371378797274e-05,0.00015267194248735905,1.509892558204662e-11,-0.0001332025943403985,-180043.92034341794,0.00012573113814123892,0.00026758658581179219
20,468808885545.89825,52.879143558773663,468808885493.0191,8865667141.9957943,2.8875091448534982e+17,0.0001423580254567014,5.923794289230955e-05,0.00010951186413876712,2.412076614832781e-11,0.00011222592339990918,-163957.02503585862,0.00017108867218855632,0.00030484181699300551
30,468619766796.18304,39.456902467360045,468619766756.72614,11876750010.567596,1.1416471467295268e+18,0.00010766089857838779,6.226672326192784e-05,4.992327012587339e-05,1.7675265764904857e-11,-5.538618861130511e-05,-150114.20341231802,0.0001203154895948363,0.00021309683239249116
40,468474119954.40527,29.441610577303926,468474119924.96368,15911973250.388163,2.0180394043423222e+17,0.00020942720661309977,0.00011073752455104113,0.00010955547622870654,3.4657472204602247e-11,-0.000141814839474898,-138505.25909792806,0.00022281166303367791,0.00040365768472093964
50,468382011974.64026,21.968486606435079,468382011952.67175,21320631701.477348,1.5346102651500785e+18,0.0008423928847349771,0.00035085453339434025,0.0005884449565201066,1.552893777109765e-10,0.00078084271722026768,-129128.56860320168,0.00096851499356398712,0.0017029406576242224
60,468355857326.50378,16.392255529293536,468355857310.11151,28571776256.753407,4.9894052457157043e+17,0.0003874270309154326,0.00012065003124916984,0.0003009536085301079,7.721596105569883e-11,-0.0004461924994036244,-121975.61812758588,0.00044695474734360552,0.00077518633286172839
70,468410965399.78467,12.231431602527612,468410965387.55322,38295677940.347397,9.6954369797658573e+17,0.0003367714730586613,0.0001921272241816041,0.00016743384367146064,6.341756156671985e-11,0.00029023457589879464,-117012.53804882181,0.00037961662112020474,0.00067826351197948498
80,468566215555.4552,9.1267439541774174,468566215546.32843,51339910258.026573,1.8649047368561001e+18,0.00017344248038853038,8.558370177524921e-05,0.00010146943077415926,3.593256844413445e-11,0.00019136337112946955,-114162.88651408251,0.0002009676995924658,0.00036097164140300175
90,468844889588.24146,6.8101149490874571,468844889581.43134,68845370906.85463,4.0721708608135648e+17,0.0009337684510342115,0.0006085870654715109,0.0003728351921381545,1.8986349802465122e-10,-0.000943974563156994,-113296.46247487831,0.0010314288535486428,0.0018676487169839023
100,469275698306.7171,5.0815127336356234,469275698301.63556,92349605895.992462,7.6160692421187878e+17,0.00017589794197192532,0.0001197075325762853,6.492170086858096e-05,3.773759180581565e-11,-0.00022117393731595886,-114227.86011735974,0.00019406402815092056,0.00035348559469439156
"{'distance': [0.366, 0.628, 0.878, 0.91, 0.911], 'solute_3': [15.57, -3.19, 12.14, -0.84, 11.12], 'solute_2': [12.26, -10.2, 6.84, -10.53, 7.58], 'solute_1': [6.16, -6.31, 1.29, -4.08, 14.27]}","{'solute_3i': '106.0 uM', 'solute_1e': '73.0 mM', 'solute_2i': '44.0 uM', 'solute_3e': '90.0 uM', 'solute_1i': '104.0 uM', 'solute_2e': '18.0 uM'}"
voltage,"current, barrier 0","current, barrier 1","current, barrier 2",solute_3 transport over barrier 0,solute_3 transport over barrier 1,solute_3 transport over barrier 2,solute_2 transport over barrier 0,solute_2 transport over barrier 1,solute_2 transport over barrier 2,solute_1 transport over barrier 0,solute_1 transport over barrier 1,solute_1 transport over barrier 2
-150,-0.10864177228822727,-0.1086417722882512,-0.10864177228933482,-44.842895044857656,-44.84289498080911,-44.84289551270428,-27.996497719409902,-27.996491805407818,-27.99649192889683,-678045.6902978793,-678045.6903040707,-678045.6903096476
-140,-0.10789467407139972,-0.10789467407138698,-0.10789467407159958,-42.435338597228096,-42.435338582909665,-42.43533962846003,-30.85490172305266,-30.854902342700175,-30.854902302872688,-673384.112569645,-673384.1125689745,-673384.1125682504
-130,-0.10687882064704303,-0.10687882064707006,-0.10687882064897067,-40.0157851444021,-40.015785416072696,-40.015791753955014,-33.932459838402586,-33.93246032063355,-33.9324605107015,-667044.7166630253,-667044.7166621685,-667044.7166611666
-120,-0.10549594964550357,-0.10549594964545322,-0.10549594964401378,-37.558203206658156,-37.558203008545746,-37.558196325639344,-37.20497635292476,-37.2049720315576,-37.2049720960631,-658414.2057427242,-658414.2057471275,-658414.2057514435
-110,-0.10361824372066603,-0.10361824372057528,-0.10361824372100792,-35.034880810101335,-35.03488026763875,-35.03488318200414,-40.6229719615509,-40.62297627989261,-40.622976332992494,-646694.8236251324,-646694.8236213326,-646694.8236181515
-100,-0.10108582628342938,-0.1010858262833579,-0.10108582628206036,-32.41845420546338,-32.41845318451669,-32.41844852603913,-44.1004604857426,-44.100458773340975,-44.10045889980756,-630888.7298185527,-630888.7298218608,-630888.7298229517
-90,-0.09771042566011838,-0.09771042566015631,-0.09771042566019167,-29.68583854900672,-29.685837074885328,-29.68583688456198,-47.50149824484881,-47.50150137031452,-47.50150103250871,-609820.8775120378,-609820.8775120974,-609820.8775130366
-80,-0.09329095348491144,-0.09329095348517864,-0.0932909534870228,-26.824592514321914,-26.824593664201334,-26.82459656130777,-50.62607722053198,-50.626067394658264,-50.626067560142474,-582236.2583514303,-582236.2583606243,-582236.2583661763
-70,-0.08764755215613206,-0.08764755215696736,-0.08764755215950512,-23.84144378518436,-23.841446643294923,-23.84145423231223,-53.198090820943925,-53.198087278942694,-53.19808742269015,-547012.4283607602,-547012.4283638,-547012.4283643195
-60,-0.0806773072344854,-0.08067730723371226,-0.08067730724310053,-20.77072044499041,-20.770719216804043,-20.77072794388505,-54.85742536830085,-54.85737623881562,-54.85737769937623,-503507.2667672336,-503507.26681399345,-503507.26685368206
-50,-0.07242375799493352,-0.07242375799463806,-0.0724237579973153,-17.677216243076437,-17.677214310043674,-17.67722212768831,-55.15201578401848,-55.15201615170679,-55.152016117550374,-451992.87679101527,-451992.8767926693,-451992.8767937801
-40,-0.06313430472135394,-0.06313430472073737,-0.06313430472067562,-14.644881510391347,-14.644881096942395,-14.644876464335539,-53.51023594072728,-53.51022223490361,-53.51022222600295,-394013.98353008926,-394013.9835407734,-394013.9835496619
-30,-0.05326642155267536,-0.05326642155349164,-0.053266421551032984,-11.742462392281606,-11.74247032289593,-11.742457569391718,-49.15133009068428,-49.15129987883006,-49.15130033094465,-332426.87406145036,-332426.8740808964,-332426.87409060384
-20,-0.043415509163275426,-0.04341550916438812,-0.04341550915731023,-8.961300339912869,-8.961304260730813,-8.96130260755217,-40.87488591725479,-40.87495760484194,-40.87495126813883,-270949.3745688051,-270949.37449622154,-270949.374461683
-10,-0.03418017700254384,-0.034180177000933204,-0.03418017700196724,-6.1248529663394065,-6.1248433195172325,-6.124854253321246,-26.67626016336518,-26.67630382482821,-26.67630088434089,-213320.481041044,-213320.4810066223,-213320.4809941498
0,-0.026024769982514944,-0.02602476998252175,-0.026024769987825866,-2.7665733347238186,-2.7665785796734212,-2.7665874929516576,-3.1641580416689052,-3.1641141411346325,-3.164118549262639,-162443.0504013747,-162443.0504348278,-162443.05044570245
10,-0.019201492460775748,-0.019201492445676822,-0.01920149245127498,2.035877774755784,2.0359601223850916,2.0359679970360958,35.20718022929057,35.20722911300436,35.207211762317456,-119898.78243625164,-119898.78255558014,-119898.78258892358
20,-0.013752535805869374,-0.01375253582999014,-0.013752535821454295,9.875902416750236,9.87576005872478,9.87576939977771,97.03583211144085,97.03587387371772,97.03589134938375,-85962.82887208462,-85962.82877969742,-85962.82876257275
30,-0.009567051752607346,-0.00956705173493208,-0.00956705173608563,23.23424481421003,23.234348250222112,23.234352475108608,194.85658744304442,194.85653429568993,194.85652517632116,-59960.749250650406,-59960.74929404259,-59960.749300573676
40,-0.0064525905744079555,-0.006452590539750483,-0.006452590542598417,45.53016009613489,45.53035915763388,45.530369523341506,345.6962569049173,345.6961725593901,345.6961461673927,-40715.09973819554,-40715.09983563423,-40715.099847751015
50,-0.0041930113560704274,-0.004193011511359805,-0.004193011475235221,80.70568305827418,80.70484066538944,80.70484148345713,570.7738897595417,570.7740702466945,570.7742406140751,-26905.78922635317,-26905.78869140148,-26905.788637908212
60,-0.0025840677749546246,-0.0025840676977386635,-0.0025840677185307434,132.06753827475634,132.06792570178726,132.06792518107432,893.7710007584831,893.7709871196384,893.7708801084518,-17288.166844815016,-17288.167124032974,-17288.167145768624
70,-0.0014501558707571266,-0.0014501559341746882,-0.0014501559210570232,200.54509351693426,200.54475777514128,200.5447567454612,1337.5098068729085,1337.5099244498488,1337.5099990001327,-10790.758987396955,-10790.75882935524,-10790.758819963112
80,-0.0006493231713756644,-0.0006493232073082328,-0.000649323194311431,283.2450573974343,283.24488395495393,283.24489228607854,1919.841385278484,1919.841413645223,1919.8414708621858,-6539.534817025065,-6539.534722805023,-6539.534715555635
90,-7.226365122058695e-05,-7.226346135708892e-05,-7.226351171653703e-05,373.554070861999,373.55500463045,373.5549969790263,2650.5119882215467,2650.511662352881,2650.5113796344813,-3848.704095117748,-3848.7044516205788,-3848.70446795294
100,0.00036153108875669135,0.00036153112649428315,0.0003615311152315009,463.1807383443097,463.1809142422517,463.18091328941773,3530.7356360476406,3530.7355814186485,3530.735516340108,-2200.348743468523,-2200.3488050699234,-2200.348808390224
"{'distance': [0.366, 0.628, 0.878, 0.91, 0.911], 'solute_3': [15.57, -3.19, 12.14, -0.84, 11.12], 'solute_2': [12.26, -10.2, 6.84, -10.53, 7.58], 'solute_1': [6.16, -6.31, 1.29, -4.08, 14.27]}","{'solute_3i': '106.0 uM', 'solute_1e': '73.0 mM', 'solute_2i': '44.0 uM', 'solute_3e': '90.0 uM', 'solute_1i': '104.0 uM', 'solute_2e': '18.0 uM'}"
voltage,current,solute_3,solute_2,solute_1
-150,-0.10864177228875277,-44.842895041988626,-27.9964977048285,-678045.6903011799
-140,-0.10789467407129862,-42.435338641070935,-30.854901764233354,-673384.1125688851
-130,-0.10687882064691342,-40.01578521873423,-33.932459886575806,-667044.7166620195
-120,-0.10549594964576955,-37.558203200460966,-37.204976423784444,-658414.2057443261
-110,-0.1036182437207962,-35.03488072215079,-40.622971802713494,-646694.8236262798
-100,-0.10108582628362588,-32.41845443632603,-44.100460803453025,-630888.7298189998
-90,-0.09771042566114631,-29.685838671808035,-47.501498276568206,-609820.877518177
-80,-0.09329095348439005,-26.824592181915925,-50.62607652316518,-582236.2583495378
-70,-0.08764755215565004,-23.841444307969965,-53.1980913560343,-547012.4283561707
-60,-0.08067730723359093,-20.77072059664514,-54.857425412208386,-503507.26676130295
-50,-0.07242375799522051,-17.677216010585017,-55.15201543268091,-451992.87679362297
-40,-0.06313430472040821,-14.644881656823284,-53.51023598806603,-394013.9835238457
-30,-0.053266421550146874,-11.742463891370171,-49.15133096384102,-332426.87404179573
-20,-0.04341550916171093,-8.961301198024024,-40.8748871756552,-270949.3745560646
-10,-0.03418017700309794,-6.124851698029435,-26.676259572513572,-213320.4810476303
0,-0.026024769983012987,-2.766573962441818,-3.1641576748502303,-162443.05040359497
10,-0.019201492475364988,2.035885527439248,35.20718106255845,-119898.78254365921
20,-0.013752535791389535,9.875884723333826,97.03583426425575,-85962.82874846458
30,-0.009567051758126669,23.234263814911316,194.8565865145174,-59960.74932217598
40,-0.00645259057964602,45.53021023843772,345.69625617108795,-40715.099870443344
50,-0.004193011343822565,80.70541079021075,570.7738977154695,-26905.788613319397
60,-0.0025840677718402755,132.06769755738486,893.770999925051,-17288.16714310646
70,-0.0014501558953833402,200.5449237767766,1337.5098130129445,-10790.758807778358
80,-0.0006493231875645104,283.2449534669325,1919.8413873154532,-6539.534712255001
90,-7.226351282463037e-05,373.5547148421219,2650.511959819243,-3848.7044907808304
100,0.00036153112068428885,463.18087339987517,3530.7356327967354,-2200.348811030388
"{'distance': [0.366, 0.628, 0.878, 0.91, 0.911], 'solute_3': [15.57, -3.19, 12.14, -0.84, 11.12], 'solute_2': [12.26, -10.2, 6.84, -10.53, 7.58], 'solute_1': [6.16, -6.31, 1.29, -4.08, 14.27]}","{'solute_3i': '106.0 uM', 'solute_1e': '73.0 mM', 'solute_2i': '44.0 uM', 'solute_3e': '90.0 uM', 'solute_1i': '104.0 uM', 'solute_2e': '18.0 uM'}"
voltage,largest element,smallest element,element difference,element ratio difference,condition number,transport error solute_3,transport error solute_2,transport error solute_1,current errors,smallest eigenvalue,second smallest eigenvalue,sum absolute errors,sum squared errors
-150,474445897102.99683,223.03080191650011,474445896879.966,2127266247.6487141,1.6471816464250462e+19,5.037165351495787e-08,1.226825929734332e-08,2.2426247596740723e-06,3.563122019656362e-13,370994.97357712343,2.9011888783009445e-08,3.1516426669597222e-06,4.7367117807142977e-06
-140,474071758606.70618,244.6406082012779,474071758362.06555,1937829382.0160222,2.4187864629267743e+19,5.815824266619529e-08,1.1435936642101296e-07,3.0169030651450157e-06,4.971578704271451e-13,359278.41023797012,2.7717167077019822e-08,4.2517703179326497e-06,6.6496475293134756e-06
-130,473699147354.49469,253.50669382018225,473699147100.98798,1868586348.6133416,2.2492935316527563e+19,7.412648983518011e-08,7.961836701042557e-08,1.7136335372924805e-07,5.888345366855674e-14,346001.2536441203,2.9782131484376807e-08,3.329723707194337e-07,7.3895201240445964e-07
-120,473328348488.20477,262.69409761589992,473328348225.51068,1801823310.0169811,6.7597645316994949e+18,1.6852574447057123e-07,2.2589051695831586e-07,1.6241101548075676e-06,2.1221913115709867e-13,331223.4759531655,9.9020834526020778e-08,2.3677073141919684e-06,4.2912683489361678e-06
-110,472959713697.15796,272.21446456629246,472959713424.94348,1737452542.9818883,9.2959912285651333e+18,2.0350365304011575e-07,2.6101128014488495e-07,1.0579824447631836e-06,1.1440848268762238e-13,315103.29880130838,7.1948135656875907e-08,9.5646446386304274e-07,2.2558390807078959e-06
-100,472593676735.9624,282.07986167797424,472593676453.88257,1675389635.8453302,2.1896406602609892e+18,4.667095581112335e-07,3.977467031290871e-07,4.6193599700927734e-07,1.914995939600317e-13,297891.10521293926,2.1681893429642157e-07,7.0233274373142101e-07,1.9762541643659227e-06
-90,472230772560.83624,292.30279328116887,472230772268.53345,1615553403.5782988,9.8844963039676109e+18,3.3708199254078863e-07,3.2388865633947717e-07,9.238719940185547e-07,1.4496737144042982e-13,279905.3819019231,2.1440924519808341e-07,1.0409286179086976e-06,2.9227678097613727e-06
-80,471871660928.22784,302.89621687887148,471871660625.3316,1557865812.2261388,3.5944330978928138e+18,8.70301430921927e-07,9.849013409279905e-07,7.301568984985352e-07,3.5310643298203104e-13,261496.78943638931,1.4628606589555334e-07,1.4407041200341845e-06,4.2010864334077224e-06
-70,471517155496.27289,313.8735595704037,471517155182.39935,1502251913.6101644,9.4234811959687194e+17,9.159817153658878e-07,8.43096074731875e-07,1.475214958190918e-06,2.8602120671905595e-13,243010.47878381333,3.8196780025235985e-07,1.4811393993142212e-06,4.2574125624400147e-06
-60,471168259712.26642,325.24873507017969,471168259387.0177,1448639791.3602993,4.566425011754102e+19,1.0203723448398705e-06,2.3552179584385158e-07,1.5739933587610722e-06,1.844080443902385e-13,224755.71997002143,1.4603033894265189e-08,1.7595745219567924e-06,4.7662798503709089e-06
-50,470826211068.5434,337.0361613432537,470826210731.50726,1396960519.5836287,8.6125549035227776e+17,8.287544694951521e-07,4.774325574885552e-07,1.317821443080902e-06,1.3089529460330596e-13,206987.2999404156,4.6798554997422452e-07,2.1817059995476467e-06,5.3757398809993717e-06
-40,470492535678.15247,306.37474191762976,470492535371.77771,1535676644.6649394,1.4780571410241656e+18,1.689128561466191e-06,4.949685461497211e-07,2.175569534301758e-06,7.924216838262055e-13,189898.22346738938,4.5006476549461903e-07,3.4654372445407504e-06,8.2318005839659248e-06
-30,470169115576.74231,228.6080578606647,470169115348.13428,2056660294.377321,2.9653794401669568e+17,2.406616566474895e-06,2.5827496514807535e-06,3.5762786865234375e-07,1.204883415262259e-12,173620.67870802464,2.241611176543415e-06,2.9918749924283031e-06,8.1675228446318997e-06
-20,469858271718.21643,170.58078545154936,469858271547.63562,2754461884.2880864,7.6579084092090675e+17,1.7042025710622966e-06,1.1724743984586894e-06,4.836067091673613e-06,1.1265502419810502e-12,158233.33051129128,8.6738738032202362e-07,7.05750084746341e-06,1.3448554957886229e-05
-10,469562866323.70453,127.28249667823371,469562866196.42206,3689139344.2002101,3.7801569927928851e+17,2.5848756450841393e-06,1.9672964270966986e-06,2.518296241760254e-06,8.607003998406526e-13,143774.6456111634,1.7837757586401249e-06,3.2394220550428145e-06,6.7154558875121408e-06
0,469286429096.74585,94.974553656549759,469286429001.7713,4941180674.4972506,1.0913172949695332e+18,1.2398211248765278e-06,3.6160281524644233e-07,2.3096799850463867e-06,5.841820083229976e-13,130258.29631305725,6.0782754472999438e-07,3.3424104159173627e-06,7.3296418275356555e-06
10,469033312869.92163,70.867291871745365,469033312799.05432,6618473776.5734234,2.5205273887066737e+18,1.5910880968306174e-07,2.483791519125589e-07,2.0220031728968024e-06,3.690485417262579e-13,117685.73687718566,3.6961503964374165e-07,2.5594680353948995e-06,4.6519768489860797e-06
20,468808885545.89825,52.879143558773663,468808885493.0191,8865667141.9957943,2.8875091448534982e+17,2.6778036819052886e-06,2.799356138893927e-06,2.2205495042726398e-06,1.428215185006465e-12,106058.52863829782,2.2941405124108408e-06,4.3455363474443204e-06,1.1067808023604644e-05
30,468619766796.18304,39.456902467360045,468619766756.72614,11876750010.567596,1.1416471467295268e+18,6.476152734080642e-07,8.081364057943574e-07,1.481603248976171e-06,5.743114317446896e-13,95395.827287079097,6.2103851754928681e-07,2.1839291200067298e-06,4.1511597300876446e-06
40,468474119954.40527,29.441610577303926,468474119924.96368,15911973250.388163,2.0180394043423222e+17,3.923792604609844e-06,3.861376967506658e-06,1.611711923032999e-06,1.6175793343675693e-12,85760.602940453347,3.2787779973643465e-06,3.8178360834112453e-06,1.1797978256726516e-05
50,468382011974.64026,21.968486606435079,468382011952.67175,21320631701.477348,1.5346102651500785e+18,5.508226763595303e-07,7.506151860070531e-07,2.562999725341797e-06,6.353060438835101e-13,77297.143814015988,4.3095100176324144e-07,4.4024815699188708e-06,8.9904247399241743e-06
60,468355857326.50378,16.392255529293536,468355857310.11151,28571776256.753407,4.9894052457157043e+17,5.644134830617986e-07,1.4928014024917502e-06,3.402088623261079e-06,9.649997814720201e-13,70276.330085790891,1.3249287369082335e-06,5.4001655366812617e-06,1.1357326541467511e-05
70,468410965399.78467,12.231431602527612,468410965387.55322,38295677940.347397,9.6954369797658573e+17,4.16794824786848e-06,6.924244644324062e-07,4.172325134277344e-06,1.0859761440801252e-12,65121.967353174725,6.8159671805694531e-07,6.1125254010237487e-06,1.5762991362154588e-05
80,468566215555.4552,9.1267439541774174,468566215546.32843,51339910258.026573,1.8649047368561001e+18,1.2330295362517063e-06,7.357775757554919e-07,3.4868717193603516e-06,7.054377698309522e-13,62349.111136313084,3.5427387450673352e-07,4.5847078247322523e-06,1.1100939516534014e-05
90,468844889588.24146,6.8101149490874571,468844889581.43134,68845370906.85463,4.0721708608135648e+17,7.396354249067372e-07,9.072336979443207e-07,5.017514467908768e-06,8.356907288571691e-13,62343.208709524137,1.6367919934533075e-06,6.2089480387258386e-06,1.4030253887103994e-05
100,469275698306.7171,5.0815127336356234,469275698301.63556,92349605895.992462,7.6160692421187878e+17,3.0237713417591294e-06,2.6688649086281657e-06,1.2778477866959292e-06,8.649338298534481e-13,65061.290597780011,8.7928455929864316e-07,5.5465750564679922e-06,1.3561962515923343e-05
"{'distance': [0.366, 0.628, 0.878, 0.91, 0.911], 'solute_3': [15.57, -3.19, 12.14, -0.84, 11.12], 'solute_2': [12.26, -10.2, 6.84, -10.53, 7.58], 'solute_1': [6.16, -6.31, 1.29, -4.08, 14.27]}","{'solute_3i': '106.0 uM', 'solute_1e': '73.0 mM', 'solute_2i': '44.0 uM', 'solute_3e': '90.0 uM', 'solute_1i': '104.0 uM', 'solute_2e': '18.0 uM'}"
voltage,"current, barrier 0","current, barrier 1","current, barrier 2",solute_3 transport over barrier 0,solute_3 transport over barrier 1,solute_3 transport over barrier 2,solute_2 transport over barrier 0,solute_2 transport over barrier 1,solute_2 transport over barrier 2,solute_1 transport over barrier 0,solute_1 transport over barrier 1,solute_1 transport over barrier 2
-150,-0.10864177228839646,-0.10864177228875277,-0.1086417722887276,-44.842895045147706,-44.842895041988626,-44.84289499477605,-27.996497716931906,-27.9964977048285,-27.99649771709676,-678045.6902989373,-678045.6903011799,-678045.6903011048
-140,-0.10789467407082194,-0.10789467407129862,-0.1078946740713191,-42.435338596819214,-42.435338641070935,-42.43533858291269,-30.854901723314057,-30.854901764233354,-30.854901837673424,-673384.112566039,-673384.1125688851,-673384.1125690559
-130,-0.10687882064685454,-0.10687882064691342,-0.10687882064690044,-40.01578514460774,-40.01578521873423,-40.015785174411576,-33.93245983865352,-33.932459886575806,-33.93245991827189,-667044.7166618481,-667044.7166620195,-667044.7166619954
-120,-0.10549594964598177,-0.10549594964576955,-0.10549594964581079,-37.55820320356536,-37.558203200460966,-37.55820336898671,-37.20497634906019,-37.204976423784444,-37.204976574950706,-658414.2057457194,-658414.2057443261,-658414.2057440953
-110,-0.10361824372068179,-0.1036182437207962,-0.10361824372071045,-35.03488081226545,-35.03488072215079,-35.034880608761796,-40.62297196637957,-40.622971802713494,-40.622972063724774,-646694.8236252218,-646694.8236262798,-646694.8236257103
-100,-0.10108582628357166,-0.10108582628362588,-0.10108582628376316,-32.41845419659885,-32.41845443632603,-32.41845466330841,-44.100460482592894,-44.100460803453025,-44.1004608803396,-630888.7298194617,-630888.7298189998,-630888.7298193258
-90,-0.09771042566124731,-0.09771042566114631,-0.09771042566110234,-29.685838538745738,-29.685838671808035,-29.685838334726043,-47.501498249323646,-47.501498276568206,-47.5014985732123,-609820.8775191009,-609820.877518177,-609820.8775182801
-80,-0.09329095348448742,-0.09329095348439005,-0.09329095348413431,-26.824592511666122,-26.824592181915925,-26.82459164136469,-50.62607720163076,-50.62607652316518,-50.626076216729416,-582236.2583488077,-582236.2583495378,-582236.258349329
-70,-0.08764755215562892,-0.08764755215565004,-0.08764755215591494,-23.8414437776416,-23.841444307969965,-23.841444693623316,-53.198090809542975,-53.1980913560343,-53.19809165263905,-547012.4283576459,-547012.4283561707,-547012.4283567562
-60,-0.08067730723366284,-0.08067730723359093,-0.08067730723377534,-20.770720436588128,-20.77072059664514,-20.770721456960473,-54.85742521259549,-54.857425412208386,-54.85742544811728,-503507.2667622715,-503507.26676130295,-503507.26676069753
-50,-0.07242375799533568,-0.07242375799522051,-0.07242375799520478,-17.67721625932693,-17.677216010585017,-17.67721543057246,-55.15201578828296,-55.15201543268091,-55.1520153108504,-451992.87679348886,-451992.87679362297,-451992.8767948067
-40,-0.06313430472067753,-0.06313430472040821,-0.06313430472120063,-14.644881468004774,-14.644881656823284,-14.644883157133336,-53.51023587129778,-53.51023598806603,-53.51023636626633,-394013.98352602124,-394013.9835238457,-394013.9835254134
-30,-0.05326642154942361,-0.053266421550146874,-0.053266421550628495,-11.74246234911707,-11.742463891370171,-11.742464755733636,-49.151329891222055,-49.15133096384102,-49.151332473971706,-332426.8740414381,-332426.87404179573,-332426.87404156325
-20,-0.04341550916205936,-0.04341550916171093,-0.04341550916283748,-8.961300364927371,-8.961301198024024,-8.961302069129943,-40.874886457010476,-40.8748871756552,-40.874887629484874,-270949.37456062436,-270949.3745560646,-270949.3745609007
-10,-0.034180177003204,-0.03418017700309794,-0.0341801770023433,-6.124852775676871,-6.124851698029435,-6.124850190801226,-26.67626059754666,-26.676259572513572,-26.67625863025023,-213320.481045112,-213320.4810476303,-213320.4810468764
0,-0.026024769982499713,-0.026024769983012987,-0.026024769983083895,-2.7665735954153723,-2.766573962441818,-2.766574835236497,-3.1641575146036303,-3.1641576748502303,-3.1641578762064455,-162443.0504012853,-162443.05040359497,-162443.05040209062
10,-0.01920149247550786,-0.019201492475364988,-0.01920149247513881,2.0358853683304385,2.035885527439248,2.0358853849711522,35.20718093601339,35.20718106255845,35.20718118439254,-119898.78254410625,-119898.78254365921,-119898.78254208424
20,-0.013752535791842789,-0.013752535791389535,-0.013752535790414574,9.875883269467263,9.875884723333826,9.875885947270945,97.0358328823744,97.03583426425575,97.03583568173053,-85962.82874700427,-85962.82874846458,-85962.82874624403
30,-0.009567051758365717,-0.009567051758126669,-0.009567051757791406,23.23426352160957,23.234263814911316,23.234264169224843,194.85658617517458,194.8565865145174,194.856586983311,-59960.749322742224,-59960.74932217598,-59960.74932126062
40,-0.006452590580496876,-0.00645259057964602,-0.006452590578879296,45.53020817399957,45.53021023843772,45.53021209779217,345.69625430330336,345.69625617108795,345.69625816468033,-40715.09986975789,-40715.099870443344,-40715.0998713696
50,-0.004193011344457871,-0.004193011343822565,-0.004193011343878889,80.70541037032132,80.70541079021075,80.705410921144,570.7738971525413,570.7738977154695,570.7738979031565,-26905.788615882397,-26905.788613319397,-26905.788614120534
60,-0.0025840677721730974,-0.0025840677718402755,-0.0025840677712080976,132.06769711465205,132.06769755738486,132.06769767906553,893.770999150212,893.770999925051,893.7710006430134,-17288.167143523693,-17288.16714310646,-17288.167140121604
70,-0.0014501558949388484,-0.0014501558953833402,-0.001450155894297364,200.5449227317044,200.5449237767766,200.54492689965264,1337.509813705369,1337.5098130129445,1337.509813380675,-10790.758803606033,-10790.758807778358,-10790.758807612965
80,-0.0006493231881620521,-0.0006493231875645104,-0.0006493231882699482,283.2449530698122,283.2449534669325,283.24495223390295,1919.8413878665924,1919.8413873154532,1919.8413871308148,-6539.534715741873,-6539.534712255001,-6539.534714007786
90,-7.226351212850598e-05,-7.226351282463037e-05,-7.226351198893964e-05,373.55471410248646,373.5547148421219,373.55471454961116,2650.511960726477,2650.511959819243,2650.5119606032968,-3848.704485863447,-3848.7044907808304,-3848.704485763316
100,0.00036153112022065635,0.00036153112068428885,0.000361531119819355,463.18087378272844,463.18087339987517,463.1808707589571,3530.7356301278705,3530.7356327967354,3530.7356323925633,-2200.348812021315,-2200.348811030388,-2200.3488107434673
"{'distance': [0.366, 0.628, 0.878, 0.91, 0.911], 'solute_3': [15.57, -3.19, 12.14, -0.84, 11.12], 'solute_2': [12.26, -10.2, 6.84, -10.53, 7.58], 'solute_1': [6.16, -6.31, 1.29, -4.08, 14.27]}","{'solute_3i': '106.0 uM', 'solute_1e': '73.0 mM', 'solute_2i': '44.0 uM', 'solute_3e': '90.0 uM', 'solute_1i': '104.0 uM', 'solute_2e': '18.0 uM'}"
voltage,current,solute_3,solute_2,solute_1
-150,-0.10864177228889028,-44.84289525651054,-27.996497716894503,-678045.6903015971
-140,-0.10789467407160006,-42.43533897644233,-30.854901723415363,-673384.1125701368
-130,-0.1068788206468766,-40.01578500849004,-33.93245983868867,-667044.7166622579
-120,-0.10549594964581364,-37.558203375312054,-37.20497634923421,-658414.2057443261
-110,-0.10361824372064858,-35.03488047782294,-40.62297196599145,-646694.8236256838
-100,-0.10108582628376916,-32.41845444753934,-44.10046048334928,-630888.7298201919
-90,-0.0977104256611587,-29.685838664345575,-47.501498249685625,-609820.8775182962
-80,-0.09329095348436639,-26.824592305839502,-50.626077200501626,-582236.258348465
-70,-0.08764755215526963,-23.84144261805425,-53.198090811564896,-547012.4283577204
-60,-0.080677307233598,-20.770721075602665,-54.857425213742545,-503507.2667605877
-50,-0.07242375799508297,-17.677216000002474,-55.15201578739425,-451992.8767924309
-40,-0.06313430472066951,-14.644881218891918,-53.51023587242548,-394013.9835264683
-30,-0.053266421548619526,-11.742459772862244,-49.15132990528468,-332426.8740415573
-20,-0.04341550916100302,-8.961298152186725,-40.87488646423185,-270949.3745584488
-10,-0.03418017700349535,-6.124853150939725,-26.676260577893572,-213320.4810461998
0,-0.026024769981209884,-2.7665707811796096,-3.1641575504090724,-162443.0503988266
10,-0.019201492476125254,2.0358828411221737,35.20718097423287,-119898.78254294395
20,-0.013752535791343253,9.87588379037257,97.03583284281194,-85962.8287448883
30,-0.009567051757936415,23.234262952108537,194.85658608986705,-59960.74931883812
40,-0.006452590578736366,45.53021349872364,345.6962543750815,-40715.09986948967
50,-0.004193011343735424,80.70540875375531,570.7738972063344,-26905.788608193398
60,-0.002584067772483131,132.0676948449683,893.7709991912889,-17288.167140960693
70,-0.001450155895056238,200.544923961601,1337.5098131354098,-10790.758806228638
80,-0.0006493231875788523,283.24495353275745,1919.8413877499297,-6539.534712910652
90,-7.226351180444198e-05,373.55471506013726,2650.511960685035,-3848.7044857144356
100,0.0003615311204411968,463.1808731916726,3530.735630026782,-2200.348809361458
"{'distance': [0.366, 0.628, 0.878, 0.91, 0.911], 'solute_3': [15.57, -3.19, 12.14, -0.84, 11.12], 'solute_2': [12.26, -10.2, 6.84, -10.53, 7.58], 'solute_1': [6.16, -6.31, 1.29, -4.08, 14.27]}","{'solute_3i': '106.0 uM', 'solute_1e': '73.0 mM', 'solute_2i': '44.0 uM', 'solute_3e': '90.0 uM', 'solute_1i': '104.0 uM', 'solute_2e': '18.0 uM'}"
voltage,largest element,smallest element,element difference,element ratio difference,condition number,transport error solute_3,transport error solute_2,transport error solute_1,current errors,smallest eigenvalue,second smallest eigenvalue,sum absolute errors,sum squared errors
-150,474445897102.99683,223.03080191650011,474445896879.966,2127266247.6487141,1.6471816464250462e+19,6.94292111802497e-07,9.823253321883385e-12,7.556518539786339e-07,1.0139111772389242e-13,681329.36798666616,2.173910615965724e-07,6.3774441424923851e-07,1.0541242862055381e-06
-140,474071758606.70618,244.6406082012779,474071758362.06555,1937829382.0160222,2.4187864629267743e+19,1.3581500581949513e-06,3.6283864801589516e-11,1.3932585716247559e-06,2.119554531887502e-13,652965.52375728427,3.8629150367341936e-07,1.2298713162151125e-06,2.0189027252614561e-06
-130,473699147354.49469,253.50669382018225,473699147100.98798,1868586348.6133416,2.2492935316527563e+19,1.3670089060724422e-07,5.2011728257639334e-11,2.7567148208618164e-07,1.572353358625378e-14,622653.40145818354,-1.4312536222860217e-07,2.954613064940677e-07,6.2100037605591058e-07
-120,473328348488.20477,262.69409761589992,473328348225.51068,1801823310.0169811,6.7597645316994949e+18,1.9612445356642638e-07,8.670753004480503e-11,1.0454095900058746e-07,4.608813330975181e-14,590723.63730824972,-1.7600905266590416e-07,2.5394431859894881e-07,5.0510226997638156e-07
-110,472959713697.15796,272.21446456629246,472959713424.94348,1737452542.9818883,9.2959912285651333e+18,3.4560999750965493e-07,1.0592771104711574e-10,2.682209014892578e-07,7.099876242477876e-14,557573.33303018555,3.5492485039867461e-07,4.690632560908644e-07,8.238410305725583e-07
-100,472593676735.9624,282.07986167797424,472593676453.88257,1675389635.8453302,2.1896406602609892e+18,4.762736551811031e-07,1.8414425539958756e-10,4.459870979189873e-07,8.115730310009894e-14,523641.41778375063,-2.6698762667365372e-07,3.4243153231023357e-07,6.2876048540059612e-07
-90,472230772560.83624,292.30279328116887,472230772268.53345,1615553403.5782988,9.8844963039676109e+18,2.2299413160453696e-07,2.2104273966760957e-10,5.960464477539062e-07,6.158962229108056e-14,489380.52135181206,-1.330154191236943e-07,6.1516776722767687e-07,1.1606754929385123e-06
-80,471871660928.22784,302.89621687887148,471871660625.3316,1557865812.2261388,3.5944330978928138e+18,5.11490782173496e-07,3.8836844851175556e-10,8.791685104370117e-07,2.0784762799763712e-13,455229.36537662125,2.4976907297968864e-07,1.2533233970367301e-06,2.0727844986059286e-06
-70,471517155496.27289,313.8735595704037,471517155182.39935,1502251913.6101644,9.4234811959687194e+17,2.3954425643069044e-06,4.637925599126902e-10,1.3150274753570557e-06,5.568323580007473e-13,421589.26873752469,1.466331013944e-06,1.4695206752147495e-06,2.2944810928406525e-06
-60,471168259712.26642,325.24873507017969,471168259387.0177,1448639791.3602993,4.566425011754102e+19,1.1980934431221613e-06,1.4996857089499827e-09,1.1622905731201172e-06,2.699229728619912e-13,388807.16205774149,-8.4671773947775364e-07,1.1799063378989556e-06,2.1866363944995936e-06
-50,470826211068.5434,337.0361613432537,470826210731.50726,1396960519.5836287,8.6125549035227776e+17,2.311238809227234e-07,3.99391097971602e-09,1.781561877578497e-06,3.410882687404637e-13,357165.80260434974,3.2830575946718454e-07,2.6083153884747014e-06,4.5231633510722188e-06
-40,470492535678.15247,306.37474191762976,470492535371.77771,1535676644.6649394,1.4780571410241656e+18,7.679689293382808e-07,1.971557139768265e-09,8.940696716308594e-07,2.6913193895694576e-13,326880.11327766062,4.3419277062639594e-07,1.4585200439114264e-06,2.6419870334492673e-06
-30,470169115576.74231,228.6080578606647,470169115348.13428,2056660294.377321,2.9653794401669568e+17,5.49465945809402e-06,5.669420488629839e-10,2.781569492071867e-06,1.314975905941651e-12,298098.31284996436,4.5408087316900492e-06,3.8451473148247409e-06,5.705032873526357e-06
-20,469858271718.21643,170.58078545154936,469858271547.63562,2754461884.2880864,7.6579084092090675e+17,3.8281326766309576e-06,6.729919732606504e-09,3.881810698658228e-06,9.785922072680364e-13,270910.33466092951,3.9234582800418139e-06,5.3630004085415352e-06,1.03059280497227e-05
-10,469562866323.70453,127.28249667823371,469562866196.42206,3689139344.2002101,3.7801569927928851e+17,1.0988087995045248e-06,5.849415174452588e-09,6.539339665323496e-07,2.6451757451084745e-13,245367.95869612464,-1.0138464858755469e-06,9.2893266550657507e-07,1.6389314469235112e-06
0,469286429096.74585,94.974553656549759,469286429001.7713,4941180674.4972506,1.0913172949695332e+18,6.381450913472975e-06,3.449879670824885e-08,3.729976015165448e-06,1.5155515731279934e-12,221509.30361834433,5.023590347263962e-06,4.5907222042037856e-06,7.1483382523424835e-06
10,469033312869.92163,70.867291871745365,469033312799.05432,6618473776.5734234,2.5205273887066737e+18,5.336029524016794e-06,3.8763687371101696e-08,3.128370735794306e-06,1.2022917383891496e-12,199375.7418478374,-4.5332417357712984e-06,3.4306136863244811e-06,6.4315257676044683e-06
20,468808885545.89825,52.879143558773663,468808885493.0191,8865667141.9957943,2.8875091448534982e+17,1.565378227041947e-07,8.028024467421346e-08,8.940696716308594e-07,1.4077801424594583e-13,179024.98567418172,5.1615643315017223e-08,1.176811038403277e-06,2.0473943264376349e-06
30,468619766796.18304,39.456902467360045,468619766756.72614,11876750010.567596,1.1416471467295268e+18,1.3475999622869494e-06,9.960942293218977e-08,3.0547380447387695e-06,5.026118410356162e-13,160548.70380348389,-1.3461467460729182e-06,3.4678779655875803e-06,6.1925773712362409e-06
40,468474119954.40527,29.441610577303926,468474119924.96368,15911973250.388163,2.0180394043423222e+17,1.1207105352184499e-05,6.229640803212533e-09,5.666326615028083e-06,2.682761998662464e-12,144098.7955917473,9.5921350293792784e-06,7.1544570979461735e-06,1.2004734787530655e-05
50,468382011974.64026,21.968486606435079,468382011952.67175,21320631701.477348,1.5346102651500785e+18,5.182033575579226e-06,3.9171709431684576e-08,8.106231689453125e-06,1.7127809587291765e-12,129928.88539294209,-4.5495107769966125e-06,1.0397337085313142e-05,1.7188012338589798e-05
60,468355857326.50378,16.392255529293536,468355857310.11151,28571776256.753407,4.9894052457157043e+17,7.196513394092108e-06,3.82351572625339e-09,4.325203917687759e-06,1.612446721283023e-12,118455.11414545258,-7.9392557381652296e-06,5.0845487976813983e-06,9.1262330297325889e-06
70,468410965399.78467,12.231431602527612,468410965387.55322,38295677940.347397,9.6954369797658573e+17,1.1940522881559446e-06,5.706740466848714e-07,1.502070517744869e-06,4.3665787131941247e-13,110305.00823908433,2.3348038666881621e-06,3.2068744802930492e-06,6.8918212234939102e-06
80,468566215555.4552,9.1267439541774174,468566215546.32843,51339910258.026573,1.8649047368561001e+18,1.6124183161991823e-06,8.549091035092715e-08,1.1249521776335314e-06,3.2783422244248017e-13,106239.78540914484,1.689695636741817e-06,1.5352557892357525e-06,3.2574439256388699e-06
90,468844889588.24146,6.8101149490874571,468844889581.43134,68845370906.85463,4.0721708608135648e+17,2.700719335280155e-06,1.728767529129982e-08,1.5083642210811377e-06,6.262087745047273e-13,106804.14202793065,2.4200562620535493e-06,1.7823542003870233e-06,3.5079223232731271e-06
100,469275698306.7171,5.0815127336356234,469275698301.63556,92349605895.992462,7.6160692421187878e+17,1.516120050837344e-06,3.4098457035725005e-07,1.959502696990967e-06,4.242094414456943e-13,111812.9742222963,-1.4180404832586646e-06,2.5761502271055784e-06,4.9072264073912741e-06
"{'distance': [0.366, 0.628, 0.878, 0.91, 0.911], 'solute_3': [15.57, -3.19, 12.14, -0.84, 11.12], 'solute_2': [12.26, -10.2, 6.84, -10.53, 7.58], 'solute_1': [6.16, -6.31, 1.29, -4.08, 14.27]}","{'solute_3i': '106.0 uM', 'solute_1e': '73.0 mM', 'solute_2i': '44.0 uM', 'solute_3e': '90.0 uM', 'solute_1i': '104.0 uM', 'solute_2e': '18.0 uM'}"
voltage,"current, barrier 0","current, barrier 1","current, barrier 2",solute_3 transport over barrier 0,solute_3 transport over barrier 1,solute_3 transport over barrier 2,solute_2 transport over barrier 0,solute_2 transport over barrier 1,solute_2 transport over barrier 2,solute_1 transport over barrier 0,solute_1 transport over barrier 1,solute_1 transport over barrier 2
-150,-0.10864177228886421,-0.10864177228889028,-0.1086417722889656,-44.84289504474929,-44.84289525651054,-44.8428957390414,-27.99649771688468,-27.996497716894503,-27.99649771689019,-678045.6903018579,-678045.6903015971,-678045.6903011022
-140,-0.10789467407154417,-0.10789467407160006,-0.10789467407175612,-42.43533859713074,-42.43533897644233,-42.435339955280796,-30.854901723381868,-30.854901723415363,-30.854901723418152,-673384.1125705466,-673384.1125701368,-673384.1125691533
-130,-0.10687882064687623,-0.1068788206468766,-0.10687882064686087,-40.01578514519093,-40.01578500849004,-40.01578504174951,-33.932459838740684,-33.93245983868867,-33.932459838701334,-667044.7166619822,-667044.7166622579,-667044.7166620932
-120,-0.10549594964577004,-0.10549594964581364,-0.10549594964581613,-37.55820320567137,-37.558203375312054,-37.55820340179582,-37.204976349320916,-37.20497634923421,-37.20497634928461,-658414.2057443932,-658414.2057443261,-658414.2057442886
-110,-0.10361824372071225,-0.10361824372064858,-0.10361824372064125,-35.0348808105794,-35.03488047782294,-35.034880464969405,-40.622971966051836,-40.62297196599145,-40.62297196594591,-646694.8236254156,-646694.8236256838,-646694.8236256639
-100,-0.10108582628371242,-0.10108582628376916,-0.10108582628379358,-32.41845420330618,-32.41845444753934,-32.41845467957984,-44.10046048351752,-44.10046048334928,-44.100460483533425,-630888.729820326,-630888.7298201919,-630888.72981988
-90,-0.09771042566121645,-0.0977104256611587,-0.09771042566122029,-29.68583854640069,-29.685838664345575,-29.68583876939482,-47.50149824990667,-47.501498249685625,-47.50149824975597,-609820.8775188923,-609820.8775182962,-609820.8775184705
-80,-0.09329095348429346,-0.09329095348436639,-0.09329095348415854,-26.824592517718372,-26.824592305839502,-26.82459200622759,-50.626077200637674,-50.626077200501626,-50.626077200889995,-582236.2583475858,-582236.258348465,-582236.2583477664
-70,-0.08764755215549189,-0.08764755215526963,-0.08764755215493505,-23.841443803231485,-23.84144261805425,-23.84144140778892,-53.19809081202869,-53.198090811564896,-53.19809081200583,-547012.4283567369,-547012.4283577204,-547012.4283580519
-60,-0.08067730723357866,-0.080677307233598,-0.08067730723384858,-20.770720434319017,-20.770721075602665,-20.77072163241246,-54.85742521327764,-54.857425213742545,-54.85742521477732,-503507.26676175,-503507.2667605877,-503507.2667610372
-50,-0.07242375799542405,-0.07242375799508297,-0.07242375799538103,-17.677216231126355,-17.677216000002474,-17.677216038553297,-55.152015785447155,-55.15201578739425,-55.152015789441066,-451992.8767940998,-451992.8767924309,-451992.87679421244
-40,-0.06313430472061791,-0.06313430472066951,-0.06313430472040038,-14.644881504428911,-14.644881218891918,-14.644880736459982,-53.510235873325726,-53.51023587242548,-53.51023587439704,-394013.9835255742,-394013.9835264683,-394013.9835257512
-30,-0.053266421549469284,-0.053266421548619526,-0.05326642154815431,-11.742462603770004,-11.742459772862244,-11.742457109110546,-49.15132990538346,-49.15132990528468,-49.15132990481652,-332426.8740411997,-332426.8740415573,-332426.87404398125
-20,-0.043415509161981614,-0.04341550916100302,-0.04341550916116103,-8.961300535168803,-8.961298152186725,-8.961296707036126,-40.87488646573149,-40.87488646423185,-40.87488645900157,-270949.3745597899,-270949.3745584488,-270949.3745623306
-10,-0.034180177003280604,-0.03418017700349535,-0.03418017700354512,-6.124852531529494,-6.124853150939725,-6.124853630338293,-26.67626058055016,-26.676260577893572,-26.676260583742987,-213320.4810460955,-213320.4810461998,-213320.48104554586
0,-0.026024769982274668,-0.026024769981209884,-0.026024769980759116,-2.766573889244211,-2.7665707811796096,-2.7665675077932974,-3.164157518917065,-3.1641575504090724,-3.164157553415862,-162443.05039928854,-162443.0503988266,-162443.05040255658
10,-0.019201492475523996,-0.019201492476125254,-0.019201492476726287,2.03588569632894,2.0358828411221737,2.0358803602994158,35.20718093923904,35.20718097423287,35.207180978002725,-119898.7825448662,-119898.78254294395,-119898.78254173783
20,-0.01375253579148403,-0.013752535791343253,-0.01375253579148298,9.875883757883251,9.87588379037257,9.875883633834746,97.03583292309219,97.03583284281194,97.03583286088542,-85962.82874578238,-85962.8287448883,-85962.82874546551
30,-0.009567051758132867,-0.009567051757936415,-0.009567051758439027,23.23426381652446,23.234262952108537,23.2342624689245,194.85658618947647,194.85658608986705,194.8565861061652,-59960.74932189286,-59960.74931883812,-59960.74932102545
40,-0.0064525905799964,-0.006452590578736366,-0.006452590577313638,45.53020768537076,45.53021349872364,45.530218892476114,345.6962543813111,345.6962543750815,345.6962543797563,-40715.09986573458,-40715.09986948967,-40715.099871400904
50,-0.004193011344182899,-0.004193011343735424,-0.004193011345448205,80.70541142676136,80.70540875375531,80.70540624472778,570.7738971733218,570.7738972063344,570.7738972124935,-26905.78861629963,-26905.788608193398,-26905.788613873017
60,-0.0025840677716047183,-0.002584067772483131,-0.002584067773217165,132.06769924745473,132.0676948449683,132.06769205094133,893.770999192497,893.7709991912889,893.7709991951124,-17288.167144283652,-17288.167140960693,-17288.16713995845
70,-0.0014501558954928958,-0.001450155895056238,-0.0014501558952942297,200.5449227678979,200.544923961601,200.5449239619502,1337.5098137060838,1337.5098131354098,1337.5098131511913,-10790.758807137609,-10790.758806228638,-10790.758807730708
80,-0.0006493231877777504,-0.0006493231875788523,-0.0006493231874499162,283.2449528617811,283.24495353275745,283.2449544741994,1919.8413878354206,1919.8413877499297,1919.8413877819403,-6539.534712895751,-6539.534712910652,-6539.534714020703
90,-7.226351203334721e-05,-7.226351180444198e-05,-7.226351140713843e-05,373.55471376010945,373.55471506013726,373.5547164608288,2650.511960686478,2650.511960685035,2650.5119607023225,-3848.7044845446944,-3848.7044857144356,-3848.7044860530586
100,0.0003615311204226942,0.0003615311204411968,0.00036153112001698735,463.1808739553395,463.1808731916726,463.18087243921946,3530.735630343454,3530.735630026782,3530.7356300024694,-2200.3488113209605,-2200.348809361458,-2200.348810480238
