voltage,solute_1 transport over barrier 0,solute_1 transport over barrier 1,solute_1 transport over barrier 2,solute_1 transport over barrier 3
-150.0,0.00000000000001688226309335859432784596185841390354030229010494510971202055466808060233678661944418478339527586669,0.000000000000001560725375149405094114914859759807789647456937717241639334428588173243760619502457656655648845051703,0.00000000000001506590816842977620295587551495740166689814835074351450317498813526772355446631956108395981058030936,0.000000000000009896282612863140001345629768196588642594052588785128139537606464954145481708542966417297633498927822
-140.0,0.00000000000003387437359424925329787589903155246436766333786124268328977497432146821592549200102195154294904242395,0.000000000000003989640610036109151755900897425382377915309476344416833082604939477180229031173488916478684027913797,0.0000000000002176755200360846566280996363251700193263670669114117984618013415457252957825961931681777579700404137,0.0000000000001921068314774712937931084208749746468007549176022662659065137511222824636930104332433852655250081646
-130.0,0.00000000000002991995670119996015739466831890191098883188286664789330073165869867841034327458590196818454192348338,0.0000000000000003991985841503116196167729526412356672218679534864267238443365028904124077642660116796388014570839675,0.0000000000001510169377436323068989639328177265448618114688018956294265766997622968222032475948834236010466111782,0.0000000000001610767496355457611291244110276394783145113308251660028909521451747989200745600250001950645721918933
-120.0,0.00000000000001318400345112119109560183326043645903439710425280538388005701164151253836895684521853350795287087893,0.0000000000000006482379002598084708688242781938244630652060291913796334592258006778462040977462076684352115135920243,0.000000000000009970452430093282105411680498936494181451314995371792356714855468074368215620930039500824667654524291,0.000000000000005887723260631399215744073345856810636346384166311365812821436953022688845406303565771725560292193786
-110.0,0.00000000000002511302213167377858356064874560941635911017674170218029983890274016147878580005347904328584692083362,0.000000000000008908702808339083986495968533748907192728939961996929958153055009064366098430178970739619726580444287,0.0000000000001987146370719858185970939011875096915671598790182777223760401655878539316344902539663210122856969095,0.0000000000001962695439038124095828187849559336313529619958876217288256711337167596717352129271843468570821739112
-100.0,0.00000000000000401380725821173259518170273552878833156823678596224657177873216530373612288030829152785577222141344,0.00000000000000981843409316926697128895480310149516589407349603451694173750527688664845017428313781898675377749063,0.0000000000002081441568982889080155214064116787296426029370081569081197304786606588054282617029873497118080183577,0.000000000000218623127619032089505271904547004701989165293282396880478454900965348490710878817688545217227094725
-90.0,0.00000000000001522547590318037727379507263805814295640796930829168082996796802196097797346665263655947937489923571,0.00000000000000657078319596544022488596348341987952444173174212746167617883037179356741437694597632853178910794212,0.00000000000009982569952198032916771409425058982636765472562898905767273647076182237048846215878973636547009975503,0.00000000000009186168177421551123550371566774208738426733486056667868010590981025820967367315159766886621027948521
-80.0,0.00000000000003387617378914800349017422064784620915640492097261674675646660512733907710012281217583392459987962926,0.000000000000008249288508239586098622781856164199676775751249827942125605572537513457735997988987933115427484168955,0.00000000000001719134352327376763654320693164236274584229527051271853838374623751532251049792687792298488221912165,0.000000000000008389008117849495185152788497968545974729916000151141757055231501575986873099550514659403506190406727
-70.0,0.00000000000002566258808698861287253914644685982436412848554283383174772342488237165949592344934361538488267731222,0.000000000000008079697633804431524457457548889806591802301660218879247369214938729127114103660046772498558867947883,0.00000000000002475441062452420381009410327513157342742641466573303414330064161596522010476329940334375059607596643,0.00000000000001483431834222065866646363170702298627268071739278586031037485516752565137055243080307578195192305698
-60.0,0.000000000000005299654149561985295023053247712866313698699001486618917577942644722384165034638698055874500824594256,0.000000000000007973708763379377925327577723700031991946952279217346070139658941217883859613706612436916685344083102,0.00000000000005622745185237384733521047418539709191799175049429288458097863504551425463855381622515605390921225635,0.00000000000004833329390941398394626509892345152608358144210103210540407290357598135839231558980110362734893407871
-50.0,0.000000000000001017164386313793878601843682777942022706482077923945310509119256280893171035552541324501067676654027,0.000000000000005130498436522205928718448556613295087276766936296838473275875162470388861433154760870376580376282176,0.00000000000001226459295991147534426737834802781900801674447894151564220666586330750272723076021711437010730175984,0.00000000000001946015285482179330056272040095165335265622912058629666186410251252775328796117898830418480369572543
-40.0,0.000000000000002246104899453600800874219755615708697756858309478502220396070457959205065660729097111617988777892193,0.0000000000000005482872927445809297259130804712172613264366969854904085971088232913776763705014941834160407101542137,0.000000000000002644081436893217227676012707536411730638907951833484880341993284222328752413428983195467593662906967,0.0000000000000005482872927445809297259130804712172613264366969854904085971088232843916958900060396688858666649693971
-30.0,0.00000000000006003343579294884879550177289820798460706516643289746390857025745565397753887572263748454243337817826,0.000000000000002985919189222968765300061049493391152379698875935054387674502428923330860308150121059206411037952942,0.00000000000007690575358572304691255773673423182201781170535887049487524049322203082973436473248542447674471825906,0.0000000000000712051935136387561821334657486144930612817835456839499120944074882796409406210220738555740802203355
-20.0,0.00000000000006085617607653428530049210109510171538603635671929098476149031800212506408011202546547279512555939398,0.0000000000000189656368936067758341006933677213246351779651403529646856998481667908459655295809216762702282784599,0.00000000000002818713112786077554508113172680818030015283866168414036137733979492475499471313732224469546477257135,0.00000000000002413526244917341203571093911448213765948206090231135104933722983711141001876785296304651724004833228
-10.0,0.00000000000004881071121361668580611294366199715762816658186065155425598030895479256800064570661385638342541934858,0.000000000000004562179657368585248349593507263128190324352762810704957789415317093562372150797677851842158212548983,0.00000000000002926460663640051174685476777827155366862068061995239979808912016335569979218737155817265345673069806,0.00000000000002723168631657633453784317114001831503338758350274984516049658223623891486687915584664277235318580189
0.0,0.000000000000190713026406730529876537276940393317130935608067166323672401589046549980315048380271108662724918872,0.00000000000007258480855778549882140230321700184093036628108787533706625601209861514663817561338305920601578361011,0.00000000000005845415255003734403173844436777896838241870459668094148072683635616094980744749369317036943540068651,0.00000000000005550603007360067598024767190096930932912316143292319291585680432011831173201912652729835935919733759
10.0,0.00000000000002194329909284127561268241974772380765582244770301673911012699044647218702758505195297278144513990655,0.000000000000007307669986203298798664224018718532945123690106661577715775213960929245896676977188882522854985127423,0.000000000000006517585384697205313479933187821533237440911937819025816168540533064998200003031617935945858270959252,0.00000000000001526403294627751413025834896477361148937162530805132274491719168337932218256078336761688546492304273
20.0,0.00000000000000352922025358858709723037596277842933544255966168217597769524504726935912734132988891275057910207174,0.00000000000004285769013690122963073182911626454158534013744562010166359153102149031439037709793816129227610791666,0.000000000000006672911469811541544155525403376221039411266543954167685312571738683250692606959758730119066850237538,0.000000000000008803635516362655113738126690892502083212278986382962064919870940629834052925277629627209524585579156
30.0,0.00000000000007944747554824571636884619577692190270779635849030605269850037051214240113913769716920040224170370038,0.00000000000002569035575083319532642614034269966456993147080345499449824408408908431563931189868158996407048761002,0.0000000000000203472556156318486852110481318324406059658144280392840644185445695190350356526253172191114197244084,0.0000000000000134660648423438261736082210229683854317232004746217022155228405894394750334007199851072466963985872
40.0,0.00000000000009949095318795032502575884245144073207385552453442544570935870944548647046882804912196161097676765518,0.00000000000002430062092642912563982704218721008791353444425192942775503913271392133098363596152673866588025045981,0.00000000000001396136981529585323660655069368846186492625272801265502776436937329417483812040833234566477466913731,0.00000000000001088753840387785333294640457399284330993462822090226313587187216391154784140555922676477526004672048
50.0,0.0000000000001491115561395335195978902929359921551290435421443540586821494376289136506250728064202254140832119144,0.00000000000001575758320015920250751754439313647645687086323702150642844813996487073115476979846049142072851719349,0.00000000000001568772339535424796425254107223430330789378086185990661272331048284645256669951314580112455673908505,0.000000000000007444266428369611858982149205777871728598060592791128357193431603150247497226887446544093594511568241
60.0,0.000000000000209868544649698007961187175130980432535715016496240813514896862011572486971370116817182896280942754,0.0000000000001907968179379454176498412685246871628649715280771240638220184134170372597570069680983107355470034105,0.00000000000002262488574119071202474387683145180726001512804156337321733565418847599716562826836459926478928703864,0.00000000000002737535246792762096676410265279958139045672955255216068662405896660198782708136036780115043994348419
70.0,0.0000000000000160437153815692494566678361317375455751896924286412582399997758902932879288926672286565338964986871,0.0000000000001646355202017075629813298996906598334494439043973640662867120841707930252364033539672322706498415909,0.000000000000004075908402257659003653120288088321330210031617899488688751114934710907813732193027616491727678954926,0.000000000000002399273086938749965293040586436165754760054614021093111355207365960558168513454672649646830008224241
80.0,0.00000000000008326705578625086557853156852568262548320216021186781647392104892344312706552481287365010388188996523,0.00000000000003179204272750926717892890100019655088205251167928708002487310798204961733761110672608346225215239667,0.00000000000000280022373345313172395252282579469405656332598722315649906887293907482138903708933265333214316127351,0.0000000000000007044295893044954260024231987294995872508547323751620273239884781368843325136663891151560857959220247
90.0,0.0000000000002090165744321242802909142848206864582188344780065695696506449511766888911333324941298297227937253879,0.000000000000121691818425931101209660133692970021997481509054569799994608098637608180444856538199469836968069486,0.000000000000008387138120894258349776049826876381397845873496329056885024396904606446196697245858917432137354601831,0.000000000000003916110613377167580815837289137299863312601485986668678635310054605513809447276912523449927785369513
100.0,0.0000000000002817065313579060420735699033216670555154706780533215140779759232395803961122338482827856764516517724,0.0000000000003129338641057207229130263877649384531082264997505566317069747017075556582544328502457259391230071548,0.000000000000008421237997070176105988888385058032186352425992802520627240915636261357079158667839523597521590455906,0.00000000000002365067544455026653775961234173177866335638377803128045525374271907703302322887456043142185875887954
-150.0,0.0000000000005660212664485288241623246204413584798973044817743756785257173763742711553707128776461548986483128373,0.0000000000006809428743170946303007032993055982577503976418261776715296882140744581079166229842324574269773206385,0.0000000000002229341480414870930880004092052243055524538216050714662232693642352785374167294258398456317063077813,0.0000000000002220925248876473745076736788912370037029785070596053683729780004741111796896963523884838935036823129
-140.0,0.0000000000004519954530360332186960468289753247926489853465892448664015991020294372614930793637082028089046811207,0.0000000000006456274148280055830566929989690307080012798625245138689601963888264281322017162456110136533061115293,0.0000000000001372963972898086395988891971067293591750761605296783181308340706739727180742637456163435050015444428,0.0000000000001381207268171995968385242822772785657810691055981827838335167077825396401254252923280624933066938998
-130.0,0.0000000000003157619729570762456732830186889819681012006284683552068189248073578995265504275953861495342798200031,0.000000000001361795791421153872975258928114569595538122391620945041845437602595549921158347931485265236592479348,0.00000000000007946944817399022805035703030248640898545179292561283332218223289054069780935418757429823079007129146,0.00000000000007767523442993123895359884667078402747415595969084349800777684268048590202551063438212097432305552837
-120.0,0.000000000001742045531555275535946587700606605021558902308618480019447864544535648007239832295875811807551723557,0.000000000001177999493573550441504671643086930242678519842950712831732904163559030884800527747745709789735833991,0.0000000000003224243598317314124702804101746099072576599273687616817129014294555877461371884574398173776430741955,0.0000000000003239663748567459653486187687978400664681712057311738815413462226481561223772563911632322202464532529
-110.0,0.000000000000267896760153849965520689354718853409422463812924134022210659287416279801256752938915440584935279099,0.0000000000006864673713130572652860954952086511588588640409342381148953770059393704294348936691529048852803962149,0.00000000000003862556297275781434676596057828557495108417893872844742585032762707879181799259660883765252325443158,0.00000000000003619724959224424275798078835385303451210146488203260003245829348737171055811459797008750976373509043
-100.0,0.000000000005278867646221693627032520743005968977684463784649196577843843035337031954948876583221113752780341774,0.000000000006146409622701493266720854215721116073328979583711540609363785867147265030315318724928112111733473967,0.0000000000005781377594447972384138564366081280849244306727163791742796996764080799552999865702245319490281284519,0.0000000000005771938156678023485677708058621320528843513387655567528893900132855248003468189321227562259364569643
-90.0,0.00000000000230815161521334019761345665966934142092967206007366943860499228772223892832965945604902966529860989,0.000000000003426162948092699921652450626512901293010505783796985741324659471748262839362389034032695474023438405,0.000000000000194416273864600397766466899400520469755465938326185988582011916716842865221390051185094888953962593,0.0000000000001951584586663597386378166701397387239549176283791227015835531022254080198582147556198257791527062689
-80.0,0.0000000000009378153706090807688756746472948429007636334577766491086823466775619458629877539364919837359216277186,0.000000000002946614196186450168049355100491589558269867952511569987999353435637784768862956307092610555719850461,0.00000000000006096361358375649498638090768614947385771370957828088300332053937216716787300293436615350630671900162,0.00000000000006130228043504473790825895841181217237591011183544617922732476965278835026557669101960873912401918803
-70.0,0.0000000000006795030821331588436288075874499584350710772725361366515155877318965495262867784942648965467878938452,0.0000000000001672649255750662355536871567101767493402421923260467626893722084453836582494813926678512366215196394,0.00000000000003367886693607186260268327579399019979038897007950576914012911967298973660510096098945491698934468635,0.00000000000003493986053129404369478240083635131129431174444129144656993210476037499741901366292231225673124763808
-60.0,0.0000000000014615254245005434142624192195280750335155181483502928220230997064331892181430117168332500461882446,0.000000000002076169731200269398011307025890376812284733308694968734949926151887917170905601437477244949102284824,0.00000000000005581015443608963413057081358730242327612877298124446243840649229634581882043881400535029784131856198,0.00000000000005638660865104834548695898503523893139220775554663220069203071405058237493088438466588150092517757145
-50.0,0.0000000000008988111755277545303981022951651270841654192054784566276065820309660606280717783229760612257255191573,0.0000000000007201604871837863140180772163645559598424033294130062576970447658073072081146068856943649826519563409,0.00000000000002636181109254227714513861805747241038409287555852653581944237072397214443645974377723150898383900519,0.00000000000002632578270410735768536435734197637862683793914818980217859085686432515400186991171733892464246068285
-40.0,0.000000000002236691333347034534100178975713550889787046410164519612006592592965794381132430386715617057484193633,0.000000000003151163888602160262090464456433828952431842377331492884099717378342811080840522549068425184178000715,0.00000000000005049884966695753074921402612103315602808172724234211017006175854666134133107976522156370455137535412,0.00000000000004974225350982422209395455109561648912572806262527070371217996749422586143611995372275726772268602182
-30.0,0.000000000002579767263543709280394549312724674626155467033243329361683472783800826665819598917712065100958698667,0.000000000004403308115788722817408981166840825987856818506026765859741995275608892351700356016815841848843890411,0.00000000000004497289071704320307989233259223095338116033260838984163101491867677244406669570586746246121901059606,0.00000000000004425232294834481388440711828231031823606160440165516881398464148398395460632572642739371307882704969
-20.0,0.0000000000002377893145777416346187589507408189534671543036366264766229586881208095590132408474123599230068685194,0.000000000002815116109658140109030273494464946740456285353485204208576854151312451928815387284843029585269220707,0.000000000000003096490498129873431948193065649375539350535874774646110262977430791325639201993597247320734795938531,0.0000000000000035288311593489069492393216516017566264097727988154498004811437464687427220361715947941867826342364
-10.0,0.00000000000100689045773989637737135004074091759623645304830049141252636217553509018898195927999459067730828768,0.000000000002692216239650154396571546140667654984642378073792624960980268821400890371747267668560089741469027221,0.00000000000001019094777787997205602995771205891107040181550549926871187408209603349838544445941550055913959056566,0.000000000000009614493562921260699641786264122402954322832940111530458249860341796942274998888751311024455039210432
0.0,0.000000000000198997386352488051804587077522007859342023476345074203115425495897995505922984268093268842805705738,0.00000000000150175871810631996629916425818366727363450471001077404692113776225768372843286627872070986020542701,0.000000000000001608680453143500218496586359896965053462456409858709145803674576333226189761306696038039683587657806,0.0000000000000009601694613149499425598934809683934228736010237975036104764251028098948878230558074162791228692455979
10.0,0.000000000008227185180649524026206359293133897367274793766377635234596772000249733994972185102935877274033765518,0.000000000007239430883317772117035227517094690710373457140585745737011668024365395099723699773441628603290817009,0.00000000000005019294871948217909094304921741473501782676284557181647513119655225476442956975056233869907548822095,0.00000000000005048117582696153476913713494138298907586625412826568560194330742937304248479253589136892032785232663
20.0,0.000000000001731963611820019257769337678602730560548894265274975154595278993502069788872316333310539161474427756,0.000000000001924485473663086875800833815658540419740092146979448588143159593620405619683938385890049823949406125,0.000000000000008063436032850971488357836993619187835514608347912763969434371660974830507638714456958120483727128544,0.000000000000008639890247809682844746008441555695951593590913300502223058593415211386618084285120135839143543514834
30.0,0.00000000000839113693773301525094774315023392004876689466675614030131759591942165863731724190021246128573897164,0.000000000006149738836419805819471435517794792366422790706887267036663215683511369340877251769916024457222454321,0.00000000000003049885892940847128569909696350320957449124945534824772376877137802828872351701182038508306027578997,0.00000000000003049885892940847128569909696350320957449124945534824772376877137802828872351701181869458346592111264
40.0,0.00000000000704632097598664259524134509911992378748246762479588323620240147045260440727743622634421251377056347,0.0000000000000008318018836037366040508519038879315830942370692169143537094750892940429196651349051398098792341877532,0.0000000000000192783367622825000084723382378561912976216791616245384696845712248638384539233961421054150179159053,0.00000000000002014301808472056704305459540976095347174015300970614585012090385621867261959175213647384822075037669
50.0,0.000000000003643416879491188137397445829770097780846595250086056156285860181166571554964394842069730212452209822,0.0000000000004015104313402653079899181280061681995329071751660896851849400630594595593323111270298742989510819526,0.000000000000008276458718508627482523250045697007484739556003918745860178576483452265680683918519277817355730827582,0.000000000000008492629049118144241168814338673198028269174465939147705287659641290974222101007517678313639492315844
60.0,0.0000000000005623892146747065722122536162323796909183127749374387492042656288597980570114514444738877609376886307,0.0000000000002769281223051771626889240119631761260926858402671081480726012453086276397972994416696338087188802543,0.000000000000000950666893694100818086931263572865519872937087728459150005080467876401921482486428679120247410251419,0.0000000000000006624397862147451398928455396046114618334458050345900231929695907581238662597010968140890953810124066
70.0,0.000000000006983131094754311446484696017284965440733835136682400952939455209770810758545944286920521378114015606,0.00000000000344226107937042693987035289833496433771868472878821873005267308437276485013402648753586970542313972,0.000000000000009979100463555695699308860494798642449322109677598736339384946311410556296884824628489586118912276474,0.000000000000009979100463555695699308860494798642449322109677598736339384946311410556296884824627936461645478323479
80.0,0.00000000001157268174262015131989962023533176801663338435536844350880392003598809101269864395558334239368430759,0.00000000000003783290129633707857230956212224061389294322195980105378324273371460324268277497902381776263993625427,0.00000000000001188627474385177591617022526228321111886902430489137059184639258829972184315549071866240847675454198,0.0000000000000126068425125501651116554395722038462639677525116260434088766697810954169812124540475344023801807809
90.0,0.00000000001817278115837493984454578243080164094189156305520853080917679981736712158709431242831113512827049261,0.0000000000001744394318265745197160993976040162876155299073898731853945360957162484287074823873385336857161192518,0.00000000000001362875580370506030554153728526948525523815456787641985036625160342800232538504168910625470293994555,0.00000000000001506989134110183869651196590511075554543561098134576548442680598901939260149896834741249564679362386
100.0,0.00000000002126784152597400032340514541695753491285311164463163933534895024732586196996922047362641811199246461,0.000000000002048137431481865312228024128444433687634734186397711286700366683886285552575837589992986333201812865,0.0000000000000126863869955277868596887979285828273476284848634529700062260875094025422670775326929415465075837507,0.00000000000001340695476422617605517401223850346249272721307018764282325636470219823740513449602176921854489232641
-150.0,0.00000000000005460742951352485107998698535112503044714721092233389242006736062859937882452011973581839130775676256,0.00000000000000004854758586681973950112650072901598402369739446945944486175060755801875771053245492459559140351768455,0.00000000000000001149743154531063217642154854519884314594930513702597328153872090808582626288634665578899586433108003,0.0000000000003042574561939023278376096176478033632964897174004984080832520200167305729874959362833556683484891639
-140.0,0.0000000000001081267760927347759060293358515452447699173728086998836172448149882300960018411387659208585287968932,0.00000000000000007434528392415385691224894058987378978597988218683987696255490745876210824131139987910105811154460716,0.0000000000000000243001018243460394151514260749077119927254100238147385585632750212668511435909169587725590346034228,0.0000000000006096149061484428936874329624282165973566862745053228672923345346910890920274774419175800432591935006
-130.0,0.0000000000001121468808782881309119303466112632957143459165710467797689334430351331348594628022243624716689490826,0.00000000000000005795648081534899108203132354893292841923569717238214218539744114447168832847588549414617400484616259,0.000000000000000008633787941099042918331140216542177529883051067054834424838349904457208636024726905500075654291135809,0.0000000000001062926035372270090815839175019535158983166589759467081922000418364800150703990995446445880721343642
-120.0,0.0000000000001187829131973442335935312497669753578287497329787333527656779348667470016057589115886273061167173299,0.00000000000000003960233504127143177444318083880747026126688550797514317019573007256127429115237852472211550579442273,0.000000000000000007575892925402431686487429305218465372026949897120542513817313722235184545105251300341138829419871907,0.0000000000006925753845840674136993367660508524943011012954539008598955191160350488566167307366067749977074764647
-110.0,0.00000000000008687308139060366274257265244117879867301054913873050134468567568537157544048021374693997299313712932,0.00000000000000009783740105202846295015778614464885171057761986316359171582450302129076266666389945113579851580858497,0.00000000000000007639275197626761592246205426100069914998951286084737095036402856911055410472861251511571996150945769,0.00000000000003794764301976992346683312456078363812114858647895129324275356190920864064183211883569950010299984397
-100.0,0.000000000000005304712513780894675345549238693713479461334438769021498337722782233946261709983472167456218113207669,0.0000000000000001529506760002408932030145256947413472083387933204566864719679663884664389192956714349128228033710838,0.0000000000000001472744110604109651847257206763327886398947047119704042444786759420564809477983357338554154151574653,0.000000000000005304712513780894675345549238693713479461334438769021498337722782825818576200978759055004031193730439
-90.0,0.0000000000001834279740747293603742952187986065734039897448109345703112586209396536420559224978538578310619369652,0.000000000000000151280748739281252093646255007637544923488315638989539250676034200568361813824104729280393051629702,0.00000000000000021327828554865314737718118701438104860650950340038621376215203148649518373907576083725141546583329,0.000000000000003815979330276475448030064143467270678785311479789511302359511740743738096505003441662090227679003454
-80.0,0.000000000000378480269026964062233942991565208055048877160327920477299097599627055006430046991264973105399451981,0.000000000000000296567598199778816246720695669263628790573653990930081230760621478058733464359427117038258154448366,0.00000000000000001778716021488780488667618118183764550292826296081921127977445359971602215920070491270386862267576845,0.00000000000005841156659351167426130215410035575706798434363026788835562864638662051028776949859558862930723396171
-70.0,0.0000000000004153461430746577660828197141615172105069590780547768811837542336326383688017071597865634127930695213,0.0000000000000001348476697762459325749534303216806288521502759302147229085272897010167479374362565631713674546114254,0.0000000000000001439327682086450787850910841657453544354951150998961470424588781751814984601463796178759249593774105,0.0000000000005401754453446616566310365694562331065621424489152596022594996554211511410285111791413363251970074051
-60.0,0.0000000000003807713748100266027519264459640393080053972223841426973849412634612904453930937054153911202945805359,0.0000000000000000427034773345187658943608257845851655263817629887509681058418594963550941165414119680503954468605137,0.00000000000000006414812641027961292205655766823331808696986999106718887130233394853530267847669775648821678542687952,0.000000000000368182994160920979690346990072372420173142414671751312848765806781103338632495792943803464519553311
-50.0,0.0000000000002877003445165147530667058860429620820954131170050888945754674082072629339786904435522861639041995452,0.0000000000000002133790068648378134169044107749488681689545320376389937042877010348329103253787891175279074240711732,0.0000000000000001297353783473357390262272993634215728004551799994205385430798902000504266655857908189314747567688816,0.0000000000001628924868955866233655167264801298341927903342516084897204874468932152087498932737724715721789543313
-40.0,0.0000000000004911725284878190825705616727128391518660047395488003228560502787570923500766866416719197958323360541,0.0000000000000002530497323164879161137191328419122124323205162781922052419537896697595027436227449118626896193640738,0.0000000000000002959390304680096101691105966092085175534967302828246467728747385741199198674933151198614342937250375,0.000000000000507419000374060520121117778181120720270341051121056813308382174579571430071815085946469727191908315
-30.0,0.0000000000006838873043671396995672078472336061508196605000395522566578648706492592908815117730562030542115121231,0.0000000000000005615601839192550157568272967919344566301111533745615133370924406333114045645024772889614292355393256,0.0000000000000002318918318838963242679147829030471881116488057111386549849451140973563122271031143703426154127106672,0.000000000000309420842206203788769584977081342110806670975565106409651394065765288488972997610914045430953603942
-20.0,0.0000000000001013390182066897311910045188618467968391766598878679583393793875494840766638779778034944365694532259,0.0000000000000001631638672500549143360558347948130583219710509400287679368690863066515234706766944084746331340228481,0.0000000000000001202745690985332202806643710275167532007948369353963264059481374022911063468061208018993356015386497,0.000000000000101339018206689731191004518861846796839176659887867958339379387549484076663877899649266324691509417
-10.0,0.0000000000003577384638516075038976730200491829053525642995800621141853289601607440042746193621771418732741472528,0.0000000000000001727292228410329945687450889047608836512062885956103902063584484596987242626938389114326653539351212,0.0000000000000006016222043562499351226597265777239348629684286419348055155679375033028955013995602436715090553229206,0.0000000000001414929666321050149070836182021460862579268314338595052345908850907505184929770798205882287062700179
0.0,0.0000000000000558198250789642653757268622075535264042544135558416975848587368710106629061175617609976138890370717,0.0000000000000006224912884382840011683041102084111352134840742545954698332318866558637492293663104365678255751192158,0.0000000000000001709607273648673388564379694865705095282758848311046984888056680748039675622392817202629483447361557,0.0000000000003054569849698962856251328770651016703620605671698048235155841199640797586807870553944356580279251779
10.0,0.0000000000007871933667066461171384870425767584218835428972939887959454756585640781828923005731948260002717924526,0.0000000000000005178600114352047744968141570095933509287800210205533853236137603208566553423878156946497329180263609,0.0000000000000009832654238680545174418870748457773283123874691415820682586194513317579439930822181332017315253070904,0.0000000000002878761576266305549456196213978948376628094138520579116424939714218731181345328992924165043378318945
20.0,0.00000000000141765357877132886093230166719125533271685999989343623611528970085990403428088947248369220399779532,0.0000000000000003523967142813879270509078830951071994679875277215457800187118144731726369129225263171107305996677313,0.0000000000000006955110994935614794940395932334776404373972397586053122660794057080559739038871016337476989762454701,0.0000000000001694463346675929988382438971716309647752686437166182902408973248963028147248842202865301513973390791
30.0,0.0000000000006700409931771894681702165399678915176068424421936721292241824106436661892879875616377576067311424622,0.0000000000000001042904403370014452750813961132499115359016287097696964574159839416327528077737505843290742187770796,0.0000000000000005331834218522183858289960337862129627476637687560941117666254729852369240464794724754022322399975765,0.0000000000004202108314445756002975612635233905402759909956166881573065678832781256709397748759378388768713954354
40.0,0.000000000003560594413642905158910528979173906471286197445410541489269854045947760223873281395103960445143308079,0.000000000000004792941693093267914163403801435373437181224794553375195604436467989882694896481709787542381236952768,0.000000000000001211560048119769253591401125986109279783445166095166618724496378620575702445398447746151836623300063,0.0000000000001840702079664539490656997223487339288436977993339169807948540028848281717187050968449172177966115098
50.0,0.0000000000006668778451772506368393609339813753421725725972129320140684030486891279557061528101776338371222501689,0.0000000000000008070448841187281591315016752637236407059937209901970932007122023734361102456189009044302897369442578,0.000000000000001337420023457356543638071513101091615352816979241424983345335242844584745947909719398712992275489546,0.0000000000004172621299353943774369826148557108463673270317059712043584431260657503280452257864154911057161604066
60.0,0.0000000000005190004260282670368186517211707933951868374917676433154233098663899886086986768195826866553449422289,0.000000000000003899955228491491213400241325564770681511161572007692636949270049048892022506523158266443043909457214,0.000000000000005321243874085673008508923384403934919541724438988282292198733965388597659125649912545499963375896687,0.000000000000019768995544554518013895082919464403576346360753721696003390021145592264775157093583388689863755223
70.0,0.000000000002247459297531741371067637697738252121769604548255058061216066171662144636989935745596802377114637888,0.000000000000001441051043298656726813704899929637259270233077844010457773784136492709464914194160520027900007779232,0.000000000000002084390515571482137644576856439081836087876287913497080737598369843669231014644262590219407332756043,0.0000000000002501046826153760789080572300952631922764282620593252591210775811910122808187082261503225993595776462
80.0,0.0000000000004064264967986729752804288719139298650934723775301344692781832015179206300095183951713371098351675244,0.00000000000000005039681300492410559475271879737407032774983624208577270721064610342689023825097504977441938082163784,0.000000000000003809640020632028359390479020259293390578109424174833965075674755289010650910100530045614438978113421,0.00000000000009280493368503954352432776633739912651701875348378715014173664373355244810900232352833406604686063901
90.0,0.000000000005924663468545938743275644062154113752780437015945749107694046010257419386686309164321133520243528441,0.000000000000009499823698602846228318864689003023785503953735195502524176480146242336229543191068368082076138901532,0.000000000000002294733293065619636913787847003460122819505116078418896826780802456778479521216384625278471502757595,0.0000000000005662029137053544350673000643885090642583712115153245935955303969261272294419283682287093744686665813
100.0,0.000000000006278969239259995897449581519360601015995953414961883596378967550015825484176994395475194356863522189,0.00000000000001310524605899422894662317262060342680620306058771873841479025899643949156361871263592487634548459044,0.000000000000007481617053736184199964729987698799651961522134504833520051796477653508655839162162732792956229738779,0.0000000000004615128582331535402957409263076862968481003780061509146205687797934576710105036129493889685569547591
-150.0,0.0000003491955473315566029136612667092185828591712258187911792121385143137583035765743660560233579772029527,0.0000000008682077087256780216594555474332125897361749560959523346960657233459573888155675478857345527686391467,0.0000000000000003411308485345663170850118592497332721156679805564744627088067991605577420732777446007732030478199975,0.00000000000101404694438293043890742691317078698402152324088722779840710011215452470680747523456755277387026425
-140.0,0.00000009596656066125832050577832103220783238456978229166898007094378943745788007058326594294844211392932667,0.000000001987058825335756996922352211045944892955442554599712300249932163304107187787089879806834079285949627,0.00000000000000051208059252843147582183510567998402667056521177053984779173658016504820992252276216337903398420447,0.0000000000001986688251233045121663042486233617646505139037037965651323556769282375340704250742985452470054464959
-130.0,0.0000007409564570522663756155743779537874950609997583051458879922982584394253350002767456284061089358729092,0.000000002527571844525599259496723020171410200382095350181545190444799151394544976996572465913368384198985532,0.0000000000000001924009837709186376757265631871550062854190405695554770967329102818181547338157597448896890596525803,0.0000000000003042053623395159378809208017285666661451459242274877683415322587985118286107211061417838205231301444
-120.0,0.00000003542579981689688547439685250683288346936871412159902267232130358843317950424241777719845201281620131,0.00000000150753204831102423807125252026522483193267784430139971692008556567665697688620482822376590775184244,0.00000000000000008621594936950685908013545854425933131149695132245452541991410663003794756122466795518594332587266775,0.0000000000005290397912015551273591994055280237101463059703340760321115921899331214669207988198565679257476163812
-110.0,0.0000005090801849745430119833784352486838861245538988131339358798261541427774499553903971933007250479629836,0.00000000325411768115939055784308410623008214168503961401564045280266746062004303496034106171972018573054288,0.0000000000000006418468607902577181580589043650594154934083220494186695505085856526236689699136662699890438280592046,0.0000000000009672890752923558171610158709733577652503922255244308369168002047755084196303244091833618402984142449
-100.0,0.0000008462877038412387836899054823123349890756936695852287800213159828324644806863856105776059470927653504,0.000000004784726734269039666433050231954410958090003743548130599861902216082670633109588011625300078853800558,0.0000000000000002584249943807862237349577006940571399660995283579470146200715877638480551204887058508675474944401484,0.000000000000267000831831830749115108517752786116414162308661961594944404744897285740606900127030458969740634113
-90.0,0.00000004923047699969445590007616896963312404181722726224607884191337973992245663571253928710636344935034658,0.0000000005492312228295530153083885297347221298209742169512147760058160612698295235575451597105524395222978124,0.0000000000000001929994092856142455429315729789813119036106346643689408116161562632339708753904856733502596617725188,0.000000000000409286527396823580003775276292695073482479917358931550618790608046727501784309629533698991450785755
-80.0,0.000001015581826168878404366193476703001957871662864809686518520113040030056762558864156386082741756021179,0.000000002323894678831987313323846136885588227720159068627209786343032390115150151165913940356245400909488186,0.0000000000000003434492822602006401674235223533732537361200730819640286487847445889520304949065415742443485408671774,0.0000000000009042716427289336398891844954705226166272300686170531221698551768722563163396817203715426954152811466
-70.0,0.000002030204692195923091127101575988009043621853191293244148354070695788346185737652232129677186840578839,0.000000001128561921611703062623199413466919454130160679442244385781099219445422273756512209783573977672098535,0.0000000000000005786919247690599687350174382822986734755074135560244744423094691059137028869215161888453899688349075,0.0000000000005141191138841360964760220939374423419179691790902854544195480359439487217591289494439532742785751684
-60.0,0.000005287039946307451749118242954122610770867940985861610541237847560609084636902293836227544542061735008,0.000000005573485599102545918645062405059609201006961194160761264986811802836962626211438010145945443733472532,0.0000000000000007559388936166847863049947158194614287770845898581890011693299227544457708216758321133553630302449374,0.0000000000002407991872071912452040628708148577617592322242501287322185219100697284881052718058239560156528934914
-50.0,0.000002907168893336886918705676575083458045890602048972574163079852369683864300455466247644072130121758315,0.000000003887847132863782189289292631524214893314774058248704915684818936272907665158258332204773226305376069,0.0000000000000003383461245890464547533015877549780917907810144396833440160274419116159760827695161603235486159144679,0.00000000000001644937783345974438924106237691846579642730869403680097675925313800285621547359229001895293986725689
-40.0,0.000006696419613756421969584673652368007154856401654826167658578546971260127806697729216506823899840074008,0.000000003457555917702310139222886746679298009848906184263774585338994972459021161999840825936274369659215714,0.0000000000000004475539562285147252720593306971532396557863654858361060111282501071739519132517887821265741756514159,0.0000000000002394638131937361530531212457082464384594156095165115882576520958738571786221896731674497583046383951
-30.0,0.0000001776906160705519350257575524470803334958051512043708736802362457339087077804338806627219548450587017,0.00000000265873883787132607596135651971756492046710472499685999826067786152906697938706750046340970967623812,0.0000000000000000446143504236147088059366761850442826470324102748372450971724926807239048031397751258110616655592537,0.00000000000007842686915117130678727694163195171234613287150887518534532940830163295023762005055148609931287961277
-20.0,0.00000366125375714950364843292782710517743161130402143697909045532689280647470685689140389385452783561463,0.000000003175085457932096962580468459196994284122288151938630444331453586252838043917834866279354973757189216,0.0000000000000001011244385501034492055052036945642053160562144006312368322192184656174677765920753014676226051792007,0.00000000000004887254972278797940569408847462531018342513670918566185220618679322190332053004468515573428556199583
-10.0,0.00001106549595245202100464513740553611866081169083144840082843132796080940451783308759578216893904397431,0.000000006474630274283482863015736806092972734131576694614535243565307806846822280997057611596846226168787453,0.0000000000000001920951280435847177353312803926169136597458871129934573105024958087361013474698047437126120703688507,0.0000000000000848412213189662722899652032075659827919246800173797669920867246049721861175561090963866781650552526
0.0,0.00001633615700847423703969847047451759421712266091583283449025980214445704159698012201704559958432137688,0.000000001222064570325662285061245262961387974409350624545320761649291279668379488281670072663717399452614536,0.0000000000000002147708937540389951208016069075987770210649293312107715800409032374134273654041446437865893605265389,0.0000000000005130815958555438718073897716727733685688833208790932585749045581679047332553470537456179927340016329
10.0,0.0000213382154663909466650768900685336667268100034731195404166628758509042758435044312023116322636503243,0.000000005235875201699157194063840352144232299258008065299435362204741016990387310426629604264011720398138025,0.0000000000000001176925980648286064238078206849925866914650023814874821021444093419057609787833195080754069577606476,0.0000000000006069868115191165090050459808485020083051821823158067469301017434275030704270752534561824113906219403
20.0,0.00002595049013089168618978592525997502883466179499412289763503103645879066987098269975386233342615180091,0.000000007219001777169431447565960921771488482454043020334810583224470188427133409279793895967201430114228161,0.0000000000000001220376391755526479183767874982759735824406967207914650278032770950712281566158198135752339827283969,0.0000000000002241909740471731543817391283095707625990196253354781185894844708609006604857167859695636675286398566
30.0,0.00002059673124301569023030064880446490208386950910786404573400455963451605430303351416282602028229108556,0.00000000002447552324550378982473632289792261104223359474607522407944438469675866919861479981644651732482493146,0.00000000000000004389044184097663520518738750023123285934326442365363990840174665296305442308230839667783633057522518,0.0000000000003650470382735643160729118063074733016481075802904742426387081799597721571697543192935661614456750664
40.0,0.00002105606388520909781633497767894214208502991581405671279997570186471287003013136937816943224371162507,0.000000003964279030995166968004345865483129036137083550059805616241925530101664740429968190278575035708039316,0.00000000000000002808300707407291884022646835213096539728717010270639243725354822339363414335190838225073718407082819,0.0000000000002616199254266367767273903876517167533312790447321639196269596661713287098471198775349764138902097302
50.0,0.0000696776822217972677344261033600703743621842390160116923901766552209911893801693362649177406766198268,0.000000009493321520152829879750807985943367228049911944366951546448046372952779153604873621716196189087859621,0.00000000000000004599510623887118316640439491262548553021042497070014041107766367121375779084007491863178373099856485,0.0000000000001791947501315602702893573616998699298476280903282457256874301654207549616890817438310185387047141926
60.0,0.000000427764124708970880590525000552435674970024176900076088464760224745779444704946995641455901777399042,0.000000003833706462433058429828446247182620100202804501768293496198405819829974661439445980852724046601420448,0.000000000000000005344935539577908987198478430882940449995970262946440338951923934869341777136883941731543997698167755,0.0000000000002025767400298317831541073674831373450404081451115534859360071572806932166736289520008056926465419013
70.0,0.0001091532318883583907509397317396370840488476628657694314296228926725733226446329566460552837824183942,0.00000001463397046539698697567707206175735594376915586434214711867376528742868631820644621228025378999246726,0.00000000000000005218959304316376020952350743534585680137561936256207314812597615704866335463004737829787392416542919,0.0000000000001095796178303007749579891602970532891529451122521305011579377743312601924206425035705968437990703181
80.0,0.0001590333783463477408042465578618475826621609542415145320081096408059755718000950924109501823126566402,0.00000002334106891552581338772717382183580230942887600640960507780438201307674842273389185852976337926541025,0.00000000000000005828164762407596494525042092933925190118641686508502854698110604044034142767579801863983589209972332,0.00000000000001776110535923764936316579168532353456023211075247719185205952892462319720238597681478624034514658621
90.0,0.0001234262673167201075725740927483534371263997564240456698381620266590390801037804987106055249650818005,0.00000002869350559728111739155371611591600440110791699374163929070124391937824161577272769808126635477278825,0.00000000000000004245892588417795243663921191651828740933094345243896091619419683122988338331626532537224267493525882,0.0000000000001561980820164521549873245179293497474026911824461776523999226234822584347787094752706967133550843822
100.0,0.0001170400980145033785527186584892823192203326380053629378275069050666907248032422263027025470287849841,0.00000005351807143268039833278818902505058192478994698128490626651059040123877855875610159178867899106482764,0.00000000000000002584064960428207787592604707924997032745554206176983762945875977493738909260399046478073970963787767,0.000000000000004362577267129065836953795903340380564794685253076610405895272250581449082523402806729139418554580397
-150.0,0.000000000008649483453111194329349944510295454515264497824842094730506218870755902923330947464014682027381472492,0.0000000004323675132734833492872621942451507122980468202965134223841442357642921038314257639610538507753000022,0.000000001828134930198496049906227117283848233616397661149167612525913400706319241029125021982436687478382729,0.000000001828194515657627999592699811092551731942923104204189597592202034832051076045358696626623257909779558
-140.0,0.0000000000003597900253466406045138126664964815801855568691895052814797411959262977349369817197517343922569442992,0.000000000666683969342857307047150287955305625603153083446023172348660060216486779099209733203785049336967542,0.0000000008071231131609609650239098078510504803995190719097424828543101374182467359794850180822260101345206946,0.0000000008066746969924082378612057469357221056214009765639285679356533515914935065911053300790429421652284841
-130.0,0.000000000001415574791799481720118022444897899307176054884409936417858959781153065979098463774257038520038444883,0.00000000001776598746827987350306881500381006808753653824197853481241931373623660085871679615090057244518015832,0.0000000004279684286968260587726118503062267153824665974471073153489801027233894839560143636397383522106857454,0.0000000004277807243323933298967951390931436814050502700075670688773609583614424405431007800386308096395420586
-120.0,0.0000000000002077840050538374730433146421235374540384026647918554876668829940853870816734469081167735740312146644,0.00000000008080291333625558558116534884380314593057376982799295994471425160469783034092446140209329166797487892,0.00000000005721592280412238426516334325414548118415052377397238740626355414891206525246383891711444517637460692,0.00000000005724541048867573820556791868848680288157779081485357455510946523502508940725524707526564984627835497
-110.0,0.0000000000001424320190695478486690766690023830788828507382161641984270482532597522341867314956496647479708476547,0.0000000002082884728375503642280500380908017010606863483149810484223527243651922531463633493733717055867817583,0.0000000001759136869250592797025712969091886689220031986807017728579856227256335972024844846076036961606302076,0.000000000176207953680567577300953508312581030964604960116254033577847921633258052043747709097797283101114425
-100.0,0.000000000001409342745407344251081822348623153802362138753736601311970561337189400473753988068451633215442975109,0.0000000001914647907720763918265330119586917529011491249121031048470292547776996609385287210197742891079007931,0.0000000005530569446250271715296577279849018318748273018585393902228467074664256822137323378743187190121359523,0.0000000005529788531017962204047242316622324006209509532813092118424547774176849837624226783099134265031359743
-90.0,0.0000000000006051620976495705032095922918637304019806924379577747904539521892780470183728485982773823956890993959,0.0000000001492438353074116515348302413328341531122174835699677711061374326181162708208545489477035402708049709,0.0000000002731404019582729053115169662456815455398628822296152622932791499967000297917579746369373778859716423,0.000000000273164805559282577538058683846515742806699241159999693037151628136931498057792243669402145458451168
-80.0,0.000000000001072908368896156413088161193437257749075689385935635325433730243031881009558916628428774786935308964,0.00000000006920873043092956586026227768102584482163293935331337410498713927938963876681490591739757390371241184,0.0000000003379232074300296659974374327679249552370480296679481949807303606116811450678766478177471937481499871,0.000000000337890872658691850297269656946819643858489854085188824245099327075874449615381242006595821569837969
-70.0,0.0000000000009536787147855228212891282098777101194759812762169173685484945985087348428804045112177296663982970283,0.00000000002392040338601900952129733653706885152376558565358366422017113044483861145530317087968301416558335603,0.0000000002964782238444665633433830480106797179909612075469044699740108278139676015339911047116209174182839074,0.0000000002966157991451585905205119809853825050827511810169466982925919233295225038837592952151319427920457731
-60.0,0.0000000000005603700643633808521377237497318818897960513285903476848619109455317400750573127970412197710404472738,0.00000000005220001670756379036284828162161557833332063861740476376861715421800074989697485070984732460954294738,0.0000000001589867127967221854436306928641247190962931816852601911418192981667730833534209795626871812121424559,0.0000000001591648590840927926973852313502143591441986018770665355720883885904628016954711417774068985620895999
-50.0,0.000000000000236921068168035135623584407076543627602187167519551463552443334121337741481942119695369924071590597,0.0000000000507411032789918108598301064435240079165439822536889731025801300931054132594656385377930766559678397,0.00000000000122861685413365570248381467968714473453298476427544983408933764569600342431939011897836123276966569,0.000000000001398120199480004042671494848814673250433861168237308375903592061387076755482415327425948888807827533
-40.0,0.0000000000003265328185755126317806545889851819117800075018001245280643812091188562269940590355264999915179092967,0.0000000001416289092096752082585588579935298918094844360578037071938425545405790929320194560273966200637824565,0.0000000001289573597217370793536274451917069895024274250881300304636781739571727626899487748655631092225881452,0.000000000128833999518633186248459062719490122318569630695036733053402796958302690605145546323441378941216298
-30.0,0.0000000000001186713065888576818671138385376073534911416889226367593168720746418032161487114758614880088125212606,0.00000000005793391355763109556808017920885729264034708353326308391306132724586978000959003320394017865459007959,0.00000000005152416814107698394514931875278856323244453589328374234676168708784072202223743732024998893569492903,0.00000000005154889712343345180137825925496721646283871294273996550055246493660860986515216306172035318954844312
-20.0,0.0000000000001659281694072408395323059740330773629451478821888930291239592983905092030682467325815116009444871471,0.00000000008725078846244782305931510749088687900016289993228961330665901466789084392567557859632392730988881552,0.00000000006245173939699674396153626892711634506008259513738765426252525655255491607435678897186562830385607636,0.00000000006249198500232852840847465153715874205264022374007997796429495175215331248975830395372646057316328273
-10.0,0.0000000000001599015444719380613147310384227088257200572971926558089085551816812687019501291798947748156647892608,0.00000000001617033748850712468102824163713319021405570267792481317071721684414445577442162161044639013694351794,0.00000000001609490392276518436795913573713475463135862076229228186589964999467487905901021836453845278313247954,0.00000000001590012251403965054644532641980980344655974923294055047855748697206070984894669643177880291195239645
0.0,0.0000000000003610542352108958388049681011560641927387673395960263840665660674725457747087539357511433412025276359,0.0000000003028421169358210993612843578346827610449960358274653486537547929236942384982695336507715919585912915,0.00000000008766271427034265057031496667645944878828553092460367973834219201564996358734369279238549562412747487,0.0000000000875023622753749293150804306076447442474482891195359827254801169025456908559435184584070056986563876
10.0,0.0000000000001128388958941266990475912097113183594153726366880115090575668791293882543089187891834805720566000383,0.0000000004624105484836214914805446322832705847674814960860626442540649216037918821767124855229603673706532096,0.0000000000320919629302108941355381322398239312551342351859436433852351290990500305099122238949835885167235105,0.00000000003213456755030694689770888088461363398348604515190646205891249718553746885769705149670460039793853943
20.0,0.000000000001283598491910375050879624445892505225163597676840073154778121673740430967424882335954525725904070938,0.0000000002612245750347440591590613618281875847861510530948683079649363527666674294486832486115785842960927304,0.0000000002006454012696805196215888124187207455551314624276292217858149171646070660947632504298250040109494949,0.0000000002010002499646953285223608377661840023126544849078608318273406430553561409064565471798880526463870061
30.0,0.000000000003037770614816960006939065535576522281451105883328462454380408871231263244877791085454826140336497972,0.0000000004772185082832598468328970551292004557960468271710647806551438217862017972230391588502936810770662931,0.0000000005285571975170084736097818806887964144463120179509132045900917283942660822997498644595463629789732296,0.0000000005284491099008698003730575231484349490519493115217521634203565439648242041047730828348619534239198104
40.0,0.00000000000371322912599891051165716970669984744689568899953664481192721597379879585169305484530875463829321925,0.000000001750303443269183816740499642746163706537234794504030062911718093631423947653616213761314183836167656,0.0000000004950244865703937405670297815785015472397254073758036243752016285026473412854006031678462761376330539,0.0000000004950027673654951322854076529137591116722410479277614810131551229578413345286301044217515720901560489
50.0,0.00000000003403391886545655366060417216259638145168584482961584455635607200481342740711372354079386080395536614,0.000000002460537154838018973625145447003577250643389466867112478154576641123537831130489635773132903392736776,0.000000003831111453251694026993201850527089138050058075040073628782733316802257901517370555284036038876078668,0.000000003830838417629064144231910933436422527629603945873955822810040073876634824067557148390039206972653835
60.0,0.00000000005922865574660793743631549860420428682025852617675396222704896927349585499571809175215148656704766444,0.000000003336420188520972068328452207941842114529361749369457653232090738222032099267177909173552514399014666,0.000000005158424581557405503285893456222088256499305485788578867487763865899702042590401933763747114495295301,0.000000005158376852181097419356148946881123372344918040447235318357873277403765987772216244700122965367990719
70.0,0.00000000002562239246177116903502971164960340438875119003769132974391186579378517137285005208204150744360900913,0.0000000008882367539629820507317852434515131691224755817844165715946956076537313021815148609742418410013367844,0.000000001772066425387465344574515456325787823136084599022139981034993139677409754405879152866619606627420461,0.000000001771231598533258632431378748632583963135335123646130592312735556231874749214768430784293129383698277
80.0,0.00000000004830821417811482091054286009677094908216757810420649000803374449912668658985676522537298857855370567,0.0000000003380983432000326899704472772179064885115726347055439473919254467305912570924565243004675673886366073,0.000000002527771354633351961742218928776304209693960924622686218826233512833349697879403933702243802824908874,0.000000002528273428219624705713031591266466775712535464166682900842979909970936866084093055834312670201276525
90.0,0.00000000006667510678800031057073740891040081747167821269213288619438303746378984698562028270423748503773840585,0.000000002698497716734992493218646547434518599167324370832952195995290887703436896008753958099435250786918675,0.000000002810734304998424901120437570272409833301897654453569762542268720037233112401919247055697272799065248,0.000000002811236638889775081595000011083647964091318448492823878486949756941649408133579065096224677677766908
100.0,0.0000000002830869549103379437040413818860756813520109553525935782320372361835413613655001246049098761380478007,0.000000007626846790217162018465623592904764780927415696658490910288170836924282664140223113963982616701951146,0.00000001010608186826546087897205071731603576762907323846884744657608232492340527797496817687849024922665179,0.00000001010659965166988359943869961051173534813817368407427910588419662986376645794318370159354401862866299
-150.0,0.000005438841184303447930080861167744950408937563566053068206761530967211613954756918588784376760410722732,1.713785808855180709597991673777493476071513571016817186799115194471431694371157297496496764280025449,0.1772054430663682987483894786806237412543701907551337488060120358327905847286862540314291479082770797,0.1772067516548645121824551783005915630471432424410340558193310086476510387636563610946424204339087028
-140.0,0.00004669555627368226418552733904669582806042134645324930872961533176279823323596967162412942610405190543,3.177541112847737925678275772890279804699117268271787341615374446628910266631731387863179700978425596,1.025374935976372789487025431495408902463545727818208868312401130117560138335120829723095807093324806,1.025377289023809179380697891373096122912245531821213718941011771986767244446995426304257415769230777
-130.0,0.0008809093759524139224741064396954986837924911870695526040222563672566080230715971824944077054538411139,12.06804712948819458665464876032861369868266388957752609438292004287796890513530525626557997181502969,13.03244229134397917945107470692099469132650469441332762227532093650318567013012644725164914583393963,13.03243753428718500184749791886673884532383791380448313685986916810243471704082536535650863335941819
-120.0,0.0006823582741563630081700567042392936367938497665454449308972627604112683786714687766525630602133767474,2.232100238444619195634382650539926126397451703311420904926707990978070054246878880384687442873075347,6.800766246543816919557619401915407898238511635819495225729394345375133229201983954174765801507121137,6.800768121904898015274876990678167790557248861649502087521260491339802202101963493567271838098676938
-110.0,0.001460958002534733403293412936876206521558900969110701003183910334929198612129730143309872445605132827,0.627258159368766301620898071235488168867347288927245629635924368848467971311701845160972281491107346,9.808163789015047370292404188012159253732372538390930041258099915931823350853004097737708693599141899,9.808170946713220776396323507458891444562452169752780576395709395029496045283429751907422551954021257
-100.0,0.004548818342134006097553814206369746665704404387031536793170984005878642869366910104042893455578295779,23.001712437956954106710748733548485586463150029147827695202210094741076417360195229831972914826776,20.56771566065506571133514618176663176804475625211061839597157776980401274765823930594299061679403061,20.56771155594341485979474685042056609615271305520559483826501700773424236850392293037826492867214497
-90.0,0.01437197582089960285778354498087162620724973881228712387344366966203374299430478821137300335038109437,23.26511017878014743167877532322904106596740577460552404043300267516332251599402799144498929554871503,43.7559151210800995534404589484581570467395637341983795273682900693309351200949993794849492154364463,43.75591194356279862983738570677702630306469190621359487768655060084586550282998754544781244491860837
-80.0,0.008881092428484130811663016507174940721627184968813759121254563208162730492895530921947246588244301506,23.82456026669090394830933761734206336078370255093154591892847335109323058638357253237141887007959581,18.19960003741226983906918497866042959009524411734445448395706196990665460174159098706320343622118786,18.19959989040986907903257347317611957883139499762263162090006410819772725575403709103283250265114029
-70.0,0.002849269726473273085932499362609445128816113628165720444463541191120605221522835936333390733741003934,8.26931658930972041910701181020827657321225730445814521808865792528376736044764501803705385796528805,3.927969351469027693081213438364983163903508172923412984541696486734419541050374702726286583135452748,3.927971019874627626893899105591664703181672240628875763948682983370437744925962301703940851626683456
-60.0,0.04679013783295520965809420424972218896097465770546139932347449047123387814918917680606517247890675215,103.3667346555606065537906693302230856107655905197058139191021309791798692070040583975904580583265787,43.35821482500958597744980936337420944157812601891840240626888446537264034053236037438120036016838723,43.35817406083791353961591353756798800152136901208208442477546716843630574259176013259103741794764518
-50.0,0.09494794615471836873087668720017411670899800175283384828441540862374424062582074214172171356538314367,121.77269896183067156551066018507907459279652498292894573523637203234247642156407299350962821624198,59.06744971469080605456781709078518423248449512880692013379219667690337156409457113193263579625430145,59.06737718221252659955001154504253085303490361576860629042541334879317247605775572180622984713404713
-40.0,0.1529033525600088004437465164951321714809844210242329935046400436941961990638456890427124597288817998,23.19307740355981472726891991138423821553712693567859668105479710512743898076815371286889103694871249,63.74120924249051179471217362361610059169109082221514072521127715113625945597847290413750145653510842,63.74116597655052661815610953146397695798243659341408344736832675722954021326370727332413947148659325
-30.0,0.5862854330997503752193870975157098987561525797421839876238490450739157029644781411501654406282659991,314.0851264453374554164512239512597376172260433214804963170208373196577672867509445722329220394553217,163.3227486955673142830570502206568429362385445867882598751020448217623115369547741717097191234427752,163.3228380950084441525127327614025017843957080333952037304509111418338686852875586531934386488143877
-20.0,1.66619862224046204457061876041924113767360729647010861656927337567205491676259881181649476144534099,377.168975395387805150884622076031367091301351709903592406224734535596781298742668546433008600472183,308.8844269695365436834694590591810238105712743011772729416901190049008747471292725494580753105963252,308.8843874453930402909997777180399538634750891343540076043373724849572834492009991119360504705314687
-10.0,2.579635355917552430652414096427811842632722046513216698002411295524589927315646051405226840208324934,740.0679454209113353789792483551117733142401483534914974899525402142129920965679614586084829203605855,316.2844188917736650234094521635509703507439619380527980608257239343589488728914639930878401512310176,316.2843426853305479273376379656205088875432455149933324569656848230033273183381027854792812150645206
0.0,6.531250186451918727551136168722308809810081755095956156069990920932371979551565062939477529412928433,515.1657800265156173702905351252197895103993740950041839464427826065584300756244895496382714228591228,524.8353779915341922676449525459500109828491699381818406795469030771519459028752133721661618365121585,524.8353826479281017837668011400971960378305726297280926705944988587326153610580938338890013735517103
10.0,19.43513928442160277374000283790128635014964843289207709889762560202634786155353582465159296492478018,370.2671734857028945995649314352426540974776136487642369526754514819110708304714124604305218250569215,1010.22164085225718667720486915640758652370801695247679916095972320162002421681534946203127406187028,1010.221572357208926466180142646416729900582593974052802233687072752916885334933018841550876752880042
20.0,2.974148569244403072030630263920227550082993911451747309521330082786642498328660598143062259985692396,135.0081656094381111689239262690759180089337344340803987976377640885175943004501067861440762578192712,98.15294106559811447688699151136439323757372851200766654451961260936111303300428894266978916294444223,98.15287757911420313252370361005263542906840853688182058416314955237105527987332133200022414307343664
30.0,18.38698960313904391992180266434758465458051796311544616487664266369319052085314883928566845087087259,2130.834589338337401253666595892498501158025074295934055607290543426708981575116150085250068388568421,375.4876982964418591677305100294974919317589656725967005587592645165897989777966405777390308771167136,375.48775855179508854426495362080484268532583905649790040917259998332960339988165280748989418764463
40.0,99.27521934356052149530902520917097356565385754171147537922938280963507074113225200533996134274934932,1747.038723748361359660499094175518106259532901612679759944861002094767130787096214576594821636881806,1212.295389512469072573482522460948456038643978915484959140768935156225006858342859622343255098670261,1212.295457525306852155693334053994234141165374580665243244327648147022341911663720807079463126459929
50.0,163.4189655502192739872910884013561092414323972047868022222403650744469824695196003817954511218441515,5332.104177009704327452889493324060853014174172463654078513277461718970419887966239393107828498051747,1142.525851422945039665727395069895572154572106887307185454291338114039805199093468799576526974699738,1142.525976817250933791724071732721358696940905752410498312487731541969856437551692658086537729733612
60.0,764.4793473448093386325083461175736361918687308722486783292360413541111615316459359926652975863996991,1873.563031900186499593313454052733358891393733799562567709985447136453317209377035401686159269306905,2903.972267134373865234684683782806486930749727060162571735230160342893346931125076794708543531254282,2903.972282711934771455955441438634902725362743300848805327273183012478642840651265793636272351480021
70.0,14648.75813568636799890778531098761835380373034655078646362538825125000350835682826977158167335893831,117502.4760815934605539114926524097244718952751163712660956374413312615314885459288359909327480416516,28489.01657691777873408342362408611121794671837005186235815912076850493980076545985200721583825158996,28489.02036053511203324953602168573842595574416530742428995434973585634152391605447157955500645898938
80.0,4298.891936754957801737151843386540087919071995026225803045462281192690319082537383415684081416380778,16612.75499395666963605096221250047418767683922895879298386870223938528889761575361713991965781089257,4015.925223753269201668606055938484565046231846976726068732676340098893343903173160235820625756789792,4015.924193043633001218419619331836434630559742445398569712493137372203398427100170636652262058853463
90.0,1598.62883326306951968962810717236506566014556045428696493006134875992621346357056130124236319073142,5408.712871368492419812999670501944469319328420985655147161157750430935072487075251597065173101559164,672.1795279284683490470084246647455164586430252753826689996248870832234868029496099802073403257325493,672.1801457881601447407606894919153576703663703692670277544626421102558468918531194833144924545434398
100.0,8811.980620443301182185328094871783044490057956825106736207809409116701520986765502217371582095544913,9850.51307618756730047321225120842271185676074327761653845405262029142103325423361200518205880418145,1565.521390611602657736195480765593492438960481680939901000599170351843070357118426907920538141864532,1565.520080410135108630340302088630949576228070891096715633951153313498797635892138750675891648116083
-150.0,0.000000000002978711364438932666186412094903053561461792610342850360458470160139540382296956140164057411040888586,0.000000000004598947931986764362813764926072925641682454977448027778487222976523884561068991947755030042801539734,0.0000000000005267162703043918153979768378617130752802117342325649866343598047150809733003886553259965246740812295,0.00000000002861679748621533895358313524623285966068679056168000006602342684320290731220203785568052890538308461
-140.0,0.00000000009041327101097238278086338141938163127096579507307810292152110856859984468172554129642920147055009534,0.000000000003031654779594252751225684506610934097779926266352348823284933074523206428567196636615870763524599359,0.000000000003549229040158185020491094486840895562502688050269029196186046047178369391802935713331683520973486416,0.000000000009173051967568286751867954031544003902636584628217407917368079188934468763875435248839216888485861917
-130.0,0.000000000009617807839463768688465912149009690390080688093849575687331321789730940727478575722356856363280529218,0.000000000001179871833645543029173116390996384896553106294903731447238226165213133101279112935922714338324248011,0.000000000001772126147837938471558986328293595310093581201950674318834489707069041021134036808780753203436737191,0.00000000001327269869639919931134741264886276678543848906058203113167820463416285393898895690714405219043889074
-120.0,0.00000000007867037187093629009714318007460093444644498967268934737952056420975706617238738731253728627713303189,0.000000000001935390958729306456715819163454818530771737637909411015098004662305247381988077844021236910573697061,0.000000000001789142520373566076021585080864789339337049438445980288486668130953788508608840951208080055497555488,0.00000000007021959050291995844026838387563269139756065351722013382581337629017361177090233777534744359635816184
-110.0,0.00000000002461412565771371942440319344603479338966985378656734911493526227688134041733908440524687255841367767,0.000000000001180712920864246704229775326739961302129939366158958473239891057106675790912382294251609906423384311,0.000000000003768772809677919321196018308589433395816520288578547869307817411718856124658297838416806619454672495,0.00000000007146082040533409644187257591748265541395421910633441779856413754319521868540605548400554961758970612
-100.0,0.00000000006250316768910327266376811133144401985075183155891422091240053480268721030862991767182827884440153765,0.000000000001881256984210269341956355020705356107827659852251262533487337271309751308572518221356166791221281754,0.0000000000009354634223420689250314983094876496990949745090457088819438973286456190754278457206554290265878094542,0.00000000005151969600999118120515234129986926154865652325679111232260435699063204004262481593796611958062720336
-90.0,0.00000000005202619883848554131723021767244349633395301445143723609986104578619911056603623922853167299806908651,0.00000000000371442747867224023938599711302236386129409987975158798565655672741718571314194129289777853409607619,0.0000000000009901330209299227612441905611648227591126688732006681347943868952251982775158706431983821612067090518,0.00000000008340324962682225407713601825851750079587815430275099231035908908930636664074768565514972416300628375
-80.0,0.0000000001098207221670893297516851591599436594405595340616189689115370905874203791681536080976032523826711899,0.000000000001406778489274562250136056530413651362667615713987630857474005499786867375689343406531381867938102884,0.00000000000351239287151242673789585697999204360055369226654603618094431526363947560646501473832047311970583541,0.00000000006589734227531477146435467031407540837843665360220161170667083630536655374970117951949344354770358691
-70.0,0.00000000003238090148504754427242714893815036287142714576876501614538353486457184413876318419467170036916246409,0.000000000001711104703196396839264676827458906505494492918735901899065490384046812526477807401017164870348235062,0.000000000001572173401408293759371134276015870392883358429316547397073779716546335734706712856907609314781958514,0.00000000002899643756535610641233229038527045359050347629895614678945920658745177742688668514708339712878441834
-60.0,0.0000000002469436880720185909543649193499340452974955218826990786062132112582513229867668921792286603307885105,0.00000000002528220947559173098278717328323385996474761726545396499971758425442883644255163268488766942152477239,0.00000000002547530267485987099025696861162061804225887096942637856641951523373348610790847800331617942773567229,0.000000000176911640681348367103740408351456926379286459173712168566560590916616288701997597625127608158706396
-50.0,0.00000000004500750236547301224071328280060772640965993701225535765521016007379397976448674656114546416118757821,0.00000000001038831883843843395450539536946668870272872356650333867676152787796865213701968163007599791049098118,0.000000000007387708229125705687240369049030565597846109239639905234871603075923265573222936136604426500057843373,0.00000000003223773567073026636817879655962135789191252309639718285749388658246201047824045907505561505284997539
-40.0,0.00000000001181595070881548968733638990220082098672735341078844549865473818737790171703358227908817053571293444,0.000000000003445087977555569883404876097121199997237818103433264888105405970997049704607628471044747485916755049,0.000000000006183309464100716746828609586078745261369106284167176290703669802190263971952898740678523205941883983,0.0000000000052319421928970034965079599751545358210748043923912498277091719065167885100590207605838615533084632
-30.0,0.0000000001176819033504901225890236963745484925940153542689007450036120267097273266666954816377693644107315836,0.00000000006359087648700263051897967915776054828724385838168095465452716334975684286282582532547144431052862479,0.00000000006730036298920432399190757652016657561866915416948970048617769793606657341004644389497428936185360834,0.00000000004694144904893721508911604280345750383522749593902935689272888529877301454885179803434034478508659512
-20.0,0.00000000002103175985026679024540073946745686014731704723929064016550351992063673081856746487618702802709275588,0.000000000003778215844169650736264979335826710959479279759329565056613039047891894111161914758474686181290217805,0.000000000003486190432443198151474493872395814501791833367493172432296269713529890158321491381897328494742122798,0.000000000001482484751771749379345603321671882605532125357539721641241942525692401185228159714817023520776947316
-10.0,0.00000000005653906748641452074883345343220356833479136133682918059384834825703560927682205175800713578052899988,0.0000000000150100742802075851155271698572753886844866867728823864173184373476440625760520683724917925932641287,0.00000000001270725070733595934034046143366888132586776014019643850932226663928472756272665031865417743938104203,0.00000000000289739166012363533501059760044235073068800054155895438406051473394821572498909969434151739301399683
0.0,0.000000000002522746928264585766844369335484940375572210147180140516793232768801823971281007291331785007367401033,0.00000000001196091017054664744654047911160768820759263608985753261829878967988688165794853636265825144238997659,0.00000000001172168883714335064072405624408292737028135049215364883144323791970722262392975880360045264806563534,0.000000000001221533689832187139014651416009237034279520163905204888112996969067344567091731451593419012393181122
10.0,0.0000000001351146044783764440765320753464858510345573026999725051683842705514111955457302202150799662603600764,0.0000000000512208992335016269723353710760650631564588230035138706967194998755243299036534994634032473504042641,0.00000000004713452362226840912698010193537899283459867954758434303768952485348811249834338390904616488314041392,0.000000000002930248844876658177483400267776009849512387387882504714446206922479480900645945055308268715774814306
20.0,0.0000000001328967720828670579857062613851333789014148542355903097641889290228103753685422446698897510539839883,0.00000000005647512679970980051229820405648027846165228491313595709062998733072986401607923708829429599018651878,0.00000000005743531238821818497174977443882345528717093735358477404039352046983489670958070021070886219586463081,0.000000000001876585709275526854907246791693883145242516651501496340575577493479485080482132071808991085142157516
30.0,0.00000000001262311089859410150630861574249511771499960079659124521067899502446037416895509011292192964498598483,0.00000000005170821820840898092631176653046754199225189060638381787056633970589116928681927250994181742938251291,0.0000000000560109962477701318301410957740189359726179073168385379974061260364068181005145258494123212235692277,0.0000000000009965695888998640562156723872945769405944440328722842230679092878573045356851270673955185692569997278
40.0,0.0000000001560233972003414581785069317429701792977188198382312161891901597756952613109940656277859982282699822,0.00000000006647644961299078112321924733869857894813401112137894807261496330957927555635849981917827472486005814,0.00000000006433807302689698334540890528519975109297227096184852768699801304653067186164906445984119415876575624,0.0000000000008343234204909748648122917680999821209039431806014735259167896856785338473475727156877081414989871113
50.0,0.000000000104225709955086060029660365336793629946464872635897438295906183540374689249405980647958292162082612,0.00000000005072961532690592344507875980323813578826721409599845376660311689923650371484577452676459796144266245,0.00000000005261849264292281016723665609108047283715159450325276989521581412427352766812293343223880052493607072,0.0000000000004409311161242292522933710824012462175424914694539853014392193275103019395389838583879180849841818398
60.0,0.0000000001074496168585809551798693947227864108403592926115613364221389343839726952875593869266458983816005856,0.00000000005666821761419305944647218586090528187971461489858186873302953552981613513313343622589876909942787885,0.00000000005356560084071963489046762219002048464246962423762459946905828006393064011722730423630755693959609662,0.0000000000003367080185607786509358791706129242524789284114223280455714389157388702571251343881022615979135694382
70.0,0.0000000001270964255322521106730831087252217481624520164689661877708213036173982553122653019221053332193821808,0.0000000000468046184799955571421546492780482362892624049422713123744798367204245924453100963728342130518917278,0.00000000005854428519319116570256311591287983808939235349778133966304503390051442652233250236719447257786109243,0.0000000000002669170902026225770362760600275357998114329772270344198543045647495061267607954846998756282552728036
80.0,0.00000000004291842537289499427668099455858653836760387347527990730638221099572213590094242940722983216126177135,0.00000000001417311094273006146235607237183412764029495516797731514765071330453993795862537840431190799725121588,0.00000000003400943442980855801056066922572313535978168749094472876886299877447872050789467949882453000703484379,0.0000000000001133153265907514450353525716203616075845056888272321248252436274980281049217272861814830727895381829
90.0,0.0000000001051023223712897574458562612421982053107939560392646392084022310720711700234262270690550125694202407,0.00000000007260612681323765725330056047946335022108628732161013804008185144624701042788373161757287194924572139,0.00000000002995146380877744717465077820823615800640552782845996796781619875008969879767629208846795656491586445,0.0000000000001156498534124815497784466024666261609623583576810329115069917176784117732868858023394554292191601934
100.0,0.0000000001089537145303571370024084198289880395396081218754280589534764309469378639486656854920251384870064522,0.0000000000855545301514207099032485458566823632202763259697877052903496704047135407606894431100260136850950424,0.00000000002671815163782641699331687761036974252635747711614829574387507284604481151637225343233257291234926908,0.00000000000008934741087570436797954384697732331818272604790931584581092061831351066397400623655532949406709244975
-150.0,0.00000000000003100932941530926481007165965109711041231983794964409612101052204765891428668738563840165568837558138,0.00000000000002692942441911511631220990843617485329087264246546543360106563950541137118404583994094604162581305671,0.0000000000000001416433229278186893256106313910666030065476968521070186944301932226060573559631325257381214449942269,0.0000000000000135617081846230367043048300364498117257542410190246887666892325178767483347667742497970913538646007
-140.0,0.00000000000006845769305372374935080060117283554970862807281338381565954872264162082544423886754115294460921729803,0.00000000000004343940769970302742995023994925567113371602503304296058441500893912732888309621124987477113428464567,0.0000000000000001565582659187228711007997623978813778486613041868986695872265281432001595090390551330390416019464622,0.000000000000008188069359055631549281479826993268038307605873670680862937844362897147420922999600534733143135223642
-130.0,0.00000000000000340379929574134047858260460140121191057412234640469380105459525767918357102965473969862213572898831,0.000000000000001009682838506417644890484763168776925205233774845180119892070133945613954178175193810832828728379426,0.000000000000000008951424345588768056470314225581782208751863631545916886721585844642422299655616471506946781162757753,0.000000000000003909237961587793621358270217799060288246322389387248451676797978417640920540018348845007323888172167
-120.0,0.00000000000003190296715352154784033218734552597413007170351766084387788103858513787764910246939292408875392301312,0.00000000000004103784878022039604938113975126385799947548711745709455146832276780315624778844294548364166392040872,0.00000000000000009477831977469855484771054760644492932862836140074204898228550414190440865429763070545284255757960763,0.0000000000000003513761182774751899333552781047000941995211591478277420605800036293142523626147299072472530170407653
-110.0,0.00000000000002256047279677987038047046934782656271981520089876599963916260734785161127598773174977485711616959607,0.00000000000006107580235204664330682574339561466296693620984060356217021461172476336177213280572128761046327892635,0.00000000000000007145303116502883408339588211954282179754386252695849034296750920112952188032640165723630832208511045,0.000000000000001647752218803574620990423812218766782837437882378515653281605637510777176111980846318336917001799114
-100.0,0.00000000000006570165152820354862524583997229115020431447314236758598773160454279226601200724583261560311665680071,0.000000000000000654109607749671631034900790983465909543148913481362792383948916254776219753750917309406883102786172,0.000000000000000141343567608935937730597873561125101556618759534602856158764032235739613277892849264342230278277921,0.000000000000003322726712178548635925605988165319624200434010051054000398211711216360084613414113498371481237192427
-90.0,0.00000000000004131681231438621706693636759331008345863074763054202137144662610326840375048903910940384675490529588,0.00000000000003284908496379458810911009148686766301789128530488819349986290761931144639320513422041809389641150802,0.00000000000000007241258411165417237812743605847463504426064606290092208227666821538630936257392633904983206513727102,0.000000000000002159988262862502552866981719276345299332506694336744607698885477548319415597200510923051723241144402
-80.0,0.00000000000002790112114798042468020661407510765445859362736007562246180404331586064381908221453820570420253150211,0.00000000000001069118774683718123667435339182992233798864942108606577717144941090502756413043790217404100221303552,0.00000000000000009369866867250620763722602225198402882077687413142665303788658101525211116047417291423375352291189001,0.000000000000001959083719349706873047931821734057290146365507845258891588469415114964657158561593874684899142144618
-70.0,0.00000000000001074027953862016801158733572956645856809751474085487777466790108402973978986741577766518395777951058,0.00000000000006341980757124021119467019890085824391609180611833157056364176183406293350644692069928808813976567106,0.0000000000000001651268977478389795525653166093859389154291633962641811596151452757192113728616761271878604379242015,0.000000000000000219769800006325973075901779137996808390910033224364358457826603993885223965030468514570746716931202
-60.0,0.00000000000008626666713609454377625310995536590539341530236635719132936554949765615524263333689692028338342783766,0.00000000000007805553758400569145351247857942174011754673283845044915086012551323792728875830439937365069488203637,0.0000000000000002067909593411822476091642225460851680755704744106872380196968382483078966130984436509076234108188991,0.000000000000001743352309279920179041735729240654084943214788467164029375341358051021242432221754686281035212982985
-50.0,0.00000000000007886251085937987287332507816930233198747890990868136822653085817810468958846232668642464382998645105,0.0000000000000269014566625676042684820202434056611011231183648965153781762220267080908178468870316331808157591859,0.0000000000000002465904190261637235791922433097353422173396367451509495073360217746753546524389381421330603902648007,0.000000000000001606558751090879889533109314950487716033071464804705122822296869193944359512991180986582122642029931
-40.0,0.0000000000000550023264056459880100220530777890990662102384548902536565362176641805463621810148068223528681701864,0.00000000000008866795756921028253325864171916017669727137351930789658840845600026962119321837006057681412397506324,0.0000000000000004227980709537651684772087098340165459026058584802560483753942306681521063257317987243140902187934223,0.0000000000000008601909215601180069510149426572592784518581302551724170160782669228557913175196800174654253370253275
-30.0,0.0000000000001533438448573696551651675452064108927429100633300021154521615264940791781040011222908693740879032021,0.00000000000007926406042961804061594191151156462664468331262041847586045790448465597778263481397047832483971000363,0.0000000000000002812571062427162606079549428944744652934546811780889938133903643956055205295626896309732670107786976,0.0000000000000001016386472907726160480036315456958498838297227551290086585842147364567840385463550819186496405530255
-20.0,0.00000000000003099746354121810442334855710884715210103846944994918521146142451699515311402271952842928838346780324,0.0000000000001333799851438259818225208045776509628845246957510363767497009298227099329139020301084905149490308643,0.0000000000000003844472156714780476257934310894545626717197145193950520139927734532618471934200622204239931747226186,0.000000000000000307467876120645057100100011939978013210451875195269344090504423599340960125841632633109349814673569
-10.0,0.00000000000003609376313050789463008765201230273665905834422633854532417988426697944948056730112346253105492491835,0.00000000000001094717887723578439169446842347373050171085004712414740250702331467296659197473661630792047408469702,0.000000000000000009547118832777926462561568801765038276272416676411691936151814535106333977259781719344195825352799069,0.000000000000001273441873681105248965662083689510786078191572059016773455320683055901563665991696247532855759307527
0.0,0.0000000000002936166994238484215994064816738107247236906668303791980386416190080955731726656819162722037024505485,0.0000000000000178673681786721357310576566780212199130861003548081247891000739508196428651125016309476828952996266,0.0000000000000005983363394352681897937663154886473172750150664292576449308541335900571996190740526712277252181821413,0.0000000000000007779547983872118343537176268374259326846400248522176300856602832492059361100903855709163003008938165
10.0,0.0000000000002709336284250951915469104419362527210073349055134569237358286673898058742965263507318023740524991069,0.0000000000001467402939497513001654583923750972212098227914038674482859341296254801764941664850226666420032092436,0.0000000000000002902445923397117386160382004029882611987817052126538479286185955087178049083144168710301095925219567,0.0000000000000004795488031686181666408959910917772334138966880286032313062649030304910657674698723374643372003603004
20.0,0.000000000000178936989216195652064580639071145435180748406477399822091787037545916445797046669007131784342211753,0.0000000000003046699104825562032565465570152904659674858773734718117001513423073205613407581029415997398873365708,0.0000000000000009380675342507691304563170081314353937474447433072487560974066127453603175282602912999032424274691635,0.0000000000000001682741387424392251993828166366698991347663500659916768625231142061514468524760008766515365709638018
30.0,0.00000000000001575153361360936584207813425305003767142903056697827087314514160652925578864764399217787611512197407,0.0000000000001681706259242586870829511041690136056047393524287471725616520743172926121824529334511541127254905659,0.0000000000000004141276920655621683174837683400377154372156910881277907874118627941304955438261156295616585656892631,0.0000000000000002858287928141738507746614030909101330017692922145849442482646130375956837645287334089813713467767162
40.0,0.000000000000005721817431038037168727532318700171596309311446588091441466520418300010650925227575204090106585722655,0.0000000000001943211993305788639566764092349177177764155177906960758540129775604061839664923786843031018831872818,0.00000000000000005163303527443712069947411751056961328577650272133665279510582074405587914315460625070680854285744897,0.0000000000000001799319345258254382422964827596971957212229015948794993342530704749309110721743240893707559874214565
50.0,0.0000000000001132914476420217366534727975407710196820397576437873795828059862010388098428972910175572975690826215,0.00000000000001192827802733326126832183094237750077495592765679043863940172956133916645369695362079449653339814851,0.0000000000000001247792962055360543821733394577631908948589604244967578001825837379637700015945034550879522487233017,0.0000000000000007406140126121999785877206926535755865850016750175024211880893825436710866919442706439439943516888628
60.0,0.0000000000003131008828660505280146047433530537672460965910775854176179186001191790675767354825823941402700509142,0.0000000000001402566057945801866209144528894290881890632025151484947603794252471753691476660496955555477135657129,0.0000000000000009748225013480733302244067768105545558761933648474707099138672848181516589845080905575609534233917777,0.0000000000000008465236020966850126815844115614269734407469659739278633747200350616168472052107072855863377364160751
70.0,0.0000000000001593435817604519825429605593409813410392879294980701192456027433848534004889228196594508787138749274,0.00000000000005721765795634688177887395660267578542067259599473001340044153257865169031260210369252925160728713586,0.0000000000000005168467067778611153961077594316266752782834983642675421747298117889749880817180768431827804440444782,0.0000000000000002602489082750844803104630289333715104073907006171818490964353122759053645231233129859420544648379337
80.0,0.0000000000001211942376519735928630451659028386128008034959481273775059907049234422321630037907905997958268372811,0.00000000000006730869996639049949505977249820502817791600842123938195954886002569761121569889037673694665415947356,0.0000000000000001765210398397555324647916228360801831287973862441553200425933462396997802115324026583805706214755486,0.0000000000000001765210398397555324647916228360801831287973862441553200425933462396997802115324023273793036854210326
90.0,0.00000000000009821653046522503561153121247641877548755458563032314179387907209830601107193968959148524343574230956,0.0000000000001574906219193664383163151452215157185727308219098999368949651014858250941139750798639339629675011694,0.00000000000000006042636133841562627071930441295265799735590681067865510772121519965475100210487586440532387531428666,0.0000000000000000604263613384156262707193044129526579973559068106786551077212151996547510021048757510975721336049953
100.0,0.0000000000007431845501080407308708229516889427818979227014515698056870067572872260891413651520792977675999332066,0.0000000000004547686245909197930345582746089039765830391967838454866670037398345358322615046374085776175287579679,0.000000000000002488652341028170688060635138986727216891768801461218398517058297754236919911231005168879585108715554,0.000000000000001975456744022617417889345677990216887149983205967047012360469298728097672794041474726149711486288874
