"{'distance': [0.167, 0.333, 0.5, 0.667, 0.833], 'solute_6': [8.0, -10.0, 8.0, -10.0, 8.0], 'solute_5': [8.0, -10.0, 8.0, -10.0, 8.0], 'solute_4': [8.0, -10.0, 8.0, -10.0, 8.0], 'solute_3': [8.0, -10.0, 8.0, -10.0, 8.0], 'solute_2': [8.0, -10.0, 8.0, -10.0, 8.0], 'solute_1': [8.0, -10.0, 8.0, -10.0, 8.0]}","{'solute_5e': '1.0 mM', 'solute_6e': '1.0 mM', 'solute_6i': '1.0 mM', 'solute_5i': '1.0 mM', 'solute_4i': '1.0 mM', 'solute_3i': '1.0 mM', 'solute_1e': '1.0 mM', 'solute_2i': '1.0 mM', 'solute_3e': '1.0 mM', 'solute_1i': '1.0 mM', 'solute_2e': '1.0 mM', 'solute_4e': '1.0 mM'}"
voltage,current,solute_6,solute_5,solute_4,solute_3,solute_2,solute_1
-150,-0.08704902634146595,-14781.811753058619,-83171.95964723155,-14781.811753058391,-83171.95964732023,-14781.811753056945,-83171.95964722814
-140,-0.07451884052577629,-12427.80739439014,-71312.97991263944,-12427.807394389665,-71312.9799126536,-12427.807394389356,-71312.97991263642
-130,-0.06318003963464269,-10447.205579354531,-60506.77552352618,-10447.205579354531,-60506.775523496515,-10447.205579356776,-60506.77552352834
-120,-0.052892717387927,-8810.372037494868,-50622.6098488425,-8810.372037494324,-50622.60984884196,-8810.372037494173,-50622.60984884228
-110,-0.043605173149853974,-7473.179305678836,-41628.75902573916,-7473.179305678824,-41628.759025746534,-7473.179305678216,-41628.759025745385
-100,-0.03532693490052922,-6380.921201665249,-33562.48873388073,-6380.92120166534,-33562.488733891594,-6380.921201665292,-33562.48873387836
-90,-0.028089950414810997,-5475.188402356559,-26486.241020222376,-5475.188402356382,-26486.24102022354,-5475.188402356356,-26486.241020223548
-80,-0.021910153775500547,-4701.491484046925,-20443.837877933503,-4701.4914840469555,-20443.837877925795,-4701.491484046925,-20443.837877934682
-70,-0.01676172294093997,-4015.061753483643,-15430.799274046967,-4015.0617534836674,-15430.799274052997,-4015.0617534835956,-15430.799274046534
-60,-0.012569677864522235,-3383.3094604316784,-11385.413376861892,-3383.3094604316957,-11385.41337686029,-3383.309460431841,-11385.413376860655
-50,-0.00921799547522834,-2785.0577463081577,-8197.562133117108,-2785.0577463081504,-8197.562133118017,-2785.057746308081,-8197.562133117732
-40,-0.006565485239366576,-2207.8144999387105,-5726.6017381356405,-2207.8144999387205,-5726.601738136176,-2207.8144999387437,-5726.601738135253
-30,-0.004461750059708199,-1644.5495027487354,-3819.5792433283386,-1644.549502748735,-3819.57924332822,-1644.5495027487482,-3819.57924332832
-20,-0.0027585906519423742,-1090.9925586101858,-2324.4482191784637,-1090.9925586102054,-2324.4482191784537,-1090.9925586102336,-2324.448219178378
-10,-0.0013154980632337728,-543.8632538165652,-1096.6681059607836,-543.8632538165612,-1096.668105960743,-543.8632538165134,-1096.668105960935
0,2.0762399799423324e-18,1.0231815394945443e-11,-2.955857780762017e-11,-6.821210263296962e-13,8.662937034387141e-11,-8.86757334228605e-12,-5.093170329928398e-11
10,0.001315498063233725,543.8632538165718,1096.6681059607358,543.8632538165584,1096.6681059608304,543.863253816578,1096.6681059607117
20,0.0027585906519424818,1090.992558610175,2324.4482191785937,1090.992558610172,2324.448219178552,1090.99255861017,2324.44821917854
30,0.004461750059708353,1644.549502748685,3819.5792433285,1644.5495027487043,3819.579243328453,1644.5495027487245,3819.5792433284587
40,0.006565485239365966,2207.8144999388314,5726.60173813496,2207.8144999388364,5726.601738134957,2207.8144999388455,5726.601738135078
50,0.00921799547522787,2785.0577463082227,8197.562133116902,2785.0577463082213,8197.562133117008,2785.057746308221,8197.56213311734
60,0.012569677864523556,3383.309460431543,11385.413376862753,3383.3094604315384,11385.413376862436,3383.30946043154,11385.41337686207
70,0.016761722940938934,4015.0617534838766,15430.79927404767,4015.0617534838957,15430.799274047593,4015.06175348387,15430.799274047626
80,0.021910153775502685,4701.491484046613,20443.83787793368,4701.491484046592,20443.83787793394,4701.491484046619,20443.837877933525
90,0.028089950414811295,5475.1884023564135,26486.24102022307,5475.188402356432,26486.24102022341,5475.18840235642,26486.241020223937
100,0.03532693490052899,6380.921201665252,33562.488733882725,6380.921201665302,33562.48873388404,6380.921201665307,33562.4887338832
"{'distance': [0.167, 0.333, 0.5, 0.667, 0.833], 'solute_6': [8.0, -10.0, 8.0, -10.0, 8.0], 'solute_5': [8.0, -10.0, 8.0, -10.0, 8.0], 'solute_4': [8.0, -10.0, 8.0, -10.0, 8.0], 'solute_3': [8.0, -10.0, 8.0, -10.0, 8.0], 'solute_2': [8.0, -10.0, 8.0, -10.0, 8.0], 'solute_1': [8.0, -10.0, 8.0, -10.0, 8.0]}","{'solute_5e': '1.0 mM', 'solute_6e': '1.0 mM', 'solute_6i': '1.0 mM', 'solute_5i': '1.0 mM', 'solute_4i': '1.0 mM', 'solute_3i': '1.0 mM', 'solute_1e': '1.0 mM', 'solute_2i': '1.0 mM', 'solute_3e': '1.0 mM', 'solute_1i': '1.0 mM', 'solute_2e': '1.0 mM', 'solute_4e': '1.0 mM'}"
voltage,largest element,smallest element,element difference,element ratio difference,condition number,transport error solute_6,transport error solute_5,transport error solute_4,transport error solute_3,transport error solute_2,transport error solute_1,current errors,smallest eigenvalue,second smallest eigenvalue,sum absolute errors,sum squared errors
-150,433542989.0448944,12522.845398806083,433530466.19949561,34620.16620329977,27612151867747860.0,4.2531610233709216e-08,1.2165401130914688e-08,4.325920599512756e-08,9.47329681366682e-08,4.6351487981155515e-08,1.5730620361864567e-08,1.1629586182948515e-14,1.3559438174348526e-07,-222282.83419857349,9.9149762646250796e-08,2.0937903855156037e-07
-140,381737748.32482421,14312.805243240478,381723435.51958096,26671.064255912224,29119609347942860.0,7.887138053774834e-09,5.77711034566164e-09,7.587004802189767e-09,1.6152625903487206e-08,7.277776603586972e-09,9.42964106798172e-09,1.5543122344752192e-15,-1.913242817845925e-09,-225528.07795320582,2.4510800223196103e-08,8.7815635652077617e-08
-130,336674673.37130946,16358.613989633934,336658314.75731981,20580.880115188989,31022657707174580.0,1.899024937301874e-08,1.2238160707056522e-08,1.8939317669719458e-08,3.6219717003405094e-08,2.708111423999071e-08,1.3562384992837906e-08,9.769962616701378e-15,-7.5110923587921534e-08,-231925.52794766618,4.367941632879543e-08,1.3829838962919894e-07
-120,297557870.34723133,18696.841542522128,297539173.50568879,15914.873625606604,1.606061600632967e+17,9.102222975343466e-09,7.639755494892597e-09,1.0251824278384447e-08,8.294591680169106e-10,1.106673153117299e-08,3.368768375366926e-09,3.635980405647388e-15,8.863161317403464e-08,-241498.47654807189,2.3596451232814351e-08,9.0583739620342385e-08
-110,263696467.12531567,21369.284946004384,263675097.84036967,12339.976175694241,26038298714574716.0,4.612957127392292e-09,9.633367881178856e-09,4.357389116194099e-09,1.0477378964424133e-08,7.436028681695461e-09,7.887138053774834e-09,3.760880495917718e-15,5.1619599342274416e-08,-254275.0789865492,2.3785181166006277e-08,8.412320084971725e-08
-100,234492411.26088765,24423.715527832945,234467987.54535982,9601.0130397098346,2.1921607017842566e+17,5.427864380180836e-09,4.089088179171085e-09,4.642060957849026e-09,2.267915988340974e-08,4.2273313738405704e-09,1.257285475730896e-08,3.406996906818449e-15,1.7902443512780729e-08,-270281.61701616971,2.2550218216715411e-08,5.1303629788890248e-08
-90,209429907.32486603,27914.732836956453,209401992.59202906,7502.4865381337531,24738038724572444.0,6.046320777386427e-09,1.3227690942585468e-08,4.583853296935558e-09,6.83940015733242e-09,4.083631210960448e-09,4.889443516731262e-09,5.533767888366015e-15,2.4824958374834227e-08,-289532.31116191705,9.5259763242933362e-09,5.1715687732212245e-08
-80,188066307.04156122,31904.740639099407,188034402.30092213,5894.6195228142706,2.3801768250407773e+17,1.673470251262188e-08,4.6566128730773926e-09,1.7404090613126755e-08,3.3716787584125996e-08,1.682201400399208e-08,7.828930392861366e-09,5.35682609381638e-15,-4.0485247154720128e-08,-312015.69933213911,3.7148110457467233e-08,8.8525894170743413e-08
-70,170024291.33495164,36465.062416810317,169987826.27253482,4662.6628357715572,43952102592825552.0,1.735315890982747e-08,7.727066986262798e-09,1.724401954561472e-08,3.231434675399214e-08,1.875014277175069e-08,1.3184035196900368e-08,8.579942312181288e-15,3.6787323409726014e-08,-337678.4001159512,3.727715604136897e-08,9.9823864729842171e-08
-60,154985206.20450801,41677.216314127232,154943528.98819387,3718.70340466988,3.7902268865292122e+17,9.793438948690891e-09,5.4569682106375694e-09,9.909854270517826e-09,8.383722160942852e-09,1.1394149623811245e-08,4.787580110132694e-09,4.484260185400046e-15,-1.078595681706766e-09,-366408.19443870976,2.1654321942218542e-08,7.447829375450965e-08
-50,142683434.73031145,47634.372316165412,142635800.3579953,2995.3881575949677,72212760490408800.0,1.2412783689796925e-08,7.741618901491165e-09,1.2631062418222427e-08,7.4087438406422734e-09,1.4566467143595219e-08,5.376932676881552e-09,7.50267903359969e-15,5.1223061779913975e-08,-398019.62928187713,2.6800204071624587e-08,9.58384589466732e-08
-40,132901705.80709332,54443.017711476496,132847262.78938185,2441.1157094820237,3.376899092244569e+17,1.6894773580133915e-08,1.0797521099448204e-08,1.6807462088763714e-08,1.7549609765410423e-08,1.58470356836915e-08,3.2987372833304107e-09,5.1833537462186996e-15,2.2458285173917751e-08,-432246.3760792563,2.1970687212141372e-08,8.0763356891111471e-08
-30,125467256.75111784,62224.860608192641,125405031.89050965,2016.3525562739242,73598288752054960.0,7.785274647176266e-09,1.7462298274040222e-09,7.174094207584858e-09,4.713456291938201e-09,8.818460628390312e-09,3.274635673733428e-09,3.726186026398182e-15,-1.8086303798070523e-08,-468744.61480171251,1.3831870012404233e-08,5.9469812185852788e-08
-20,120248782.00473881,71119.005530305265,120177662.9992085,1690.8107911252828,50210699950763040.0,3.987224772572517e-09,4.8603396862745285e-09,4.2782630771398544e-09,1.838998286984861e-09,6.199115887284279e-09,5.529727786779404e-09,1.3079815008865125e-15,1.4783669294403057e-08,-507108.96579627006,9.9836389047043392e-09,4.8265746954712085e-08
-10,117154114.0473401,81284.439984003038,117072829.60735609,1441.2858607427977,26298196219460348.0,1.502939994679764e-09,2.5320332497358322e-09,1.6525518731214106e-09,8.207280188798904e-09,3.5629454941954464e-09,5.903075361857191e-09,1.878922364917379e-15,-3.2491280576906702e-08,-546883.02125000523,1.1172925048446194e-08,4.8951733333524317e-08
0,116128595.55343381,92902.876442747045,116035692.67699106,1250.0,1.1552301873496091e+17,8.061761036515236e-09,9.31777321966365e-10,8.265487849712372e-09,1.3620592653751373e-08,9.371433407068253e-09,6.606569513678551e-09,2.382503589615226e-15,-3.0430682658280364e-08,-584426.5709621245,1.0993805260723757e-08,5.0981725507881492e-08
10,117154114.04734012,81284.439984003053,117072829.60735612,1441.2858607427977,83969650282179664.0,8.731149137020111e-09,6.897607818245888e-09,8.440110832452774e-09,1.4028046280145645e-08,6.9267116487026215e-09,3.866261977236718e-09,2.1913894310277016e-15,-8.0061011921117259e-09,-546883.02125002432,1.3624468858663818e-08,6.1105993154342286e-08
20,120248782.00473882,71119.005530305265,120177662.99920851,1690.810791125283,2.2066829855944464e+17,3.987224772572517e-09,4.0745362639427185e-10,3.8708094507455826e-09,2.9813236324116588e-09,5.3551048040390015e-09,4.976755008101463e-09,2.6580300460654627e-15,3.8684816954910884e-08,-507108.96579626383,1.0645999120519479e-08,4.6718014345970005e-08
30,125467256.75111784,62224.860608192655,125405031.89050965,2016.3525562739237,1.1066516603323036e+18,2.0572770154103637e-09,8.826646080706269e-10,1.0775238479254767e-09,6.255959306145087e-09,9.167706593871117e-10,2.6411726139485836e-09,3.725318664660193e-15,2.4673024682935868e-09,-468744.61480171687,9.9646429628879253e-09,4.0971599446493201e-08
40,132901705.80709335,54443.017711476503,132847262.78938188,2441.1157094820237,1.0553362836998813e+17,3.3614924177527428e-09,7.130438461899757e-09,2.459273673593998e-09,2.8230715543031693e-09,3.41970007866621e-09,3.2405296224169433e-09,1.4103301859691442e-15,1.768988476455609e-08,-432246.37607926002,8.6892337610677495e-09,3.6849542084382847e-08
50,142683434.73031151,47634.37231616542,142635800.35799536,2995.3881575949686,1.5081140421578419e+17,3.5797711461782455e-09,1.5643308870494366e-09,3.0850060284137726e-09,1.2405507732182741e-09,4.99130692332983e-09,2.890374162234366e-09,1.0044048925905713e-15,3.7546890692823297e-08,-398019.62928186846,9.8934468392972646e-09,3.8472990127047524e-08
60,154985206.20450804,41677.216314127247,154943528.9881939,3718.7034046698795,48221667280540536.0,7.465132512152195e-09,6.7102519096806645e-09,6.883055903017521e-09,4.10909706261009e-09,1.0419171303510666e-08,3.3032847568392754e-09,4.279562815234783e-15,1.838364132072422e-08,-366408.19443872932,1.3951327821137711e-08,5.9840886024176143e-08
70,170024291.3349517,36465.062416810324,169987826.27253488,4662.6628357715581,1.200895216810401e+17,6.592017598450184e-09,6.002665031701326e-09,6.642949301749468e-09,5.3296389523893595e-09,9.371433407068253e-09,1.1132215149700642e-08,4.7253867485608225e-15,-3.9317455957643688e-09,-337678.40011595929,1.3313224282979338e-08,6.0745833252440207e-08
80,188066307.04156131,31904.740639099422,188034402.30092221,5894.6195228142706,65513236842756960.0,3.3660398912616074e-09,1.0666553862392902e-08,4.218236426822841e-09,6.4319465309381485e-09,2.382876118645072e-09,4.874891601502895e-09,8.170547571850761e-15,4.1185558075085282e-08,-312015.69933214452,1.5762288682096907e-08,6.8260305852163583e-08
90,209429907.32486618,27914.732836956468,209401992.59202921,7502.4865381337549,81107499520783968.0,5.427864380180836e-09,5.977199180051684e-09,5.922629497945309e-09,3.9217411540448666e-09,6.024492904543877e-09,3.0704541131854057e-09,1.9914625504213745e-15,-2.1975365318028546e-08,-289532.31116191752,1.3005514502060871e-08,4.9544723879080266e-08
100,234492411.2608878,24423.715527832952,234467987.54535997,9601.0130397098364,47457021003480104.0,3.2605385058559477e-09,3.6670826375484467e-09,2.9340299079194665e-09,2.9322109185159206e-09,2.914021024480462e-09,5.857145879417658e-09,3.2612801348363973e-16,4.2489979686817706e-08,-270281.61701615568,8.3053122178644882e-09,4.482103577174712e-08
"{'distance': [0.167, 0.333, 0.5, 0.667, 0.833], 'solute_6': [8.0, -10.0, 8.0, -10.0, 8.0], 'solute_5': [8.0, -10.0, 8.0, -10.0, 8.0], 'solute_4': [8.0, -10.0, 8.0, -10.0, 8.0], 'solute_3': [8.0, -10.0, 8.0, -10.0, 8.0], 'solute_2': [8.0, -10.0, 8.0, -10.0, 8.0], 'solute_1': [8.0, -10.0, 8.0, -10.0, 8.0]}","{'solute_5e': '1.0 mM', 'solute_6e': '1.0 mM', 'solute_6i': '1.0 mM', 'solute_5i': '1.0 mM', 'solute_4i': '1.0 mM', 'solute_3i': '1.0 mM', 'solute_1e': '1.0 mM', 'solute_2i': '1.0 mM', 'solute_3e': '1.0 mM', 'solute_1i': '1.0 mM', 'solute_2e': '1.0 mM', 'solute_4e': '1.0 mM'}"
voltage,"current, barrier 0","current, barrier 1","current, barrier 2",solute_6 transport over barrier 0,solute_6 transport over barrier 1,solute_6 transport over barrier 2,solute_5 transport over barrier 0,solute_5 transport over barrier 1,solute_5 transport over barrier 2,solute_4 transport over barrier 0,solute_4 transport over barrier 1,solute_4 transport over barrier 2,solute_3 transport over barrier 0,solute_3 transport over barrier 1,solute_3 transport over barrier 2,solute_2 transport over barrier 0,solute_2 transport over barrier 1,solute_2 transport over barrier 2,solute_1 transport over barrier 0,solute_1 transport over barrier 1,solute_1 transport over barrier 2
-150,-0.08704902634145514,-0.08704902634146595,-0.08704902634145432,-14781.811753079626,-14781.811753058619,-14781.811753037095,-83171.95964724311,-83171.95964723155,-83171.95964723095,-14781.811753079888,-14781.811753058391,-14781.811753036629,-83171.95964722549,-83171.95964732023,-83171.95964731471,-14781.811753081874,-14781.811753056945,-14781.811753035523,-83171.95964724387,-83171.95964722814,-83171.95964723034
-140,-0.07451884052577631,-0.07451884052577629,-0.07451884052577476,-12427.807394387302,-12427.80739439014,-12427.807394382253,-71312.97991264521,-71312.97991263944,-71312.97991264105,-12427.80739438816,-12427.807394389665,-12427.807394382078,-71312.97991264105,-71312.9799126536,-71312.9799126572,-12427.807394388532,-12427.807394389356,-12427.807394382078,-71312.97991264585,-71312.97991263642,-71312.97991263776
-130,-0.06318003963464515,-0.06318003963464269,-0.06318003963465246,-10447.205579349,-10447.205579354531,-10447.20557936799,-60506.77552351939,-60506.77552352618,-60506.77552353163,-10447.20557934905,-10447.205579354531,-10447.20557936799,-60506.775523532735,-60506.775523496515,-60506.77552349726,-10447.205579343878,-10447.205579356776,-10447.205579370959,-60506.77552351853,-60506.77552352834,-60506.775523532095
-120,-0.05289271738792624,-0.052892717387927,-0.052892717387923366,-8810.37203749453,-8810.372037494868,-8810.372037485766,-50622.60984884093,-50622.6098488425,-50622.60984884857,-8810.372037496018,-8810.372037494324,-8810.372037485766,-50622.60984884113,-50622.60984884196,-50622.60984884115,-8810.372037496425,-8810.372037494173,-8810.372037485358,-50622.60984884049,-50622.60984884228,-50622.60984883891
-110,-0.04360517314985191,-0.043605173149853974,-0.04360517314985021,-7473.179305683021,-7473.179305678836,-7473.179305678408,-41628.75902574317,-41628.75902573916,-41628.75902573354,-7473.179305683181,-7473.179305678824,-7473.179305679048,-41628.75902573606,-41628.759025746534,-41628.759025743755,-7473.179305685495,-7473.179305678216,-7473.179305678059,-41628.7590257375,-41628.759025745385,-41628.75902574218
-100,-0.03532693490052755,-0.03532693490052922,-0.03532693490052581,-6380.9212016676465,-6380.921201665249,-6380.921201662219,-33562.48873388482,-33562.48873388073,-33562.48873388089,-6380.92120166721,-6380.92120166534,-6380.921201662568,-33562.488733868915,-33562.488733891594,-33562.48873388712,-6380.921201667319,-6380.921201665292,-6380.921201663092,-33562.488733888604,-33562.48873387836,-33562.48873387603
-90,-0.02808995041481483,-0.028089950414810997,-0.028089950414809297,-5475.188402350883,-5475.188402356559,-5475.188402356929,-26486.24102023158,-26486.241020222376,-26486.241020218353,-5475.1884023521125,-5475.188402356382,-5475.188402356696,-26486.241020228423,-26486.24102022354,-26486.241020221583,-5475.1884023522725,-5475.188402356356,-5475.188402356231,-26486.241020228437,-26486.241020223548,-26486.24102022394
-80,-0.021910153775504544,-0.021910153775500547,-0.021910153775505904,-4701.491484039667,-4701.491484046925,-4701.4914840564015,-20443.83787793218,-20443.837877933503,-20443.837877936836,-4701.4914840392885,-4701.4914840469555,-4701.491484056693,-20443.83787795673,-20443.837877925795,-20443.83787792301,-4701.491484039696,-4701.491484046925,-4701.491484056518,-20443.83787792863,-20443.837877934682,-20443.837877936458
-70,-0.016761722940936332,-0.01676172294093997,-0.01676172294093139,-4015.061753491762,-4015.061753483643,-4015.0617534744088,-15430.799274049714,-15430.799274046967,-15430.799274041987,-4015.061753491478,-4015.0617534836674,-4015.061753474234,-15430.799274020683,-15430.799274052997,-15430.799274052843,-4015.061753492344,-4015.0617534835956,-4015.061753473594,-15430.799274052406,-15430.799274046534,-15430.799274039222
-60,-0.012569677864522729,-0.012569677864522235,-0.012569677864526719,-3383.309460427481,-3383.3094604316784,-3383.3094604372745,-11385.41337685789,-11385.413376861892,-11385.413376863347,-3383.3094604272483,-3383.3094604316957,-3383.309460437158,-11385.413376868673,-11385.41337686029,-11385.413376863318,-3383.30946042524,-3383.309460431841,-3383.3094604366343,-11385.413376865443,-11385.413376860655,-11385.413376862241
-50,-0.009217995475227109,-0.00921799547522834,-0.009217995475220838,-2785.057746311548,-2785.0577463081577,-2785.057746299135,-8197.562133119907,-8197.562133117108,-8197.562133112166,-2785.057746311766,-2785.0577463081504,-2785.057746299135,-8197.562133110609,-8197.562133118017,-8197.562133115454,-2785.0577463133523,-2785.057746308081,-2785.057746298786,-8197.562133112355,-8197.562133117732,-8197.562133115483
-40,-0.006565485239361393,-0.006565485239366576,-0.006565485239362099,-2207.8144999478973,-2207.8144999387105,-2207.8144999310025,-5726.601738125493,-5726.6017381356405,-5726.601738136291,-2207.814499947577,-2207.8144999387205,-2207.8144999307697,-5726.6017381188285,-5726.601738136176,-5726.601738136378,-2207.814499947199,-2207.8144999387437,-2207.8144999313517,-5726.601738133322,-5726.601738135253,-5726.601738131954
-30,-0.0044617500597087965,-0.004461750059708199,-0.004461750059711925,-1644.5495027453435,-1644.5495027487354,-1644.5495027531288,-3819.57924332979,-3819.5792433283386,-3819.579243328044,-1644.5495027454308,-1644.549502748735,-1644.549502752605,-3819.5792433329334,-3819.57924332822,-3819.579243330256,-1644.5495027448924,-1644.5495027487482,-1644.5495027537108,-3819.5792433292954,-3819.57924332832,-3819.5792433315946
-20,-0.002758590651941696,-0.0027585906519423742,-0.0027585906519410662,-1090.9925586069876,-1090.9925586101858,-1090.9925586109748,-2324.448219180398,-2324.4482191784637,-2324.448219175538,-1090.9925586063764,-1090.9925586102054,-1090.9925586106547,-2324.4482191766147,-2324.4482191784537,-2324.448219177808,-1090.992558604834,-1090.9925586102336,-1090.992558611033,-2324.448219182377,-2324.448219178378,-2324.4482191768475
-10,-0.0013154980632352905,-0.0013154980632337728,-0.0013154980632334116,-543.8632538180682,-543.8632538165652,-543.8632538167003,-1096.6681059607363,-1096.6681059607836,-1096.6681059632683,-543.8632538182137,-543.8632538165612,-543.8632538169622,-1096.6681059680704,-1096.668105960743,-1096.6681059598632,-543.8632538200764,-543.8632538165134,-543.8632538169622,-1096.668105955032,-1096.668105960935,-1096.6681059577095
0,-1.3521057553589346e-15,2.0762399799423324e-18,1.0303978342562915e-15,3.754394128918648e-09,1.0231815394945443e-11,-4.307366907596588e-09,8.440110832452774e-10,-2.955857780762017e-11,9.022187441587448e-10,4.103640094399452e-09,-6.821210263296962e-13,-4.16184775531292e-09,-9.225914254784584e-09,8.662937034387141e-11,4.394678398966789e-09,5.180481821298599e-09,-8.86757334228605e-12,-4.190951585769653e-09,-2.35741026699543e-09,-5.093170329928398e-11,4.249159246683121e-09
10,0.0013154980632351227,0.001315498063233725,0.0013154980632329313,543.8632538214733,543.8632538165718,543.8632538127422,1096.6681059669354,1096.6681059607358,1096.6681059600378,543.8632538215606,543.8632538165584,543.8632538131205,1096.6681059484836,1096.6681059608304,1096.6681059625116,543.8632538199599,543.863253816578,543.8632538130332,1096.668105964578,1096.6681059607117,1096.6681059626571
20,0.0027585906519406885,0.0027585906519424818,0.0027585906519433465,1090.9925586072204,1090.992558610175,1090.9925586112076,2324.448219178681,2324.4482191785937,2324.4482191782736,1090.9925586074824,1090.992558610172,1090.9925586113532,2324.448219181533,2324.448219178552,2324.448219178652,1090.992558606231,1090.99255861017,1090.992558611586,2324.4482191746647,2324.44821917854,2324.4482191796415
30,0.004461750059712079,0.004461750059708353,0.004461750059708864,1644.5495027507422,1644.549502748685,1644.5495027490979,3819.5792433293827,3819.5792433285,3819.579243329237,1644.5495027497818,1644.5495027487043,1644.5495027489233,3819.5792433347087,3819.579243328453,3819.5792433288298,1644.549502749287,1644.5495027487245,1644.5495027483703,3819.5792433311,3819.5792433284587,3819.5792433288007
40,0.00656548523936678,0.006565485239365966,0.00656548523936537,2207.814499937289,2207.8144999388314,2207.8144999406504,5726.601738141442,5726.60173813496,5726.601738134312,2207.814499937813,2207.8144999388364,2207.814499940272,5726.601738136582,5726.601738134957,5726.601738133759,2207.814499936765,2207.8144999388455,2207.8144999401848,5726.601738131838,5726.601738135078,5726.601738132769
50,0.00921799547522688,0.00921799547522787,0.009217995475227884,2785.0577463051886,2785.0577463082227,2785.0577463087684,8197.562133118394,8197.562133116902,8197.562133118467,2785.057746305538,2785.0577463082213,2785.057746308623,8197.562133118248,8197.562133117008,8197.562133117593,2785.05774630385,2785.057746308221,2785.057746308841,8197.56213311656,8197.56213311734,8197.56213311445
60,0.012569677864519277,0.012569677864523556,0.012569677864520878,3383.309460425866,3383.309460431543,3383.309460433331,11385.413376858429,11385.413376862753,11385.413376856042,3383.3094604266225,3383.3094604315384,3383.3094604335056,11385.41337686003,11385.413376862436,11385.413376858327,3383.309460423363,3383.30946043154,3383.309460433782,11385.413376864832,11385.41337686207,11385.413376861528
70,0.016761722940935652,0.016761722940938934,0.01676172294093421,4015.061753479531,4015.0617534838766,4015.061753486123,15430.79927404513,15430.79927404767,15430.799274041667,4015.0617534793564,4015.0617534838957,4015.0617534859994,15430.799274043471,15430.799274047593,15430.799274042263,4015.0617534768535,4015.06175348387,4015.061753486225,15430.799274051999,15430.799274047626,15430.799274040866
80,0.021910153775496995,0.021910153775502685,0.021910153775505165,4701.491484043247,4701.491484046613,4701.491484045655,20443.83787792627,20443.83787793368,20443.837877936938,4701.4914840423735,4701.491484046592,4701.491484045728,20443.837877929414,20443.83787793394,20443.837877935846,4701.491484044236,4701.491484046619,4701.491484045553,20443.837877932674,20443.837877933525,20443.83787793755
90,0.028089950414812253,0.028089950414811295,0.028089950414813287,5475.188402357802,5475.1884023564135,5475.188402352374,26486.241020223388,26486.24102022307,26486.24102022905,5475.188402358093,5475.188402356432,5475.188402352171,26486.241020224144,26486.24102022341,26486.24102022733,5475.18840235821,5475.18840235642,5475.188402352185,26486.241020223446,26486.241020223937,26486.241020226516
100,0.035326934900528954,0.03532693490052899,0.03532693490052928,6380.921201667748,6380.921201665252,6380.921201668512,33562.48873388639,33562.488733882725,33562.488733883016,6380.921201667923,6380.921201665302,6380.921201668236,33562.48873388278,33562.48873388404,33562.48873388111,6380.9212016669335,6380.921201665307,6380.921201668221,33562.48873387734,33562.4887338832,33562.488733882215
"{'distance': [0.167, 0.333, 0.5, 0.667, 0.833], 'solute_6': [8.0, -10.0, 8.0, -10.0, 8.0], 'solute_5': [8.0, -10.0, 8.0, -10.0, 8.0], 'solute_4': [8.0, -10.0, 8.0, -10.0, 8.0], 'solute_3': [8.0, -10.0, 8.0, -10.0, 8.0], 'solute_2': [8.0, -10.0, 8.0, -10.0, 8.0], 'solute_1': [8.0, -10.0, 8.0, -10.0, 8.0]}","{'solute_5e': '1.0 mM', 'solute_6e': '1.0 mM', 'solute_6i': '1.0 mM', 'solute_5i': '1.0 mM', 'solute_4i': '1.0 mM', 'solute_3i': '1.0 mM', 'solute_1e': '1.0 mM', 'solute_2i': '1.0 mM', 'solute_3e': '1.0 mM', 'solute_1i': '1.0 mM', 'solute_2e': '1.0 mM', 'solute_4e': '1.0 mM'}"
voltage,current,solute_6,solute_5,solute_4,solute_3,solute_2,solute_1
-150,-0.08704902634142472,-14781.811753064245,-83171.95964721804,-14781.811753066162,-83171.95964720043,-14781.811753065407,-83171.9596472218
-140,-0.07451884052576843,-12427.807394387964,-71312.97991263069,-12427.807394391459,-71312.97991265064,-12427.807394392412,-71312.97991262224
-130,-0.06318003963465722,-10447.205579350533,-60506.775523529264,-10447.205579354375,-60506.77552353325,-10447.205579353342,-60506.77552353765
-120,-0.052892717387926155,-8810.372037496074,-50622.60984884759,-8810.372037493715,-50622.60984883459,-8810.372037493928,-50622.60984884174
-110,-0.043605173149853606,-7473.179305679032,-41628.759025743835,-7473.179305678072,-41628.759025745596,-7473.179305679398,-41628.75902574016
-100,-0.03532693490052869,-6380.92120166569,-33562.48873388141,-6380.92120166506,-33562.48873388711,-6380.921201665549,-33562.4887338803
-90,-0.028089950414811302,-5475.1884023562025,-26486.241020223202,-5475.188402356311,-26486.241020222587,-5475.18840235648,-26486.241020224777
-80,-0.021910153775503663,-4701.491484046074,-20443.83787793537,-4701.491484046364,-20443.837877935275,-4701.491484046354,-20443.83787793407
-70,-0.01676172294093835,-4015.0617534839407,-15430.79927404622,-4015.061753483966,-15430.799274047287,-4015.0617534838248,-15430.799274047522
-60,-0.012569677864522765,-3383.30946043162,-11385.413376861721,-3383.309460431558,-11385.413376860977,-3383.309460431656,-11385.413376861985
-50,-0.009217995475227751,-2785.057746308174,-8197.5621331169,-2785.057746308575,-8197.562133117033,-2785.0577463079403,-8197.562133116928
-40,-0.006565485239365849,-2207.8144999382703,-5726.60173813489,-2207.8144999389374,-5726.601738134734,-2207.8144999393,-5726.601738135009
-30,-0.004461750059708376,-1644.549502748012,-3819.5792433285164,-1644.549502748298,-3819.5792433285073,-1644.5495027498073,-3819.579243328456
-20,-0.0027585906519424137,-1090.992558609942,-2324.448219177971,-1090.9925586102395,-2324.448219178615,-1090.9925586103107,-2324.448219178898
-10,-0.001315498063233771,-543.863253816533,-1096.6681059608231,-543.8632538165011,-1096.668105960598,-543.8632538166839,-1096.668105960996
0,-1.589962721482152e-16,3.012701199622825e-10,-3.77212927560322e-10,4.5088199840392917e-10,-5.773017619503662e-10,2.2532731236424297e-10,-3.0468072509393096e-11
10,0.0013154980632337759,543.8632538166112,1096.668105960962,543.8632538166023,1096.6681059601583,543.8632538164968,1096.6681059613152
20,0.0027585906519424362,1090.9925586102404,2324.448219178549,1090.9925586097443,2324.44821917835,1090.9925586104825,2324.4482191786665
30,0.004461750059708429,1644.5495027492707,3819.579243328525,1644.5495027483653,3819.579243328464,1644.549502748451,3819.5792433286724
40,0.006565485239365828,2207.8144999390283,5726.601738134856,2207.814499938752,5726.6017381348875,2207.8144999388064,5726.6017381347865
50,0.0092179954752277,2785.057746308073,8197.562133117053,2785.057746308227,8197.562133117199,2785.057746308416,8197.562133116433
60,0.012569677864523078,3383.30946043155,11385.41337686245,3383.309460431542,11385.413376862054,3383.3094604315866,11385.413376861234
70,0.016761722940938025,4015.061753484189,15430.799274043842,4015.0617534834373,15430.799274044812,4015.061753484419,15430.79927405119
80,0.02191015377550326,4701.491484046449,20443.837877933598,4701.4914840463425,20443.83787793366,4701.491484046457,20443.83787793597
90,0.02808995041481328,5475.188402356073,26486.2410202264,5475.188402356078,26486.24102022507,5475.188402355797,26486.2410202258
100,0.03532693490052903,6380.9212016660595,33562.48873388306,6380.921201665836,33562.48873388302,6380.92120166489,33562.48873388357
"{'distance': [0.167, 0.333, 0.5, 0.667, 0.833], 'solute_6': [8.0, -10.0, 8.0, -10.0, 8.0], 'solute_5': [8.0, -10.0, 8.0, -10.0, 8.0], 'solute_4': [8.0, -10.0, 8.0, -10.0, 8.0], 'solute_3': [8.0, -10.0, 8.0, -10.0, 8.0], 'solute_2': [8.0, -10.0, 8.0, -10.0, 8.0], 'solute_1': [8.0, -10.0, 8.0, -10.0, 8.0]}","{'solute_5e': '1.0 mM', 'solute_6e': '1.0 mM', 'solute_6i': '1.0 mM', 'solute_5i': '1.0 mM', 'solute_4i': '1.0 mM', 'solute_3i': '1.0 mM', 'solute_1e': '1.0 mM', 'solute_2i': '1.0 mM', 'solute_3e': '1.0 mM', 'solute_1i': '1.0 mM', 'solute_2e': '1.0 mM', 'solute_4e': '1.0 mM'}"
voltage,largest element,smallest element,element difference,element ratio difference,condition number,transport error solute_6,transport error solute_5,transport error solute_4,transport error solute_3,transport error solute_2,transport error solute_1,current errors,smallest eigenvalue,second smallest eigenvalue,sum absolute errors,sum squared errors
-150,433542989.0448944,12522.845398806083,433530466.19949561,34620.16620329977,27612151867747860.0,4.3037289287894964e-09,1.6487319953739643e-08,8.789356797933578e-09,2.223532646894455e-08,9.054929250851274e-09,7.843482308089733e-09,3.858025010572419e-15,170028.99639402275,3.0994435410673743e-08,2.5544325345888595e-08,1.1615659900598985e-07
-140,381737748.32482421,14312.805243240478,381723435.51958096,26671.064255912224,29119609347942860.0,1.074658939614892e-08,9.138602763414383e-09,2.3752363631501794e-08,2.8696376830339432e-08,2.3665052140131593e-08,2.0299921743571758e-08,1.3114509478384662e-14,176055.7529747269,4.2812014940943845e-08,6.8607580354181268e-08,3.1317631510319188e-07
-130,336674673.37130946,16358.613989633934,336658314.75731981,20580.880115188989,31022657707174580.0,1.8004357116296887e-08,5.653419066220522e-09,9.76797309704125e-10,2.1296727936714888e-08,1.05355866253376e-08,2.1507730707526207e-08,1.6930901125533637e-14,184270.9131669974,2.1228099563527878e-08,4.8697109289545323e-08,1.7113734429585747e-07
-120,297557870.34723133,18696.841542522128,297539173.50568879,15914.873625606604,1.606061600632967e+17,8.387360139749944e-09,4.5649358071386814e-08,8.636561688035727e-09,1.1074007488787174e-08,2.6793713914230466e-09,3.5775883588939905e-08,3.191891195797325e-15,194845.80996282538,1.2319893648205067e-08,4.3579914416546805e-08,1.693534841251676e-07
-110,263696467.12531567,21369.284946004384,263675097.84036967,12339.976175694241,26038298714574716.0,4.49108483735472e-09,1.3751559890806675e-08,8.922143024392426e-09,1.2842065189033747e-08,5.136826075613499e-09,3.4880940802395344e-08,1.0831613383999183e-14,207969.64847345045,1.9517044120042081e-08,3.0368243581925431e-08,1.2958270190210897e-07
-100,234492411.26088765,24423.715527832945,234467987.54535982,9601.0130397098346,2.1921607017842566e+17,4.926732799503952e-09,1.18525349535048e-08,5.966285243630409e-09,2.60770320892334e-08,4.727553459815681e-09,1.2347300071269274e-08,1.2628786905111156e-14,223846.79694323888,4.2877132067511227e-09,2.5360501297437503e-08,1.1773215646826429e-07
-90,209429907.32486603,27914.732836956453,209401992.59202906,7502.4865381337531,24738038724572444.0,4.052708391100168e-09,1.2441887520253658e-08,6.51925802230835e-09,1.1219526641070843e-08,7.799826562404633e-09,4.358298610895872e-09,6.845218836204481e-15,242687.94160160419,1.593828180803436e-08,1.9207924206743522e-08,1.0492675528439577e-07
-80,188066307.04156122,31904.740639099407,188034402.30092213,5894.6195228142706,2.3801768250407773e+17,4.652065399568528e-09,7.0031092036515474e-09,1.8953869584947824e-09,7.232301868498325e-09,1.7962520360015333e-09,1.7462298274040222e-09,1.4988010832439613e-15,264692.68765347468,6.5697199138365788e-09,1.1254092971220751e-08,5.7430156630289275e-08
-70,170024291.33495164,36465.062416810317,169987826.27253482,4662.6628357715572,43952102592825552.0,1.7389538697898388e-09,3.974491846747696e-09,9.781615517567843e-10,8.734787115827203e-09,3.4124241210520267e-09,3.3232936402782798e-09,3.2404634531246757e-15,290022.21944379166,7.0346505595096712e-09,1.2391815681515606e-08,4.2258761823177338e-08
-60,154985206.20450801,41677.216314127232,154943528.98819387,3718.70340466988,3.7902268865292122e+17,2.546585164964199e-09,9.64064383879304e-10,3.3760443329811096e-09,1.183070708066225e-08,3.92901711165905e-09,6.402842700481415e-09,5.238864897449957e-16,318762.98961565609,7.779823505752726e-09,7.5244385557063667e-09,3.5368088902032468e-08
-50,142683434.73031145,47634.372316165412,142635800.3579953,2995.3881575949677,72212760490408800.0,2.708111423999071e-08,6.00994098931551e-09,2.8532213036669418e-08,7.8580342233181e-10,5.411720849224366e-08,2.6957422960549593e-09,2.5760643618255585e-15,350886.31396964594,3.7446384036120549e-08,4.8840319519242372e-08,2.2497067675431026e-07
-40,132901705.80709332,54443.017711476496,132847262.78938185,2441.1157094820237,3.376899092244569e+17,2.1740561351180077e-08,1.6880221664905548e-08,2.86672729998827e-09,1.83936208486557e-08,1.8888385966420174e-08,4.743924364447594e-09,1.5933435126846973e-15,386213.55276343098,1.125817922599606e-07,3.4117765882467912e-08,1.6296519333991455e-07
-30,125467256.75111784,62224.860608192641,125405031.89050965,2016.3525562739242,73598288752054960.0,3.040804585907608e-08,1.862645149230957e-09,1.813123162719421e-08,7.278231350937858e-09,4.969115252606571e-08,1.0244548320770264e-08,1.8821749714348357e-16,424399.98673127999,1.022608025715974e-07,3.190202765216854e-08,1.7156708054244518e-07
-20,120248782.00473881,71119.005530305265,120177662.9992085,1690.8107911252828,50210699950763040.0,1.3954831956652924e-08,2.224669515271671e-08,9.051291272044182e-09,3.2247044146060944e-08,9.522182153887115e-09,3.2567186281085014e-08,5.967448757360216e-16,464947.98628983693,1.2560334424111753e-07,2.5321047923135374e-08,1.4020156413607765e-07
-10,117154114.0473401,81284.439984003038,117072829.60735609,1441.2858607427977,26298196219460348.0,3.4269760362803936e-09,6.367918103933334e-08,3.8080543163232505e-09,3.122113412246108e-08,7.870767149142921e-09,3.6176061257719994e-08,5.035034889022683e-16,507233.72776143497,3.1897955341820901e-08,2.8209231463931118e-08,1.4361580724653322e-07
0,116128595.55343381,92902.876442747045,116035692.67699106,1250.0,1.1552301873496091e+17,1.8462060324964114e-08,2.4737119019846432e-08,3.0747969503863715e-08,3.698619366332423e-08,1.984130904020276e-08,1.1612428352236748e-08,9.82888363978418e-15,547101.5039948785,8.5557523214011604e-08,2.9689973296603007e-08,1.6124386092997156e-07
10,117154114.04734012,81284.439984003053,117072829.60735612,1441.2858607427977,83969650282179664.0,7.916241884231567e-09,1.1838210411951877e-08,2.88418959826231e-08,5.986657924950123e-08,3.5797711461782455e-08,4.898174665868282e-08,1.3444106938820255e-16,507233.72776143521,4.258783473109572e-08,3.3354599781674566e-08,1.6250305634457618e-07
20,120248782.00473882,71119.005530305265,120177662.99920851,1690.810791125283,2.2066829855944464e+17,4.281173460185528e-08,6.9267116487026215e-09,6.216578185558319e-08,7.3450792115181684e-09,1.985131348192226e-08,7.930793799459934e-09,2.654126918244515e-16,464947.98628983443,1.056249240809573e-07,2.8413201995168282e-08,1.3551925803767517e-07
30,125467256.75111784,62224.860608192655,125405031.89050965,2016.3525562739237,1.1066516603323036e+18,2.7253918233327568e-08,3.245986590627581e-09,1.9722847355296835e-08,2.648448571562767e-09,2.136221155524254e-08,5.704350769519806e-09,4.440892098500626e-16,424399.98673127923,9.3929577695895067e-08,3.3984123726302136e-08,1.5619320947735105e-07
40,132901705.80709335,54443.017711476503,132847262.78938188,2441.1157094820237,1.0553362836998813e+17,5.602487362921238e-09,7.075868779793382e-10,4.72255123895593e-09,2.4383552954532206e-09,2.033175405813381e-09,1.1550582712516189e-09,2.2811613709095013e-16,386213.55276343232,2.2883867160736051e-08,4.4307034103976813e-08,1.3835278878104873e-07
50,142683434.73031151,47634.37231616542,142635800.35799536,2995.3881575949686,1.5081140421578419e+17,4.889443516731262e-09,2.1373125491663814e-09,1.4333636499941349e-08,3.825334715656936e-09,1.229636836796999e-08,6.937625585123897e-09,6.418476861114186e-17,350886.31396964501,8.2394141727915695e-09,5.1653855997078273e-08,1.7981506061914843e-07
60,154985206.20450804,41677.216314127247,154943528.9881939,3718.7034046698795,48221667280540536.0,2.9685907065868378e-09,5.398760549724102e-09,1.3669705367647111e-09,2.1118466975167394e-09,6.239133654162288e-10,6.170012056827545e-09,4.111294638065033e-16,318762.98961565515,5.7182079483778943e-09,8.7111169209228754e-09,3.02277385344496e-08
70,170024291.3349517,36465.062416810324,169987826.27253488,4662.6628357715581,1.200895216810401e+17,2.5625013222452253e-09,1.915759639814496e-08,5.2846189646515995e-08,1.363514456897974e-08,5.104675437905826e-08,3.082095645368099e-08,6.175615574477433e-16,290022.2194437845,3.3744262664356883e-09,7.0043645861130194e-08,2.7483338271849789e-07
80,188066307.04156131,31904.740639099422,188034402.30092221,5894.6195228142706,65513236842756960.0,2.7930582291446626e-09,4.496541805565357e-09,2.179149305447936e-09,2.8230715543031693e-09,1.382431946694851e-09,7.807102520018816e-09,6.245004513516506e-16,264692.68765347806,5.3197078230154537e-09,7.247212984140129e-09,3.2538082450628281e-08
90,209429907.32486618,27914.732836956468,209401992.59202921,7502.4865381337549,81107499520783968.0,1.7635102267377079e-09,5.209585651755333e-09,1.82626536116004e-09,2.5393092073500156e-09,2.422893885523081e-09,1.5243131201714277e-09,1.790234627208065e-15,242687.94160160274,4.4361587925010429e-09,6.0225037773457781e-09,3.3953256206586957e-08
100,234492411.2608878,24423.715527832952,234467987.54535997,9601.0130397098364,47457021003480104.0,9.719769877847284e-09,6.708432920277119e-09,5.762558430433273e-09,1.7680577002465725e-09,1.0579242371022701e-08,1.6538251657038927e-08,3.677613769070831e-15,223846.7969432403,9.423637816877354e-09,1.8747182720913296e-08,1.1216525308554992e-07
"{'distance': [0.167, 0.333, 0.5, 0.667, 0.833], 'solute_6': [8.0, -10.0, 8.0, -10.0, 8.0], 'solute_5': [8.0, -10.0, 8.0, -10.0, 8.0], 'solute_4': [8.0, -10.0, 8.0, -10.0, 8.0], 'solute_3': [8.0, -10.0, 8.0, -10.0, 8.0], 'solute_2': [8.0, -10.0, 8.0, -10.0, 8.0], 'solute_1': [8.0, -10.0, 8.0, -10.0, 8.0]}","{'solute_5e': '1.0 mM', 'solute_6e': '1.0 mM', 'solute_6i': '1.0 mM', 'solute_5i': '1.0 mM', 'solute_4i': '1.0 mM', 'solute_3i': '1.0 mM', 'solute_1e': '1.0 mM', 'solute_2i': '1.0 mM', 'solute_3e': '1.0 mM', 'solute_1i': '1.0 mM', 'solute_2e': '1.0 mM', 'solute_4e': '1.0 mM'}"
voltage,"current, barrier 0","current, barrier 1","current, barrier 2",solute_6 transport over barrier 0,solute_6 transport over barrier 1,solute_6 transport over barrier 2,solute_5 transport over barrier 0,solute_5 transport over barrier 1,solute_5 transport over barrier 2,solute_4 transport over barrier 0,solute_4 transport over barrier 1,solute_4 transport over barrier 2,solute_3 transport over barrier 0,solute_3 transport over barrier 1,solute_3 transport over barrier 2,solute_2 transport over barrier 0,solute_2 transport over barrier 1,solute_2 transport over barrier 2,solute_1 transport over barrier 0,solute_1 transport over barrier 1,solute_1 transport over barrier 2
-150,-0.08704902634142772,-0.08704902634142472,-0.08704902634142386,-14781.811753059941,-14781.811753064245,-14781.81175306387,-83171.95964721889,-83171.95964721804,-83171.9596472024,-14781.811753057373,-14781.811753066162,-14781.811753063928,-83171.95964722267,-83171.95964720043,-83171.9596472095,-14781.811753058133,-14781.811753065407,-14781.811753067188,-83171.9596472183,-83171.9596472218,-83171.95964722615
-140,-0.07451884052576821,-0.07451884052576843,-0.07451884052578132,-12427.807394385709,-12427.807394387964,-12427.807394396455,-71312.97991263983,-71312.97991263069,-71312.97991263404,-12427.807394379746,-12427.807394391459,-12427.807394403499,-71312.9799126347,-71312.97991265064,-71312.9799126634,-12427.80739437803,-12427.807394392412,-12427.807394401694,-71312.97991264254,-71312.97991262224,-71312.97991263145
-130,-0.0631800396346555,-0.06318003963465722,-0.06318003963464029,-10447.205579364225,-10447.205579350533,-10447.20557934622,-60506.77552352989,-60506.775523529264,-60506.77552352424,-10447.205579355352,-10447.205579354375,-10447.205579354835,-60506.77552352863,-60506.77552353325,-60506.775523511955,-10447.205579357746,-10447.205579353342,-10447.20557934721,-60506.77552352672,-60506.77552353765,-60506.775523516146
-120,-0.05289271738792422,-0.052892717387926155,-0.05289271738792296,-8810.372037490477,-8810.372037496074,-8810.372037487687,-50622.60984883529,-50622.60984884759,-50622.60984888094,-8810.372037497196,-8810.372037493715,-8810.37203748856,-50622.60984884367,-50622.60984883459,-50622.609848832595,-8810.372037496607,-8810.372037493928,-8810.372037496418,-50622.60984883864,-50622.60984884174,-50622.609848805965
-110,-0.04360517314985248,-0.043605173149853606,-0.043605173149842774,-7473.179305683523,-7473.179305679032,-7473.17930567998,-41628.75902573844,-41628.759025743835,-41628.759025752195,-7473.179305686994,-7473.179305678072,-7473.179305686557,-41628.75902573737,-41628.759025745596,-41628.759025732754,-7473.179305682032,-7473.179305679398,-7473.179305676895,-41628.759025742256,-41628.75902574016,-41628.759025707375
-100,-0.03532693490052568,-0.03532693490052869,-0.03532693490053831,-6380.921201664249,-6380.92120166569,-6380.9212016607635,-33562.48873388234,-33562.48873388141,-33562.48873389326,-6380.921201667428,-6380.92120166506,-6380.921201661462,-33562.4887338735,-33562.48873388711,-33562.488733899576,-6380.92120166494,-6380.921201665549,-6380.921201660822,-33562.48873388342,-33562.4887338803,-33562.48873389265
-90,-0.028089950414818148,-0.028089950414811302,-0.028089950414814366,-5475.188402354448,-5475.1884023562025,-5475.188402358501,-26486.241020232774,-26486.241020223202,-26486.241020220332,-5475.188402354135,-5475.188402356311,-5475.188402360654,-26486.241020233807,-26486.241020222587,-26486.24102022586,-5475.188402352855,-5475.18840235648,-5475.188402360654,-26486.241020229136,-26486.241020224777,-26486.24102022851
-80,-0.021910153775502164,-0.021910153775503663,-0.0219101537755025,-4701.491484050726,-4701.491484046074,-4701.491484047205,-20443.83787793033,-20443.83787793537,-20443.837877928367,-4701.49148404826,-4701.491484046364,-4701.491484047729,-20443.83787793033,-20443.837877935275,-20443.837877937563,-4701.491484048151,-4701.491484046354,-4701.491484047263,-20443.837877935206,-20443.83787793407,-20443.83787793346
-70,-0.016761722940938462,-0.01676172294093835,-0.016761722940935222,-4015.0617534850535,-4015.0617534839407,-4015.0617534833145,-15430.799274050194,-15430.79927404622,-15430.79927404903,-4015.0617534849443,-4015.061753483966,-4015.0617534841876,-15430.799274044432,-15430.799274047287,-15430.799274038553,-4015.0617534866105,-4015.0617534838248,-4015.061753483198,-15430.7992740443,-15430.799274047522,-15430.799274044199
-60,-0.01256967786452329,-0.012569677864522765,-0.012569677864522986,-3383.309460429664,-3383.30946043162,-3383.3094604322105,-11385.413376861194,-11385.413376861721,-11385.413376860757,-3383.309460430639,-3383.309460431558,-3383.309460434015,-11385.413376868397,-11385.413376860977,-11385.413376856566,-3383.309460429271,-3383.309460431656,-3383.3094604332,-11385.41337685936,-11385.413376861985,-11385.413376865763
-50,-0.009217995475227376,-0.009217995475227751,-0.009217995475225175,-2785.057746308579,-2785.057746308174,-2785.057746281498,-8197.562133117826,-8197.5621331169,-8197.562133111816,-2785.0577462997026,-2785.057746308575,-2785.057746280043,-8197.562133116531,-8197.562133117033,-8197.562133117317,-2785.0577463147783,-2785.0577463079403,-2785.0577463620575,-8197.562133116153,-8197.562133116928,-8197.562133114232
-40,-0.006565485239366405,-0.006565485239365849,-0.006565485239367442,-2207.814499956876,-2207.8144999382703,-2207.8144999351352,-5726.601738134457,-5726.60173813489,-5726.6017381513375,-2207.8144999378565,-2207.8144999389374,-2207.814499940723,-5726.601738137746,-5726.601738134734,-5726.601738119352,-2207.814499922708,-2207.8144999393,-2207.8144999415963,-5726.601738133701,-5726.601738135009,-5726.6017381384445
-30,-0.004461750059708468,-0.004461750059708376,-0.004461750059708564,-1644.54950277842,-1644.549502748012,-1644.5495027676516,-3819.5792433278693,-3819.5792433285164,-3819.579243329732,-1644.5495027664292,-1644.549502748298,-1644.5495027540019,-3819.5792433286842,-3819.5792433285073,-3819.5792433357856,-1644.5495027001161,-1644.5495027498073,-1644.5495027264697,-3819.57924332979,-3819.579243328456,-3819.5792433195456
-20,-0.0027585906519424185,-0.0027585906519424137,-0.0027585906519430104,-1090.992558623897,-1090.992558609942,-1090.9925586128084,-2324.448219200014,-2324.448219177971,-2324.448219200218,-1090.9925586044264,-1090.9925586102395,-1090.9925586134777,-2324.4482191788848,-2324.448219178615,-2324.4482191466377,-1090.9925586007885,-1090.9925586103107,-1090.9925586054742,-2324.4482191572897,-2324.448219178898,-2324.448219189857
-10,-0.0013154980632342646,-0.001315498063233771,-0.0013154980632337611,-543.8632538175152,-543.863253816533,-543.8632538199599,-1096.6681059801194,-1096.6681059608231,-1096.6681059164403,-543.8632538194361,-543.8632538165011,-543.8632538203092,-1096.6681059658004,-1096.668105960598,-1096.6681059918192,-543.8632538123056,-543.8632538166839,-543.8632538088132,-1096.6681059382681,-1096.668105960996,-1096.6681059744442
0,9.669887367635965e-15,-1.589962721482152e-16,8.867948781698942e-15,-1.816079020500183e-08,3.012701199622825e-10,-1.696753315627575e-08,1.900480128824711e-08,-3.77212927560322e-10,2.435990609228611e-08,-3.0297087505459785e-08,4.5088199840392917e-10,-2.208980731666088e-08,3.079185262322426e-08,-5.773017619503662e-10,3.640889190137386e-08,-6.490154191851616e-09,2.2532731236424297e-10,-1.9615981727838516e-08,7.8580342233181e-09,-3.0468072509393096e-11,-3.754394128918648e-09
10,0.0013154980632339103,0.0013154980632337759,0.0013154980632338405,543.8632538097445,543.8632538166112,543.8632538176607,1096.6681059607072,1096.668105960962,1096.6681059491239,543.8632537955709,543.8632538166023,543.8632538244128,1096.6681059529947,1096.6681059601583,1096.6681060128612,543.8632538438251,543.8632538164968,543.8632538080274,1096.6681059694383,1096.6681059613152,1096.6681059204566
20,0.0027585906519426422,0.0027585906519424362,0.002758590651942377,1090.9925586391473,1090.9925586102404,1090.9925585963356,2324.448219183192,2324.448219178549,2324.4482191762654,1090.9925585831515,1090.9925586097443,1090.9925586453173,2324.4482191821153,2324.44821917835,2324.448219185695,1090.992558608501,1090.9925586104825,1090.9925585906312,2324.4482191707357,2324.4482191786665,2324.448219172511
30,0.00446175005970811,0.004461750059708429,0.004461750059707985,1644.5495027362194,1644.5495027492707,1644.5495027220168,3819.579243325279,3819.579243328525,3819.5792433262977,1644.5495027680881,1644.5495027483653,1644.5495027642173,3819.579243327753,3819.579243328464,3819.5792433304014,1644.5495027408178,1644.549502748451,1644.54950276218,3819.5792433321185,3819.5792433286724,3819.579243326414
40,0.006565485239365652,0.006565485239365828,0.00656548523936588,2207.814499941771,2207.8144999390283,2207.8144999361684,5726.601738135563,5726.601738134856,5726.60173813533,2207.8144999340293,2207.814499938752,2207.814499938351,5726.601738132449,5726.6017381348875,5726.601738134777,2207.8144999408396,2207.8144999388064,2207.81449994017,5726.601738135942,5726.6017381347865,5726.601738135534
50,0.009217995475227756,0.0092179954752277,0.009217995475227692,2785.0577463127556,2785.057746308073,2785.057746307866,8197.562133115745,8197.562133117053,8197.562133114916,2785.057746295759,2785.057746308227,2785.0577463100926,8197.562133116648,8197.562133117199,8197.562133113373,2785.057746317063,2785.057746308416,2785.0577463047666,8197.562133118045,8197.562133116433,8197.56213312337
60,0.012569677864522866,0.012569677864523078,0.012569677864523277,3383.3094604297657,3383.30946043155,3383.3094604327343,11385.41337686361,11385.41337686245,11385.41337685821,3383.309460432909,3383.309460431542,3383.3094604327052,11385.413376860757,11385.413376862054,11385.413376859942,3383.3094604322105,3383.3094604315866,3383.309460432094,11385.413376860612,11385.413376861234,11385.413376866782
70,0.016761722940938643,0.016761722940938025,0.01676172294093828,4015.0617534816265,4015.061753484189,4015.0617534823905,15430.79927404705,15430.799274043842,15430.799274063,4015.0617535362835,4015.0617534834373,4015.061753490474,15430.799274043646,15430.799274044812,15430.79927405728,4015.0617534333724,4015.061753484419,4015.061753478585,15430.799274051475,15430.79927405119,15430.799274020654
80,0.021910153775502636,0.02191015377550326,0.02191015377550306,4701.491484049242,4701.491484046449,4701.491484047438,20443.837877931976,20443.837877933598,20443.837877936472,4701.491484047088,4701.4914840463425,4701.491484048522,20443.83787793308,20443.83787793366,20443.837877935905,4701.491484046041,4701.491484046457,4701.491484047423,20443.837877934653,20443.83787793597,20443.837877928163
90,0.028089950414813908,0.02808995041481328,0.028089950414812118,5475.18840235431,5475.188402356073,5475.188402355692,26486.24102022816,26486.2410202264,26486.24102022295,5475.188402354252,5475.188402356078,5475.188402355634,26486.241020227608,26486.24102022507,26486.24102022586,5475.188402355299,5475.188402355797,5475.188402357722,26486.241020225512,26486.2410202258,26486.241020224275
100,0.03532693490053138,0.03532693490052903,0.035326934900527705,6380.92120165634,6380.9212016660595,6380.921201664678,33562.48873388852,33562.48873388306,33562.48873388181,6380.92120166024,6380.921201665836,6380.921201666002,33562.48873388182,33562.48873388302,33562.488733881255,6380.921201659483,6380.92120166489,6380.921201670062,33562.488733897015,33562.48873388357,33562.48873388048
"{'distance': [0.167, 0.333, 0.5, 0.667, 0.833], 'solute_6': [8.0, -10.0, 8.0, -10.0, 8.0], 'solute_5': [8.0, -10.0, 8.0, -10.0, 8.0], 'solute_4': [8.0, -10.0, 8.0, -10.0, 8.0], 'solute_3': [8.0, -10.0, 8.0, -10.0, 8.0], 'solute_2': [8.0, -10.0, 8.0, -10.0, 8.0], 'solute_1': [8.0, -10.0, 8.0, -10.0, 8.0]}","{'solute_5e': '1.0 mM', 'solute_6e': '1.0 mM', 'solute_6i': '1.0 mM', 'solute_5i': '1.0 mM', 'solute_4i': '1.0 mM', 'solute_3i': '1.0 mM', 'solute_1e': '1.0 mM', 'solute_2i': '1.0 mM', 'solute_3e': '1.0 mM', 'solute_1i': '1.0 mM', 'solute_2e': '1.0 mM', 'solute_4e': '1.0 mM'}"
voltage,current,solute_6,solute_5,solute_4,solute_3,solute_2,solute_1
-150,-0.08704902634146644,-14781.81175304132,-83171.95964724818,-14781.81175306697,-83171.95964727816,-14781.811753066659,-83171.9596472546
-140,-0.07451884052579365,-12427.807394378468,-71312.9799126449,-12427.807394390604,-71312.97991266528,-12427.807394390447,-71312.97991267826
-130,-0.06318003963463911,-10447.205579361778,-60506.77552350439,-10447.205579352903,-60506.77552352502,-10447.205579352985,-60506.775523509554
-120,-0.05289271738793485,-8810.37203748839,-50622.60984885145,-8810.3720374953,-50622.60984885912,-8810.37203749552,-50622.609848842745
-110,-0.04360517314985569,-7473.179305676267,-41628.759025754545,-7473.179305679806,-41628.75902574492,-7473.179305679862,-41628.75902573691
-100,-0.03532693490052454,-6380.921201667746,-33562.488733880265,-6380.921201665248,-33562.48873387915,-6380.921201665283,-33562.48873387546
-90,-0.02808995041480826,-5475.188402359124,-26486.241020220485,-5475.188402355623,-26486.241020220077,-5475.188402355656,-26486.2410202198
-80,-0.021910153775504097,-4701.491484045753,-20443.837877935493,-4701.491484046619,-20443.837877934937,-4701.491484046631,-20443.837877935537
-70,-0.016761722940938514,-4015.0617534836806,-15430.799274046449,-4015.061753484048,-15430.799274047396,-4015.0617534840444,-15430.799274047673
-60,-0.012569677864522793,-3383.3094604317034,-11385.413376861045,-3383.3094604315706,-11385.413376861123,-3383.309460431582,-11385.4133768626
-50,-0.009217995475227423,-2785.057746308467,-8197.56213311639,-2785.057746308177,-8197.56213311654,-2785.057746308179,-8197.562133116842
-40,-0.006565485239365988,-2207.8144999387587,-5726.601738135168,-2207.8144999388633,-5726.601738134921,-2207.8144999388587,-5726.601738134992
-30,-0.004461750059708357,-1644.549502748734,-3819.579243328384,-1644.5495027487016,-3819.5792433285073,-1644.5495027486975,-3819.579243328523
-20,-0.0027585906519424276,-1090.9925586101629,-2324.448219178513,-1090.9925586101597,-2324.448219178505,-1090.9925586101583,-2324.4482191785146
-10,-0.0013154980632337752,-543.8632538165728,-1096.6681059608043,-543.8632538165721,-1096.6681059608018,-543.8632538165696,-1096.6681059608254
0,2.221941031166352e-18,-4.547473508864641e-13,-1.6370904631912708e-11,-1.3642420526593924e-12,1.3869794202037156e-11,-2.0463630789890885e-12,1.1368683772161603e-11
10,0.001315498063233781,543.8632538165639,1096.6681059608168,543.8632538165714,1096.6681059608368,543.863253816573,1096.6681059607993
20,0.0027585906519424627,1090.9925586101317,2324.4482191785582,1090.9925586101688,2324.448219178544,1090.992558610175,2324.4482191785432
30,0.004461750059708331,1644.549502748755,3819.579243328427,1644.5495027486927,3819.5792433284223,1644.5495027486932,3819.579243328478
40,0.006565485239365884,2207.814499938825,5726.601738134933,2207.814499938854,5726.601738134821,2207.814499938858,5726.601738134974
50,0.00921799547522761,2785.0577463083205,8197.562133116911,2785.0577463082072,8197.562133116915,2785.05774630822,8197.562133116566
60,0.012569677864523406,3383.3094604313,11385.413376862345,3383.309460431629,11385.413376861996,3383.309460431634,11385.413376862476
70,0.016761722940938226,4015.0617534838934,15430.799274045545,4015.0617534840176,15430.799274048008,4015.0617534840244,15430.799274046982
80,0.02191015377550326,4701.4914840463525,20443.837877933754,4701.491484046542,20443.837877933183,4701.491484046536,20443.837877936196
90,0.028089950414813193,5475.188402355817,26486.241020229034,5475.188402356087,26486.24102022172,5475.188402356042,26486.24102022623
100,0.03532693490053173,6380.921201663037,33562.488733887476,6380.921201665767,33562.488733888735,6380.921201665838,33562.488733882936
"{'distance': [0.167, 0.333, 0.5, 0.667, 0.833], 'solute_6': [8.0, -10.0, 8.0, -10.0, 8.0], 'solute_5': [8.0, -10.0, 8.0, -10.0, 8.0], 'solute_4': [8.0, -10.0, 8.0, -10.0, 8.0], 'solute_3': [8.0, -10.0, 8.0, -10.0, 8.0], 'solute_2': [8.0, -10.0, 8.0, -10.0, 8.0], 'solute_1': [8.0, -10.0, 8.0, -10.0, 8.0]}","{'solute_5e': '1.0 mM', 'solute_6e': '1.0 mM', 'solute_6i': '1.0 mM', 'solute_5i': '1.0 mM', 'solute_4i': '1.0 mM', 'solute_3i': '1.0 mM', 'solute_1e': '1.0 mM', 'solute_2i': '1.0 mM', 'solute_3e': '1.0 mM', 'solute_1i': '1.0 mM', 'solute_2e': '1.0 mM', 'solute_4e': '1.0 mM'}"
voltage,largest element,smallest element,element difference,element ratio difference,condition number,transport error solute_6,transport error solute_5,transport error solute_4,transport error solute_3,transport error solute_2,transport error solute_1,current errors,smallest eigenvalue,second smallest eigenvalue,sum absolute errors,sum squared errors
-150,433542989.0448944,12522.845398806083,433530466.19949561,34620.16620329977,27612151867747860.0,1.365770003758371e-07,3.9042788557708263e-08,4.0745362639427185e-10,4.385947249829769e-08,3.001332515850663e-10,2.4054315872490406e-08,1.0880185641326534e-14,376783.72910629871,2.6478664949536324e-07,9.0030517033442081e-08,2.1656967419403372e-07
-140,381737748.32482421,14312.805243240478,381723435.51958096,26671.064255912224,29119609347942860.0,7.737253326922655e-08,2.9976945370435715e-08,1.4370016288012266e-10,2.8740032576024532e-08,3.1104718800634146e-10,4.7264620661735535e-08,6.2450045135165055e-15,378590.83101105958,1.5296973288059235e-07,5.531239701335723e-08,1.5069065284478711e-07
-130,336674673.37130946,16358.613989633934,336658314.75731981,20580.880115188989,31022657707174580.0,6.795016815885901e-08,3.1992385629564524e-08,1.6007106751203537e-10,1.5454133972525597e-08,1.8735590856522322e-10,2.817978383973241e-08,5.495603971894525e-15,384888.56084530649,-1.3760291039943695e-07,4.5452960357796594e-08,1.2995934639548068e-07
-120,297557870.34723133,18696.841542522128,297539173.50568879,15914.873625606604,1.606061600632967e+17,6.689515430480242e-08,1.1590600479394197e-08,2.764863893389702e-10,3.859167918562889e-08,6.584741640836e-10,4.059984348714352e-09,5.072331443756184e-15,396496.99908693001,1.3946555554866791e-07,4.6425256002677778e-08,1.0842029496416217e-07
-110,263696467.12531567,21369.284946004384,263675097.84036967,12339.976175694241,26038298714574716.0,4.3037289287894964e-08,3.259629011154175e-08,3.2014213502407074e-10,1.5286786947399378e-08,7.275957614183426e-11,9.466020856052637e-09,5.530298441414061e-15,414274.25385837414,9.2783011496067047e-08,4.2133933091646987e-08,1.1263335863986867e-07
-100,234492411.26088765,24423.715527832945,234467987.54535982,9601.0130397098346,2.1921607017842566e+17,3.7216523196548223e-08,4.773028194904327e-09,4.802132025361061e-10,1.236185198649764e-08,1.9554136088117957e-10,1.514126779511571e-08,5.329070518200751e-15,438880.82735444489,-8.2422047853469849e-08,2.5919293517215506e-08,6.9249665557435947e-08
-90,209429907.32486603,27914.732836956453,209401992.59202906,7502.4865381337531,24738038724572444.0,6.792834028601646e-08,9.655195754021406e-09,1.127773430198431e-10,1.2980308383703232e-08,1.0186340659856796e-10,1.3213139027357101e-08,6.619704784327496e-15,470520.00943670637,-1.5588011592626572e-07,4.0989273571151631e-08,9.1311164851504145e-08
-80,188066307.04156122,31904.740639099407,188034402.30092213,5894.6195228142706,2.3801768250407773e+17,2.1951564121991396e-08,1.673470251262188e-08,6.184563972055912e-11,2.422893885523081e-09,7.366907084360719e-11,5.180481821298599e-09,3.896188927043909e-15,508698.10240547627,5.186302587389946e-08,1.5303902150039268e-08,3.9079282032616902e-08
-70,170024291.33495164,36465.062416810317,169987826.27253482,4662.6628357715572,43952102592825552.0,1.2696546036750078e-08,7.479684427380562e-09,9.458744898438454e-11,8.280039764940739e-09,2.255546860396862e-10,5.529727786779404e-09,7.806255641895632e-16,552018.01948165975,3.0617229640483856e-08,1.1057839777172815e-08,3.0361889002961107e-08
-60,154985206.20450801,41677.216314127232,154943528.98819387,3718.70340466988,3.7902268865292122e+17,5.791662260890007e-09,6.581103662028909e-09,1.1596057447604835e-10,5.282345227897167e-09,2.1827872842550278e-10,7.654307410120964e-09,1.0894063429134349e-15,598141.0457350295,-1.4260876923799515e-08,1.0209157372403112e-08,3.0501041692332365e-08
-50,142683434.73031145,47634.372316165412,142635800.3579953,2995.3881575949677,72212760490408800.0,1.765147317200899e-08,5.2241375669837e-09,1.8417267710901797e-10,5.311449058353901e-09,2.1827872842550278e-10,1.4752004062756896e-09,1.412064909445121e-15,644191.22121086018,-4.3190084397792816e-08,1.1293725291026563e-08,2.8447516342566814e-08
-40,132901705.80709332,54443.017711476496,132847262.78938185,2441.1157094820237,3.376899092244569e+17,8.789356797933578e-09,5.966285243630409e-09,1.191438059322536e-10,1.6570993466302752e-09,1.4551915228366852e-10,1.1459633242338896e-09,1.1744077932362984e-15,687610.67164748278,2.176966518163681e-08,6.7107500925894256e-09,1.8633613763086032e-08
-30,125467256.75111784,62224.860608192641,125405031.89050965,2016.3525562739242,73598288752054960.0,4.190951585769653e-09,2.9485818231478333e-09,1.1641532182693481e-10,6.380105332937092e-10,2.3283064365386963e-10,1.2646523828152567e-09,9.610368056911511e-16,726948.81056525314,-1.0943040251731873e-08,5.4338075167563398e-09,1.8389755496173166e-08
-20,120248782.00473881,71119.005530305265,120177662.9992085,1690.8107911252828,50210699950763040.0,1.367880031466484e-09,2.6775524020195007e-09,8.731149137020111e-11,2.3283064365386963e-09,5.979927664157003e-11,2.066371962428093e-09,5.408000436357696e-16,762061.99140330893,-3.2596290111541748e-09,3.3691151883102457e-09,1.2248165148776025e-08
-10,117154114.0473401,81284.439984003038,117072829.60735609,1441.2858607427977,26298196219460348.0,3.4924596548080444e-10,1.076841726899147e-09,1.0459189070388675e-10,8.658389560878277e-10,7.253220246639103e-11,2.7066562324762344e-09,4.568827954853916e-16,793757.54397012631,-2.3283064365386963e-10,2.3521528907277058e-09,8.4889961726730689e-09
0,116128595.55343381,92902.876442747045,116035692.67699106,1250.0,1.1552301873496091e+17,1.7462298274040222e-09,2.3865140974521637e-09,2.6193447411060333e-10,4.0745362639427185e-09,1.1641532182693481e-10,9.604264050722122e-10,1.18782782010385e-16,823275.51739875227,-4.5401975512504578e-09,4.2150390473477133e-09,1.4875467968522571e-08
10,117154114.04734012,81284.439984003053,117072829.60735612,1441.2858607427977,83969650282179664.0,3.230525180697441e-09,4.297362465877086e-10,4.160938260611147e-11,2.4156179279088974e-09,1.1641532182693481e-10,1.7996626411331818e-09,6.711211447685272e-16,851898.15130528773,7.5669959187507629e-09,4.3193703630667548e-09,1.3895032680011354e-08
20,120248782.00473882,71119.005530305265,120177662.99920851,1690.810791125283,2.2066829855944464e+17,7.392372936010361e-09,3.987224772572517e-09,2.0372681319713593e-10,9.981704351957887e-10,2.1873347577638924e-10,3.1723175197839737e-09,1.2025970497209215e-15,880750.1210474039,1.6530975699424744e-08,4.9815076461137357e-09,1.4071929399506189e-08
30,125467256.75111784,62224.860608192655,125405031.89050965,2016.3525562739237,1.1066516603323036e+18,8.280039764940739e-09,1.7171259969472885e-09,1.0186340659856796e-10,5.4424162954092026e-09,1.7280399333685637e-11,1.4551915228366852e-09,1.4510961876545991e-15,910741.95092848432,-2.0838342607021332e-08,7.0567646180828409e-09,2.1179630493861623e-08
40,132901705.80709335,54443.017711476503,132847262.78938188,2441.1157094820237,1.0553362836998813e+17,2.764863893389702e-09,3.4051481634378433e-09,6.45741238258779e-11,1.0477378964424133e-09,1.3096723705530167e-10,2.066371962428093e-09,1.0009354456386177e-15,942600.1700283481,6.4028427004814148e-09,5.2911433116516233e-09,1.5801788322278298e-08
50,142683434.73031151,47634.37231616542,142635800.35799536,2995.3881575949686,1.5081140421578419e+17,6.6356733441352844e-09,7.294147508218884e-10,3.055902197957039e-10,3.1723175197839737e-09,3.055902197957039e-10,4.971298039890826e-09,1.330532906074211e-15,976941.62682871404,-1.6181729733943939e-08,7.5995664203186753e-09,2.4999735614983365e-08
60,154985206.20450804,41677.216314127247,154943528.9881939,3718.7034046698795,48221667280540536.0,1.529406290501356e-08,3.4779077395796776e-09,1.7462298274040222e-10,9.604264050722122e-10,9.276845958083868e-11,4.134562914259732e-09,1.339206523454095e-15,1014343.2085054923,3.795139491558075e-08,1.2461194084333405e-08,3.7157406040932983e-08
70,170024291.3349517,36465.062416810324,169987826.27253488,4662.6628357715581,1.200895216810401e+17,4.96947905048728e-09,7.05040292814374e-09,1.8189894035458565e-10,7.737980922684073e-09,1.7462298274040222e-10,1.255102688446641e-09,2.949029909160572e-16,1055342.5638171593,1.2107193470001221e-08,9.8270896450289958e-09,2.9793454814353026e-08
80,188066307.04156131,31904.740639099422,188034402.30092221,5894.6195228142706,65513236842756960.0,5.376932676881552e-09,5.060428520664573e-09,1.5370460459962487e-10,1.0521034710109234e-08,1.3733369996771216e-10,1.6807462088763714e-08,2.050443148604586e-15,1100336.4694787771,1.234002411365509e-08,1.1795674239891284e-08,3.4927325032185763e-08
90,209429907.32486618,27914.732836956468,209401992.59202921,7502.4865381337549,81107499520783968.0,4.46016201749444e-09,1.6050762496888638e-08,5.093170329928398e-10,1.17652234621346e-08,1.3096723705530167e-10,6.184563972055912e-09,3.597816489175898e-15,1149443.0509637988,1.2107193470001221e-08,2.0257548840387881e-08,5.2304358177934773e-08
100,234492411.2608878,24423.715527832952,234467987.54535997,9601.0130397098364,47457021003480104.0,4.279718268662691e-08,1.2922100722789764e-08,5.384208634495735e-10,3.39350663125515e-08,1.0913936421275139e-11,1.8844730220735073e-09,7.750744490664374e-15,1202458.3313504721,9.4762071967124939e-08,2.8016386121228482e-08,7.1458316597272642e-08
"{'distance': [0.167, 0.333, 0.5, 0.667, 0.833], 'solute_6': [8.0, -10.0, 8.0, -10.0, 8.0], 'solute_5': [8.0, -10.0, 8.0, -10.0, 8.0], 'solute_4': [8.0, -10.0, 8.0, -10.0, 8.0], 'solute_3': [8.0, -10.0, 8.0, -10.0, 8.0], 'solute_2': [8.0, -10.0, 8.0, -10.0, 8.0], 'solute_1': [8.0, -10.0, 8.0, -10.0, 8.0]}","{'solute_5e': '1.0 mM', 'solute_6e': '1.0 mM', 'solute_6i': '1.0 mM', 'solute_5i': '1.0 mM', 'solute_4i': '1.0 mM', 'solute_3i': '1.0 mM', 'solute_1e': '1.0 mM', 'solute_2i': '1.0 mM', 'solute_3e': '1.0 mM', 'solute_1i': '1.0 mM', 'solute_2e': '1.0 mM', 'solute_4e': '1.0 mM'}"
voltage,"current, barrier 0","current, barrier 1","current, barrier 2",solute_6 transport over barrier 0,solute_6 transport over barrier 1,solute_6 transport over barrier 2,solute_5 transport over barrier 0,solute_5 transport over barrier 1,solute_5 transport over barrier 2,solute_4 transport over barrier 0,solute_4 transport over barrier 1,solute_4 transport over barrier 2,solute_3 transport over barrier 0,solute_3 transport over barrier 1,solute_3 transport over barrier 2,solute_2 transport over barrier 0,solute_2 transport over barrier 1,solute_2 transport over barrier 2,solute_1 transport over barrier 0,solute_1 transport over barrier 1,solute_1 transport over barrier 2
-150,-0.08704902634145556,-0.08704902634146644,-0.08704902634146114,-14781.811753109701,-14781.81175304132,-14781.811752973124,-83171.9596472399,-83171.95964724818,-83171.95964727894,-14781.811753066562,-14781.81175306697,-14781.81175306678,-83171.9596472343,-83171.95964727816,-83171.95964725688,-14781.811753066959,-14781.811753066659,-14781.811753066722,-83171.95964723868,-83171.9596472546,-83171.95964726273
-140,-0.0745188405257874,-0.07451884052579365,-0.0745188405257897,-12427.807394417076,-12427.807394378468,-12427.807394339703,-71312.97991265514,-71312.9799126449,-71312.97991262516,-12427.8073943905,-12427.807394390604,-12427.80739439046,-71312.9799126493,-71312.97991266528,-71312.97991267804,-12427.807394390758,-12427.807394390447,-12427.80739439046,-71312.9799126451,-71312.97991267826,-71312.97991269236
-130,-0.06318003963464461,-0.06318003963463911,-0.06318003963464112,-10447.205579327689,-10447.205579361778,-10447.205579395639,-60506.77552352832,-60506.77552350439,-60506.775523496326,-10447.205579353064,-10447.205579352903,-10447.205579352914,-60506.77552351839,-60506.77552352502,-60506.77552353384,-10447.205579352874,-10447.205579352985,-10447.205579352798,-60506.7755235264,-60506.775523509554,-60506.77552349822
-120,-0.05289271738792978,-0.05289271738793485,-0.052892717387930374,-8810.372037521636,-8810.37203748839,-8810.372037454741,-50622.60984883986,-50622.60984885145,-50622.609848840424,-8810.372037495577,-8810.3720374953,-8810.37203749537,-50622.60984883539,-50622.60984885912,-50622.60984887398,-8810.37203749486,-8810.37203749552,-8810.372037495486,-50622.60984884582,-50622.609848842745,-50622.60984884176
-110,-0.04360517314985186,-0.04360517314985569,-0.04360517314985739,-7473.179305697755,-7473.179305676267,-7473.179305654718,-41628.75902572952,-41628.759025754545,-41628.75902576212,-7473.179305680125,-7473.179305679806,-7473.179305679805,-41628.75902573761,-41628.75902574492,-41628.759025752894,-7473.179305679878,-7473.179305679862,-7473.179305679805,-41628.759025746374,-41628.75902573691,-41628.75902573744
-100,-0.03532693490052768,-0.03532693490052454,-0.03532693490052987,-6380.921201649275,-6380.921201667746,-6380.921201686491,-33562.488733881444,-33562.488733880265,-33562.48873387667,-6380.9212016656675,-6380.921201665248,-6380.921201665187,-33562.48873388302,-33562.48873387915,-33562.488733891514,-6380.921201665478,-6380.921201665283,-6380.921201665304,-33562.488733889135,-33562.48873387546,-33562.48873387399
-90,-0.028089950414813183,-0.02808995041480826,-0.02808995041481488,-5475.18840232509,-5475.188402359124,-5475.188402393018,-26486.24102023014,-26486.241020220485,-26486.241020227695,-5475.188402355736,-5475.188402355623,-5475.188402355649,-26486.241020231217,-26486.241020220077,-26486.241020218236,-5475.188402355554,-5475.188402355656,-5475.18840235559,-26486.24102023139,-26486.2410202198,-26486.241020218178
-80,-0.021910153775502234,-0.021910153775504097,-0.02191015377550613,-4701.4914840568745,-4701.491484045753,-4701.491484034923,-20443.837877931364,-20443.837877935493,-20443.8378779481,-4701.491484046659,-4701.491484046619,-4701.491484046681,-20443.837877932514,-20443.837877934937,-20443.83787793372,-4701.491484046557,-4701.491484046631,-4701.491484046564,-20443.837877930724,-20443.837877935537,-20443.837877935905
-70,-0.016761722940937786,-0.016761722940938514,-0.016761722940937734,-4015.0617534898993,-4015.0617534836806,-4015.0617534772027,-15430.799274048826,-15430.799274046449,-15430.799274041347,-4015.0617534840494,-4015.061753484048,-4015.061753483955,-15430.799274043922,-15430.799274047396,-15430.799274052202,-4015.061753484122,-4015.0617534840444,-4015.0617534838966,-15430.799274043355,-15430.799274047673,-15430.799274048884
-60,-0.012569677864523825,-0.012569677864522793,-0.012569677864523883,-3383.3094604288053,-3383.3094604317034,-3383.309460434597,-11385.413376867626,-11385.413376861045,-11385.413376862416,-3383.309460431672,-3383.3094604315706,-3383.3094604316866,-11385.413376866185,-11385.413376861123,-11385.413376860903,-3383.3094604314683,-3383.309460431582,-3383.3094604316866,-11385.413376855635,-11385.4133768626,-11385.41337686329
-50,-0.009217995475228835,-0.009217995475227423,-0.009217995475227767,-2785.0577462997026,-2785.057746308467,-2785.057746317354,-8197.562133121202,-8197.56213311639,-8197.562133115978,-2785.057746308361,-2785.057746308177,-2785.0577463082154,-8197.562133120387,-8197.56213311654,-8197.562133115076,-2785.0577463083173,-2785.057746308179,-2785.057746308099,-8197.562133116808,-8197.562133116842,-8197.562133115367
-40,-0.006565485239364977,-0.006565485239365988,-0.006565485239364814,-2207.814499943168,-2207.8144999387587,-2207.8144999343785,-5726.601738130616,-5726.601738135168,-5726.601738136582,-2207.8144999388023,-2207.8144999388633,-2207.814499938744,-5726.601738134836,-5726.601738134921,-5726.601738133264,-2207.814499938948,-2207.8144999388587,-2207.8144999388023,-5726.6017381342535,-5726.601738134992,-5726.601738133846
-30,-0.004461750059708335,-0.004461750059708357,-0.004461750059709296,-1644.5495027466386,-1644.549502748734,-1644.5495027508296,-3819.579243330896,-3819.579243328384,-3819.5792433313327,-1644.549502748734,-1644.5495027487016,-1644.5495027486177,-3819.5792433281313,-3819.5792433285073,-3819.5792433278693,-1644.5495027488796,-1644.5495027486975,-1644.5495027486468,-3819.579243327258,-3819.579243328523,-3819.5792433281604
-20,-0.002758590651942451,-0.0027585906519424276,-0.00275859065194191,-1090.992558609607,-1090.9925586101629,-1090.9925586109748,-2324.4482191788848,-2324.448219178513,-2324.448219176207,-1090.9925586101308,-1090.9925586101597,-1090.992558610218,-2324.4482191783027,-2324.448219178505,-2324.448219180631,-1090.992558610218,-1090.9925586101583,-1090.992558610218,-2324.448219178681,-2324.4482191785146,-2324.4482191766147
-10,-0.001315498063233528,-0.0013154980632337752,-0.001315498063233985,-543.863253816322,-543.8632538165728,-543.8632538166712,-1096.6681059608527,-1096.6681059608043,-1096.6681059597759,-543.8632538164675,-543.8632538165721,-543.8632538165257,-1096.6681059616676,-1096.6681059608018,-1096.6681059612893,-543.8632538166421,-543.8632538165696,-543.8632538165839,-1096.668105959281,-1096.6681059608254,-1096.6681059619877
0,-1.1656084097921865e-16,2.221941031166352e-18,-1.0257354006171227e-16,8.440110832452774e-10,-4.547473508864641e-13,-9.022187441587448e-10,2.153683453798294e-09,-1.6370904631912708e-11,-2.3283064365386963e-10,-1.4551915228366852e-10,-1.3642420526593924e-12,1.1641532182693481e-10,-3.230525180697441e-09,1.3869794202037156e-11,8.440110832452774e-10,-2.9103830456733704e-11,-2.0463630789890885e-12,8.731149137020111e-11,3.7834979593753815e-10,1.1368683772161603e-11,-5.820766091346741e-10
10,0.0013154980632341482,0.001315498063233781,0.001315498063233477,543.8632538149541,543.8632538165639,543.8632538181846,1096.668105960678,1096.6681059608168,1096.668105960387,543.8632538165839,543.8632538165714,543.863253816613,1096.6681059611146,1096.6681059608368,1096.668105958699,543.8632538165839,543.863253816573,543.8632538164675,1096.668105962599,1096.6681059607993,1096.6681059616385
20,0.002758590651943029,0.0027585906519424627,0.0027585906519418265,1090.9925586065801,1090.9925586101317,1090.9925586139725,2324.448219180602,2324.4482191785582,2324.4482191766147,1090.9925586101308,1090.9925586101688,1090.9925586103345,2324.448219177866,2324.448219178544,2324.448219177546,1090.9925586101017,1090.992558610175,1090.9925586099562,2324.4482191807765,2324.4482191785432,2324.448219177604
30,0.004461750059707557,0.004461750059708331,0.004461750059709008,1644.5495027530123,1644.549502748755,1644.5495027447323,3819.5792433279858,3819.579243328427,3819.579243329703,1644.5495027486468,1644.5495027486927,1644.5495027487486,3819.579243325308,3819.5792433284223,3819.5792433307506,1644.5495027486759,1644.5495027486932,1644.5495027486904,3819.57924332752,3819.579243328478,3819.5792433289753
40,0.006565485239366604,0.006565485239365884,0.006565485239365603,2207.814499937347,2207.814499938825,2207.814499940112,5726.60173813763,5726.601738134933,5726.601738134224,2207.8144999389187,2207.814499938854,2207.8144999388896,5726.60173813405,5726.601738134821,5726.601738135098,2207.8144999388605,2207.814499938858,2207.8144999387296,5726.601738136,5726.601738134974,5726.601738133933
50,0.009217995475228941,0.00921799547522761,0.009217995475228145,2785.0577463116497,2785.0577463083205,2785.057746305014,8197.562133116182,8197.562133116911,8197.562133116313,2785.057746308041,2785.0577463082072,2785.0577463083464,8197.562133119034,8197.562133116915,8197.562133115862,2785.05774630839,2785.05774630822,2785.0577463080845,8197.562133117666,8197.562133116566,8197.562133121537
60,0.012569677864522066,0.012569677864523406,0.012569677864522202,3383.3094604234793,3383.3094604313,3383.3094604387734,11385.413376863115,11385.413376862345,11385.413376859637,3383.309460431745,3383.309460431629,3383.30946043157,11385.413376862387,11385.413376861996,11385.413376861427,3383.30946043157,3383.309460431634,3383.309460431541,11385.413376861019,11385.413376862476,11385.413376858342
70,0.016761722940938122,0.016761722940938226,0.01676172294093793,4015.0617534810444,4015.0617534838934,4015.061753486014,15430.799274049903,15430.799274045545,15430.799274052595,4015.0617534838384,4015.0617534840176,4015.0617534840203,15430.799274045828,15430.799274048008,15430.79927404027,4015.0617534841294,4015.0617534840244,4015.061753483955,15430.799274045945,15430.799274046982,15430.799274045727
80,0.021910153775504853,0.02191015377550326,0.021910153775502803,4701.491484043538,4701.4914840463525,4701.491484048915,20443.837877938815,20443.837877933754,20443.83787793595,4701.491484046623,4701.491484046542,4701.491484046695,20443.837877927173,20443.837877933183,20443.837877937694,4701.491484046623,4701.491484046536,4701.491484046674,20443.837877943442,20443.837877936196,20443.837877926635
90,0.028089950414816447,0.028089950414813193,0.02808995041481285,5475.1884023536695,5475.188402355817,5475.18840235813,26486.241020233923,26486.241020229034,26486.241020217873,5475.188402356289,5475.188402356087,5475.1884023557795,26486.241020224523,26486.24102022172,26486.241020233487,5475.188402355998,5475.188402356042,5475.188402356129,26486.241020229703,26486.24102022623,26486.24102022352
100,0.03532693490053599,0.03532693490053173,0.03532693490052824,6380.921201641497,6380.921201663037,6380.921201684294,33562.48873389023,33562.488733887476,33562.48873387731,6380.921201665711,6380.921201665767,6380.9212016662495,33562.48873390921,33562.488733888735,33562.488733875274,6380.9212016658275,6380.921201665838,6380.9212016658275,33562.4887338838,33562.488733882936,33562.48873388482
