"{'distance': [0.067, 0.186, 0.566, 0.713, 0.911], 'solute_6': [7.34, -2.82, 6.46, -1.94, 7.51], 'solute_5': [6.54, -7.31, 1.57, -6.63, 6.0], 'solute_4': [7.32, -2.85, 5.16, -2.73, 6.06], 'solute_3': [6.13, -5.21, 5.03, -7.38, 7.47], 'solute_2': [6.58, -4.84, 7.36, -5.37, 6.32], 'solute_1': [6.64, -3.6, 3.99, -7.83, 6.32]}","{'solute_5e': '137.0 mM', 'solute_6e': '143.0 uM', 'solute_6i': '136.0 uM', 'solute_5i': '3.0 uM', 'solute_4i': '68.0 uM', 'solute_3i': '96.0 mM', 'solute_1e': '138.0 mM', 'solute_2i': '60.0 uM', 'solute_3e': '34.0 uM', 'solute_1i': '108.0 mM', 'solute_2e': '102.0 uM', 'solute_4e': '43.0 mM'}"
voltage,current,solute_6,solute_5,solute_4,solute_3,solute_2,solute_1
-150,-3390.8869599988975,-1535701.2013967189,-3577125508.9652877,-471631265.60219556,-477365.9025689057,-1532763.5184054612,-3004054982.720526
-140,-3051.335000158874,-1355547.8426132393,-3271687430.143677,-416527932.1788103,-431265.0291459385,-1371089.1171512199,-2658382927.845865
-130,-2722.734325656811,-1178284.901202687,-2982365801.1972847,-362357466.03002703,-380941.3208222189,-1196117.2020345049,-2318455632.4442763
-120,-2402.976212074372,-1004252.5188594669,-2704356057.1845713,-309239201.7877747,-326557.807201144,-1006737.7137853672,-1984570981.122531
-110,-2090.864615321999,-835002.0950739123,-2431947451.3084774,-257670422.86040103,-268721.8819440381,-806239.5338379645,-1659449843.1073952
-100,-1785.995539781464,-673041.0706815628,-2158721917.014868,-208443410.5137526,-208335.795098321,-604682.2076556926,-1347867882.3531666
-90,-1488.668035993126,-521390.3531999709,-1878426663.9567184,-162492704.59571502,-146024.08059302162,-418317.1339579755,-1055751530.1615638
-80,-1200.4482321847102,-383373.3392046494,-1586945570.8685398,-120798214.76226199,-81002.95625969706,-263881.67703256744,-789481471.5372683
-70,-925.7280059456682,-262815.8726715953,-1285480875.9429076,-84410092.66622244,-9480.278001152386,-150776.85836414088,-555934809.5667052
-60,-673.291442083592,-164051.9643291614,-983844803.142649,-54444975.87808871,76883.88406136175,-77759.74319005449,-362459287.3255872
-50,-455.5222133391842,-90700.76284811008,-700920309.566666,-31789634.387828752,191327.84754789472,-36122.676089556204,-215058885.77567056
-40,-283.73714985401324,-43246.135337717904,-459199156.7888194,-16529282.001355404,349920.6159765853,-15135.57716882132,-114715950.73359661
-30,-162.04614814420154,-17487.63454559197,-274734258.7165544,-7600330.4448580025,567251.9816185639,-5784.105749139524,-55007824.75247066
-20,-84.99000589816332,-6021.679221974713,-149861343.41093257,-3128662.8905406147,852066.9815761606,-2071.1254829375557,-24128074.058437355
-10,-40.932241979950994,-1763.7261127977142,-74576534.24629702,-1207816.4679174495,1204616.6634349385,-713.5281163884666,-9783991.583444636
0,-17.52960761706716,-244.99000684027556,-33812997.28770382,-472987.76137692545,1615303.1044042532,-207.86473960575222,-2726488.5928935865
10,-5.132390930599716,593.8215467627209,-13887435.062615685,-196906.7934920176,2065367.7804327256,37.635454044043826,2716134.8272689814
20,2.5204645385158595,1629.6860382029308,-5120173.109297402,-83348.30542571911,2535043.018160529,237.52622654806785,9601131.311713543
30,8.86889856900166,3366.2491917931466,-1682883.7677627373,-31364.761461511618,3023364.3205478564,478.667331168039,19156579.82442902
40,15.32179758706036,6115.48494222357,-493763.9587598145,-4879.130285456413,3568749.377071964,816.0772467108476,31182961.3654505
50,22.09730622324116,9932.093392955274,-130362.8664932102,11582.360933362743,4246894.17649773,1309.5966693433872,44670925.36055092
60,29.02414735289469,14657.420812740838,-30459.70971111313,24863.534506448224,5140871.713276508,2046.9403240151833,58667434.51957707
70,36.041439684742656,20103.447175907302,-4845.06467664364,37709.630994386076,6308182.738003231,3168.399959617416,72834784.07715861
80,43.32546869665331,26200.818174457407,1699.7981799517293,51216.11980827793,7767445.98829564,4895.3112996317905,87477178.29419093
90,51.21631211056468,33025.40338824683,3667.748938465411,66004.12902754024,9504339.255619464,7556.954801174419,103291592.5927534
100,60.11735790237212,40751.5374348821,4633.879233798289,82628.32722482042,11485388.032904075,11597.569750905883,121123927.32592067
"{'distance': [0.067, 0.186, 0.566, 0.713, 0.911], 'solute_6': [7.34, -2.82, 6.46, -1.94, 7.51], 'solute_5': [6.54, -7.31, 1.57, -6.63, 6.0], 'solute_4': [7.32, -2.85, 5.16, -2.73, 6.06], 'solute_3': [6.13, -5.21, 5.03, -7.38, 7.47], 'solute_2': [6.58, -4.84, 7.36, -5.37, 6.32], 'solute_1': [6.64, -3.6, 3.99, -7.83, 6.32]}","{'solute_5e': '137.0 mM', 'solute_6e': '143.0 uM', 'solute_6i': '136.0 uM', 'solute_5i': '3.0 uM', 'solute_4i': '68.0 uM', 'solute_3i': '96.0 mM', 'solute_1e': '138.0 mM', 'solute_2i': '60.0 uM', 'solute_3e': '34.0 uM', 'solute_1i': '108.0 mM', 'solute_2e': '102.0 uM', 'solute_4e': '43.0 mM'}"
voltage,largest element,smallest element,element difference,element ratio difference,condition number,transport error solute_6,transport error solute_5,transport error solute_4,transport error solute_3,transport error solute_2,transport error solute_1,current errors,smallest eigenvalue,second smallest eigenvalue,sum absolute errors,sum squared errors
-150,506429998464555.31,9139.9630138168086,506429998455415.37,55408320328.976074,1.5460138710695404e+18,0.008484187303110957,0.010497093200683594,0.002162039279937744,0.0026389704435132444,0.0007376773282885551,0.017839431762695312,1.0942585504380986e-08,-0.022036941885035476,-122762140.5916809,0.029012987172065654,0.064297549848554347
-140,399485270188665.62,10170.143690596267,399485270178495.5,39280199212.725594,3.0697545684772123e+19,0.024251634487882257,0.01414346694946289,0.003822624683380127,0.0018886711332015693,0.010901917237788439,0.021732330322265625,1.2955297279404476e-08,0.017883807420730591,-126103606.47523424,0.031731103762906623,0.080153454857034012
-130,315181381738217.69,11316.437772343057,315181381726901.25,27851642723.517551,1.125163311392634e+18,0.009430327452719212,0.009113788604736328,0.009103715419769287,0.002440498676151037,0.004213303793221712,0.00872802734375,5.4119482228998095e-09,-0.021600089497031544,-129834221.90424405,0.022494763143209577,0.064013895202369775
-120,248733881441168.72,12591.932597149429,248733881428576.78,19753431772.457016,2.6579424162980166e+17,0.0028072427958250046,0.010256290435791016,0.006820082664489746,0.0013183585251681507,0.001667873002588749,0.0067675113677978516,7.799826562404633e-09,0.012440144948290774,-134003310.28959768,0.015248888823388838,0.042132328071925129
-110,196370707376405.5,14011.190599100104,196370707362394.31,14015276288.44174,7.7766308237238003e+17,0.004069802933372557,0.0005335807800292969,0.01074230670928955,0.0017485821153968573,0.0025075430748984218,0.003917694091796875,4.412868293002248e-09,0.0086144316381203279,-138927170.5004259,0.013047010210950442,0.03273559711141738
-100,155118171852028.44,15590.41556883434,155118171836438.03,9949585446.7223969,3.4202161324043277e+17,0.0014924007700756192,0.0041332244873046875,0.01043972373008728,0.0018162832711823285,0.005020189448259771,0.011504173278808594,3.930153980036266e-09,0.014100635485092657,-140939355.99231231,0.016189534047033403,0.042385329103444058
-90,122632219607648.12,17347.637653616908,122632219590300.48,7069101975.5119123,2.2179087284253914e+17,0.002235296880826354,0.004271030426025391,0.0023724138736724854,0.0008388404094148427,0.0012970679090358317,0.0027772188186645508,1.8167156667914242e-09,0.0037615340293147385,-132359557.68130703,0.0052588703194222479,0.01575092798181088
-80,97065387206277.5,19302.919209079671,97065387186974.578,5028534086.2132425,1.1531443433106401e+18,0.0071562708471901715,0.0036001205444335938,0.012449666857719421,0.0014410727890208364,0.00022330088540911674,0.005644559860229492,2.0042989490320906e-09,0.0059158107838365032,-127927598.04812022,0.016907040756240513,0.041045440371922037
-70,76961915813186.734,21478.583852860851,76961915791708.156,3583193209.5902939,3.1370288424422624e+17,0.010797703289426863,0.016341686248779297,0.01273585855960846,0.007160979439504445,0.00013323104940354824,0.007739663124084473,8.035385690163821e-09,0.023289484761460272,-126883590.09459025,0.020476779691413018,0.051828009177963708
-60,61175066144722.047,23899.471335267022,61175066120822.578,2559682818.3579798,1.6444175700678918e+17,0.0010768739448394626,0.007673025131225586,0.008067257702350616,0.0018797592492774129,0.0003729902091436088,0.0033701062202453613,1.947000782820396e-09,-0.0048970737537198427,-130022069.53671663,0.010211049346157682,0.025209039623144802
-50,48801943362147.5,26593.221136838165,48801943335554.281,1835127196.9285729,4.3525395341161312e+17,0.011685208868584596,0.009705305099487305,0.001403510570526123,0.008223423006711528,0.00039988024218473583,0.004176110029220581,5.7032707445614506e-09,0.018018394203934779,-138124337.67428231,0.015842906151924831,0.036850701282225895
-40,39132132487520.742,29590.588030673476,39132132457930.156,1322452005.5821986,1.0835497403265312e+18,0.005055443893070333,0.00420302152633667,0.00039404071867465973,0.0028474470018409193,2.6561872800812125e-05,0.0008548945188522339,1.7888623915496282e-09,0.0051228961875312848,-151214213.02651566,0.0059743951174992243,0.011740121453304386
-30,31607227834691.957,32925.793212320204,31607227801766.164,959953421.04211283,1.1927883777724917e+17,0.002916755147452932,0.0021952390670776367,0.0002444852143526077,0.002137941657565534,1.3839797247783281e-05,0.00037741661071777344,7.375149380095536e-10,0.0033819136149170399,-166893033.6280615,0.0035660062589290293,0.0065661190005322778
-20,25788957377129.477,36636.915006105657,25788957340492.562,703906357.09452248,1.015040587828272e+17,1.6863974451553077e-05,0.00035497546195983887,0.0002681240439414978,1.520558726042509e-05,3.609534178394824e-05,0.0002213791012763977,9.748646334628575e-11,-0.00011009641044028522,-178266519.9163675,0.00051267272450360017,0.0012554171341017106
-10,21334089926113.309,40766.32360864005,21334089885346.984,523326315.39018011,2.2326390736336003e+18,0.00010462526938681549,0.00021122395992279053,0.00016106758266687393,0.00025004916824400425,4.6531218686141074e-05,0.0004238896071910858,2.0055068716828828e-10,-0.00034990333580990136,-175338817.52669865,0.00056178466935971605,0.0014711921284306095
0,17974697076463.84,45361.164832994364,17974697031102.676,396257396.44563931,1.6161960509147825e+18,0.0017426318154321052,0.002460867166519165,0.0014665515627712011,0.002476232126355171,2.7455651434138417e-05,0.0005367696285247803,5.543547842989938e-10,-0.0034211481821661187,-154250114.1677261,0.0031247974957258808,0.0067482387323142823
10,15502644864552.797,50473.898376501806,15502644814078.898,307141817.12126428,1.8885477549291922e+18,0.0008012315156520344,0.00041033700108528137,0.00076440314296633,0.0008361989166587591,4.962927098972614e-05,0.0006563598290085793,4.7333692521078774e-11,0.0012623024818516819,-124857673.13093737,0.0013450195742804609,0.0036744802564647738
20,13757429145293.422,56162.896757632931,13757429089130.525,244955832.75668007,1.3095308557972286e+17,0.00017885607667267323,0.00044699106365442276,0.000578013583435677,0.0004432676360011101,1.7391685105394572e-05,0.0007567442953586578,2.1450219378493784e-10,0.00033211401108704301,-98318538.018212318,0.0011058602880321031,0.0028608608303609673
30,12616657373388.613,62493.111760057967,12616657310895.502,201888768.50668302,1.1126556877233306e+17,0.000571425051020924,0.00038449279963970184,0.0003141617780784145,0.0010325121693313122,6.19569361788308e-05,0.0011021792888641357,3.318181285294486e-10,-0.001596788667078898,-78892925.488812715,0.0018277451472331735,0.0048544995902309873
40,11988628451200.012,69536.815992745687,11988628381663.195,172406922.57825992,1.8551650406691376e+17,0.0003801275006480864,0.0005412424798123538,0.0004760508454637602,0.0005593928508460522,3.192473343460733e-05,0.00033412128686904907,4.232401096260219e-10,-0.0008729510135473327,-66312918.938344918,0.0010598785070484974,0.0030802928415469832
50,11806580008133.734,77374.428032554235,11806579930759.307,152590207.23444027,1.7861272056108678e+17,0.0006604840928048361,0.001147434115409851,0.00042462519195396453,0.0006824508309364319,0.00014762088540010154,0.0005190595984458923,6.530385121550353e-10,-0.0016693674848860061,-58979990.559813194,0.0013723900057789015,0.0045011884509000843
60,12024265553944.855,86095.430570037541,12024265467849.426,139662064.22724453,4.805072294760704e+17,0.0004255550702509936,0.0019317425758345053,0.004127759966650046,0.0026419907808303833,7.475974143744679e-05,0.004109188914299011,5.205187392220978e-10,0.0048862966786831531,-55382215.963079669,0.0061834989560078345,0.014935911999239493
70,12612597649566.592,95799.392041017476,12612597553767.199,131656343.33218296,1.7732242413335856e+17,8.273524508695118e-05,0.0010279658090439625,0.00035077422944596037,0.00048019085079431534,0.00014404774992726743,0.0005400180816650391,2.3294433049159124e-10,0.0011351955842918006,-54438802.000872895,0.0012244677493024481,0.0032358069263566103
80,13557151708973.76,106597.10340797663,13557151602376.656,127181239.22267181,60278748686982744.0,0.00027018499531550333,0.0006636462007918453,0.0006917497157701291,1.7160549759864807e-05,0.00020118728207307868,0.0009012371301651001,2.9609736884594895e-10,7.0689617241749683e-05,-55462030.291777521,0.0013578084626198253,0.0037532285384181963
90,14856371559858.266,118611.84307000304,14856371441246.422,125252008.36049941,1.5297429087198902e+17,0.0005154343380127102,0.0009307525115218596,6.556531297974288e-05,0.00021096132695674896,2.760710776783526e-05,0.0016281753778457642,2.5993784902311745e-10,0.00087201914491358496,-58038840.836896516,0.0015699812782576949,0.0038371556295846432
100,16520355040815.605,131980.78434287236,16520354908834.82,125172426.60035601,2.9184840537953222e+17,0.0008697119337739423,0.0005401580565376207,0.0010495189781067893,0.00013885460793972015,0.0004291995574021712,0.0014895051717758179,1.1299405855424993e-09,0.001948685343951062,-61926375.759270303,0.0021813387278342483,0.0063239264778691684
"{'distance': [0.067, 0.186, 0.566, 0.713, 0.911], 'solute_6': [7.34, -2.82, 6.46, -1.94, 7.51], 'solute_5': [6.54, -7.31, 1.57, -6.63, 6.0], 'solute_4': [7.32, -2.85, 5.16, -2.73, 6.06], 'solute_3': [6.13, -5.21, 5.03, -7.38, 7.47], 'solute_2': [6.58, -4.84, 7.36, -5.37, 6.32], 'solute_1': [6.64, -3.6, 3.99, -7.83, 6.32]}","{'solute_5e': '137.0 mM', 'solute_6e': '143.0 uM', 'solute_6i': '136.0 uM', 'solute_5i': '3.0 uM', 'solute_4i': '68.0 uM', 'solute_3i': '96.0 mM', 'solute_1e': '138.0 mM', 'solute_2i': '60.0 uM', 'solute_3e': '34.0 uM', 'solute_1i': '108.0 mM', 'solute_2e': '102.0 uM', 'solute_4e': '43.0 mM'}"
voltage,"current, barrier 0","current, barrier 1","current, barrier 2",solute_6 transport over barrier 0,solute_6 transport over barrier 1,solute_6 transport over barrier 2,solute_5 transport over barrier 0,solute_5 transport over barrier 1,solute_5 transport over barrier 2,solute_4 transport over barrier 0,solute_4 transport over barrier 1,solute_4 transport over barrier 2,solute_3 transport over barrier 0,solute_3 transport over barrier 1,solute_3 transport over barrier 2,solute_2 transport over barrier 0,solute_2 transport over barrier 1,solute_2 transport over barrier 2,solute_1 transport over barrier 0,solute_1 transport over barrier 1,solute_1 transport over barrier 2
-150,-3390.8869599996788,-3390.8869599988975,-3390.88696000984,-1535701.2085901874,-1535701.2013967189,-1535701.200106,-3577125508.9600906,-3577125508.9652877,-3577125508.9705877,-471631265.6000335,-471631265.60219556,-471631265.6021135,-477365.90285245405,-477365.9025689057,-477365.9052078761,-1532763.5191431385,-1532763.5184054612,-1532763.5185893753,-3004054982.721732,-3004054982.720526,-3004054982.7383657
-140,-3051.3350001481604,-3051.335000158874,-3051.335000145919,-1355547.8204885048,-1355547.8426132393,-1355547.8447401393,-3271687430.1477265,-3271687430.143677,-3271687430.133583,-416527932.1749877,-416527932.1788103,-416527932.1751609,-431265.02870068315,-431265.0291459385,-431265.0272572674,-1371089.1067315452,-1371089.1171512199,-1371089.1176334624,-2658382927.852565,-2658382927.845865,-2658382927.8308325
-130,-2722.734325651399,-2722.734325656811,-2722.7343256562845,-1178284.9106330145,-1178284.901202687,-1178284.901427159,-2982365801.188171,-2982365801.1972847,-2982365801.1952534,-362357466.0209233,-362357466.03002703,-362357466.0211603,-380941.3208656504,-380941.3208222189,-380941.3232627176,-1196117.1978776818,-1196117.2020345049,-1196117.2020909856,-2318455632.4445596,-2318455632.4442763,-2318455632.4530044
-120,-2402.976212081727,-2402.976212074372,-2402.976212082172,-1004252.5166727544,-1004252.5188594669,-1004252.5194799972,-2704356057.1948276,-2704356057.1845713,-2704356057.1877265,-309239201.7893547,-309239201.7877747,-309239201.79459476,-326557.80700045306,-326557.807201144,-326557.80588278547,-1006737.7122162797,-1006737.7137853672,-1006737.7138841527,-1984570981.1292984,-1984570981.122531,-1984570981.128537
-110,-2090.8646153177733,-2090.864615321999,-2090.864615317586,-835002.0978628367,-835002.0950739123,-835002.0937930337,-2431947451.3084416,-2431947451.3084774,-2431947451.307944,-257670422.84965873,-257670422.86040103,-257670422.85729733,-268721.8825487809,-268721.8819440381,-268721.88080019876,-806239.5363455076,-806239.5338379645,-806239.533890236,-1659449843.1047192,-1659449843.1073952,-1659449843.1034775
-100,-1785.9955397780836,-1785.995539781464,-1785.9955397775338,-673041.0721739635,-673041.0706815628,-673041.0707030735,-2158721917.011954,-2158721917.014868,-2158721917.0107346,-208443410.5033129,-208443410.5137526,-208443410.5136217,-208335.79511386092,-208335.795098321,-208335.79329757765,-604682.2027120934,-604682.2076556926,-604682.2077322828,-1347867882.3612845,-1347867882.3531666,-1347867882.3497803
-90,-1488.668035992101,-1488.668035993126,-1488.6680359913094,-521390.350964674,-521390.3531999709,-521390.35315567587,-1878426663.9588594,-1878426663.9567184,-1878426663.9545884,-162492704.59735763,-162492704.59571502,-162492704.59498522,-146024.0804763388,-146024.08059302162,-146024.0797541812,-418317.1326609076,-418317.1339579755,-418317.13395459985,-1055751530.1587865,-1055751530.1615638,-1055751530.160969
-80,-1200.4482321827556,-1200.4482321847102,-1200.4482321827059,-383373.33204837854,-383373.3392046494,-383373.33906752337,-1586945570.8649397,-1586945570.8685398,-1586945570.8662262,-120798214.77471165,-120798214.76226199,-120798214.76480217,-81002.95635890972,-81002.95625969706,-81002.95491783693,-263881.67680926656,-263881.67703256744,-263881.67695808795,-789481471.5316237,-789481471.5372683,-789481471.5335052
-70,-925.7280059389209,-925.7280059456682,-925.7280059376328,-262815.861873892,-262815.8726715953,-262815.8723733722,-1285480875.9517765,-1285480875.9429076,-1285480875.9354348,-84410092.6544799,-84410092.66622244,-84410092.66721576,-9480.27856663533,-9480.278001152386,-9480.27140565589,-150776.85849255556,-150776.85836414088,-150776.8583593245,-555934809.5660636,-555934809.5667052,-555934809.5589656
-60,-673.291442081645,-673.291442083592,-673.2914420824545,-164051.9638641699,-164051.9643291614,-164051.96494104384,-983844803.1354808,-983844803.142649,-983844803.1431538,-54444975.88492644,-54444975.87808871,-54444975.87685918,76883.8844631986,76883.88406136175,76883.88258343935,-77759.7435630447,-77759.74319005449,-77759.74320709254,-362459287.3222171,-362459287.3255872,-362459287.32282966
-50,-455.5222133346225,-455.5222133391842,-455.5222133334809,-90700.75143057521,-90700.76284811008,-90700.76311578408,-700920309.5709479,-700920309.566666,-700920309.5612426,-31789634.38662252,-31789634.387828752,-31789634.38802603,191327.84749270117,191327.84754789472,191327.85571612418,-36122.67647499172,-36122.676089556204,-36122.67607511148,-215058885.77424538,-215058885.77567056,-215058885.77149445
-40,-283.73714985262734,-283.73714985401324,-283.7371498522244,-43246.13028227401,-43246.135337717904,-43246.13514917188,-459199156.79157937,-459199156.7888194,-459199156.78737634,-16529282.000961363,-16529282.001355404,-16529282.001063641,349920.6159717078,349920.6159765853,349920.6188191548,-15135.577147558157,-15135.57716882132,-15135.57717412003,-114715950.73341483,-114715950.73359661,-114715950.73274171
-30,-162.0461481437586,-162.04614814420154,-162.04614814346402,-17487.631645446498,-17487.63454559197,-17487.634562201645,-274734258.7182206,-274734258.7165544,-274734258.71602535,-7600330.445040166,-7600330.4448580025,-7600330.444795681,567251.9816012481,567251.9816185639,567251.9837391898,-5784.105762762716,-5784.105749139524,-5784.105762979321,-55007824.75258589,-55007824.75247066,-55007824.75220847
-20,-84.9900058980769,-84.99000589816332,-84.99000589806583,-6021.679205543158,-6021.679221974713,-6021.679222407132,-149861343.41126886,-149861343.41093257,-149861343.41091388,-3128662.8902724907,-3128662.8905406147,-3128662.8905335874,852066.9815783649,852066.9815761606,852066.9815913662,-2071.125468796672,-2071.1254829375557,-2071.125504892014,-24128074.058215976,-24128074.058437355,-24128074.058250234
-10,-40.932241979750444,-40.932241979950994,-40.932241979760946,-1763.7262174229836,-1763.7261127977142,-1763.726121563428,-74576534.2460858,-74576534.24629702,-74576534.24624585,-1207816.4677605256,-1207816.4679174495,-1207816.4679215932,1204616.6634455773,1204616.6634349385,1204616.663195528,-713.5281433027121,-713.5281163884666,-713.5280967714934,-9783991.58327648,-9783991.583444636,-9783991.583020747
0,-17.529607617335294,-17.52960761706716,-17.529607617621515,-244.99156745284563,-244.99000684027556,-244.9898248210302,-33812997.28537011,-33812997.28770382,-33812997.28783098,-472987.76282211393,-472987.76137692545,-472987.76135556237,1615303.10441255,1615303.1044042532,1615303.101936318,-207.86474716709927,-207.86473960575222,-207.86471971144783,-2726488.592777133,-2726488.5928935865,-2726488.5933139026
10,-5.132390930644816,-5.132390930599716,-5.132390930597483,593.8212194152875,593.8215467627209,593.8220206468031,-13887435.063003719,-13887435.062615685,-13887435.062593382,-196906.79284281284,-196906.7934920176,-196906.79360721598,2065367.7804420602,2065367.7804327256,2065367.7812689245,37.635503673314815,37.635454044043826,37.63545597574557,2716134.8272051215,2716134.8272689814,2716134.8266126215
20,2.5204645386762197,2.5204645385158595,2.5204645387303617,1629.686043772177,1629.6860382029308,1629.6858649161004,-5120173.109702289,-5120173.109297402,-5120173.109255298,-83348.30517756939,-83348.30542571911,-83348.30575558297,2535043.018157066,2535043.018160529,2535043.0186003335,237.52621519041713,237.52622654806785,237.52623258210224,9601131.312207103,9601131.311713543,9601131.312470287
30,8.868898568819322,8.86889856900166,8.868898568669842,3366.248715500551,3366.2491917931466,3366.249286925602,-1682883.7681472301,-1682883.7677627373,-1682883.767859912,-31364.761421740055,-31364.761461511618,-31364.76114734984,3023364.320559222,3023364.3205478564,3023364.3195267096,478.6673898427398,478.667331168039,478.6673931249752,19156579.82482773,19156579.82442902,19156579.82372555
40,15.32179758667431,15.32179758706036,15.32179758663712,6115.48456209607,6115.48494222357,6115.484926370849,-493763.95877218246,-493763.9587598145,-493763.959301057,-4879.130574673414,-4879.130285456413,-4879.130098622569,3568749.3770772493,3568749.377071964,3568749.3765178565,816.077278635581,816.0772467108476,816.0772593573056,31182961.3653059,31182961.3654505,31182961.36511638
50,22.09730622384468,22.09730622324116,22.097306223894197,9932.093121076323,9932.093392955274,9932.093781560416,-130362.86534577608,-130362.8664932102,-130362.86583954962,11582.36072768271,11582.360933362743,11582.361152307902,4246894.176516505,4246894.17649773,4246894.175834054,1309.596760205517,1309.5966693433872,1309.5966125846317,44670925.36106998,44670925.36055092,44670925.36090758
60,29.024147352424514,29.02414735289469,29.02414735237417,14657.42056027113,14657.420812740838,14657.420387185768,-30459.711118280888,-30459.70971111313,-30459.711642855706,24863.534888863564,24863.534506448224,24863.530761103597,5140871.71323905,5140871.713276508,5140871.71588104,2046.9403987749247,2046.9403240151833,2046.9403873246265,58667434.51983863,58667434.51957707,58667434.52368626
70,36.04143968450971,36.041439684742656,36.041439684530836,20103.447093172057,20103.447175907302,20103.447167830065,-4845.065134823322,-4845.06467664364,-4845.065704609449,37709.631345160306,37709.630994386076,37709.6310881545,6308182.737986759,6308182.738003231,6308182.73846695,3168.399951809435,3168.399959617416,3168.400095857185,72834784.07687473,72834784.07715861,72834784.07741475
80,43.32546869694941,43.32546869665331,43.32546869688914,26200.818131284468,26200.818174457407,26200.81790427241,1699.7982417345047,1699.7981799517293,1699.79884359793,51216.12023231387,51216.11980827793,51216.120500027646,7767445.98829502,7767445.98829564,7767445.98831218,4895.3113095146255,4895.3112996317905,4895.3115008190725,87477178.29435802,87477178.29419093,87477178.29345678
90,51.21631211036416,51.21631211056468,51.21631211030474,33025.403088621446,33025.40338824683,33025.403604055784,3667.748505592346,3667.748938465411,3667.7494363448577,66004.12908704579,66004.12902754024,66004.12909310556,9504339.255616158,9504339.255619464,9504339.25582712,7556.954800584819,7556.954801174419,7556.954773567311,103291592.59301066,103291592.5927534,103291592.59138249
100,60.11735790124218,60.11735790237212,60.117357901245356,40751.53748220016,40751.5374348821,40751.53661248823,4633.878693640232,4633.879233798289,4633.878875536116,82628.32664457709,82628.32722482042,82628.32617530144,11485388.03288429,11485388.032904075,11485388.03276522,11597.569813116803,11597.569750905883,11597.569383917245,121123927.32460779,121123927.32592067,121123927.3260973
"{'distance': [0.067, 0.186, 0.566, 0.713, 0.911], 'solute_6': [7.34, -2.82, 6.46, -1.94, 7.51], 'solute_5': [6.54, -7.31, 1.57, -6.63, 6.0], 'solute_4': [7.32, -2.85, 5.16, -2.73, 6.06], 'solute_3': [6.13, -5.21, 5.03, -7.38, 7.47], 'solute_2': [6.58, -4.84, 7.36, -5.37, 6.32], 'solute_1': [6.64, -3.6, 3.99, -7.83, 6.32]}","{'solute_5e': '137.0 mM', 'solute_6e': '143.0 uM', 'solute_6i': '136.0 uM', 'solute_5i': '3.0 uM', 'solute_4i': '68.0 uM', 'solute_3i': '96.0 mM', 'solute_1e': '138.0 mM', 'solute_2i': '60.0 uM', 'solute_3e': '34.0 uM', 'solute_1i': '108.0 mM', 'solute_2e': '102.0 uM', 'solute_4e': '43.0 mM'}"
voltage,current,solute_6,solute_5,solute_4,solute_3,solute_2,solute_1
-150,-3390.8869600864587,-1535701.2110472799,-3577125509.0475845,-471631265.61471325,-477365.90272278496,-1532763.5188798844,-3004054982.797886
-140,-3051.33500011967,-1355547.8223680628,-3271687430.1185865,-416527932.166054,-431265.0291428422,-1371089.1079432887,-2658382927.828523
-130,-2722.734325740606,-1178284.9089296293,-2982365801.2847185,-362357466.0334321,-380941.3205514325,-1196117.1983016627,-2318455632.5226445
-120,-2402.976212120646,-1004252.5163870308,-2704356057.2374063,-309239201.7932095,-326557.8072241012,-1006737.7134740523,-1984570981.1632166
-110,-2090.864615271316,-835002.0962764277,-2431947451.254805,-257670422.845347,-268721.8826633439,-806239.5359790258,-1659449843.0677946
-100,-1785.995539776615,-673041.0684161261,-2158721917.0131373,-208443410.5025303,-208335.79590238992,-604682.2054340409,-1347867882.3595083
-90,-1488.6680359962388,-521390.3530000883,-1878426663.9617794,-162492704.5974259,-146024.08048913622,-418317.13354537904,-1055751530.161778
-80,-1200.4482321651765,-383373.3317010332,-1586945570.8407896,-120798214.77341524,-81002.9563570246,-263881.6769036016,-789481471.5207775
-70,-925.7280058781699,-262815.86263817217,-1285480875.8696074,-84410092.64887051,-9480.278243705601,-150776.85830072768,-555934809.5269066
-60,-673.2914420974556,-164051.96392848843,-983844803.1573905,-54444975.88648719,76883.88424264936,-77759.74322813131,-362459287.3317299
-50,-455.52221328932666,-90700.75310172827,-700920309.5017982,-31789634.3834643,191327.84753860338,-36122.67614788396,-215058885.75086713
-40,-283.73714984172705,-43246.131477175455,-459199156.7736168,-16529282.000326088,349920.615967728,-15135.577185245005,-114715950.7281108
-30,-162.046148138814,-17487.632809237482,-274734258.7091165,-7600330.444559605,567251.9816922294,-5784.105745456077,-55007824.75076029
-20,-84.99000589727248,-6021.679050801486,-149861343.4101749,-3128662.889994706,852066.9815449797,-2071.125491453196,-24128074.058042433
-10,-40.93224197987357,-1763.7261230988588,-74576534.24631888,-1207816.4678403027,1204616.6633771616,-713.5281136210414,-9783991.583311114
0,-17.529607618202057,-244.99016028868402,-33812997.28891612,-472987.7620552834,1615303.104361846,-207.8647420837164,-2726488.593195115
10,-5.1323909303583815,593.8217536404766,-13887435.062414382,-196906.7933446119,2065367.780460912,37.63545547387355,2716134.8272052007
20,2.520464538534974,1629.68600234719,-5120173.109149441,-83348.30559821465,2535043.018174704,237.52622787790128,9601131.311808094
30,8.868898569245609,3366.2492443400242,-1682883.7677523568,-31364.76135876392,3023364.320488298,478.66733817905947,19156579.824786108
40,15.321797587279336,6115.484795836834,-493763.9588992037,-4879.13022027439,3568749.376990543,816.077242930945,31182961.36615638
50,22.097306223885468,9932.09350988906,-130362.86590863578,11582.360929161208,4246894.176439984,1309.596656296808,44670925.3612222
60,29.02414734885016,14657.420165851516,-30459.711368844728,24863.53147416993,5140871.713584322,2046.940315313094,58667434.51640158
70,36.04143968391001,20103.447663595605,-4845.065596828586,37709.63083307376,6308182.738112924,3168.399979240705,72834784.07597028
80,43.32546869756119,26200.81855377849,1699.7989357023325,51216.12048783001,7767445.988265955,4895.3112970916345,87477178.29427694
90,51.21631211015096,33025.403604210194,3667.748948104054,66004.12982366956,9504339.255770871,7556.954829148118,103291592.59080175
100,60.11735790212469,40751.53790703257,4633.878398864024,82628.32545993132,11485388.032761436,11597.569718428951,121123927.32760274
"{'distance': [0.067, 0.186, 0.566, 0.713, 0.911], 'solute_6': [7.34, -2.82, 6.46, -1.94, 7.51], 'solute_5': [6.54, -7.31, 1.57, -6.63, 6.0], 'solute_4': [7.32, -2.85, 5.16, -2.73, 6.06], 'solute_3': [6.13, -5.21, 5.03, -7.38, 7.47], 'solute_2': [6.58, -4.84, 7.36, -5.37, 6.32], 'solute_1': [6.64, -3.6, 3.99, -7.83, 6.32]}","{'solute_5e': '137.0 mM', 'solute_6e': '143.0 uM', 'solute_6i': '136.0 uM', 'solute_5i': '3.0 uM', 'solute_4i': '68.0 uM', 'solute_3i': '96.0 mM', 'solute_1e': '138.0 mM', 'solute_2i': '60.0 uM', 'solute_3e': '34.0 uM', 'solute_1i': '108.0 mM', 'solute_2e': '102.0 uM', 'solute_4e': '43.0 mM'}"
voltage,largest element,smallest element,element difference,element ratio difference,condition number,transport error solute_6,transport error solute_5,transport error solute_4,transport error solute_3,transport error solute_2,transport error solute_1,current errors,smallest eigenvalue,second smallest eigenvalue,sum absolute errors,sum squared errors
-150,506429998464555.31,9139.9630138168086,506429998455415.37,55408320328.976074,1.5460138710695404e+18,0.011355909053236246,0.0010247230529785156,0.07871198654174805,0.002489177684765309,0.003684930969029665,0.0011820793151855469,4.0646227716933936e-08,74747315.22136271,0.32699255464271282,0.13725298020068316,0.25549730160434275
-140,399485270188665.62,10170.143690596267,399485270178495.5,39280199212.725594,3.0697545684772123e+19,0.0029888676945120096,0.0011730194091796875,0.05191493034362793,0.0024111030506901443,0.0005272477865219116,0.0011510848999023438,2.5263489078497514e-08,68783756.741200432,0.25845838710193036,0.076505042428426526,0.14409145720052785
-130,315181381738217.69,11316.437772343057,315181381726901.25,27851642723.517551,1.125163311392634e+18,0.009527647169306874,0.0013470649719238281,0.019730806350708008,0.001679387059994042,0.0015852933283895254,0.0009660720825195312,1.2673808669205755e-08,63494353.773154996,0.20422918305133886,0.04061571649792238,0.088149533077190367
-120,248733881441168.72,12591.932597149429,248733881428576.78,19753431772.457016,2.6579424162980166e+17,0.002204414806328714,0.0019626617431640625,0.012338876724243164,0.003451720636803657,0.0023857939522713423,0.002619028091430664,6.869413482490927e-09,58896943.550549626,0.16134530954858589,0.017452711424321334,0.046879157767648616
-110,196370707376405.5,14011.190599100104,196370707362394.31,14015276288.44174,7.7766308237238003e+17,0.0026501157553866506,0.00054168701171875,0.0015890002250671387,0.0004802702460438013,0.0012594484724104404,0.0010378360748291016,1.6048034012783319e-09,54955383.881289095,0.12745593052238213,0.0052603662545339814,0.019707214899245984
-100,155118171852028.44,15590.41556883434,155118171836438.03,9949585446.7223969,3.4202161324043277e+17,0.0045529252383857965,0.003811359405517578,0.002785325050354004,0.0015756707289256155,0.0031859747832641006,0.006305694580078125,5.03700903209392e-09,51635273.363672204,0.10068530039161894,0.0083083770873730728,0.038259846999048497
-90,122632219607648.12,17347.637653616908,122632219590300.48,7069101975.5119123,2.2179087284253914e+17,0.002724179590586573,0.0008807182312011719,0.0038374364376068115,0.0005963792209513485,0.0004775412962771952,0.00022864341735839844,2.521119313314557e-09,48987091.687776349,0.079551345813342042,0.0049216321349249701,0.020920058166971511
-80,97065387206277.5,19302.919209079671,97065387186974.578,5028534086.2132425,1.1531443433106401e+18,0.0008944278815761209,0.0013530254364013672,0.0011623650789260864,0.0001939958892762661,0.00017911934992298484,0.0009783506393432617,7.489688869100064e-10,47270373.227777556,0.062880841797280235,0.0020427412518904545,0.0090105068286123746
-70,76961915813186.734,21478.583852860851,76961915791708.156,3583193209.5902939,3.1370288424422624e+17,0.001408496405929327,0.0006866455078125,0.0007885247468948364,0.00046208081766963005,0.0005381878290791065,0.0003522634506225586,3.5697667044587433e-11,47125823.56331227,0.049740033121158295,0.0018869013481806276,0.0066664220093284321
-60,61175066144722.047,23899.471335267022,61175066120822.578,2559682818.3579798,1.6444175700678918e+17,0.00014341241330839694,0.0002167224884033203,0.00034361332654953003,0.00023848807904869318,0.0004369883827166632,0.0004006624221801758,1.9065282685915008e-10,49736238.776607268,0.039389442327711688,0.0010838124434502663,0.0047469185049289209
-50,48801943362147.5,26593.221136838165,48801943335554.281,1835127196.9285729,4.3525395341161312e+17,0.0006214567401912063,0.0001882314682006836,0.0004745796322822571,9.557054727338254e-05,0.00040970954432850704,0.00022274255752563477,2.758042683126405e-10,56642204.089571208,0.031247554215942892,0.0021106454644649946,0.0083459654592288324
-40,39132132487520.742,29590.588030673476,39132132457930.156,1322452005.5821986,1.0835497403265312e+18,0.0011542431893758476,5.5909156799316406e-05,0.0006925202906131744,0.0001413015415892005,0.0002106438623741269,0.0003215670585632324,2.644355845404789e-10,68647039.103489384,0.024859167511787166,0.0017363317245540589,0.0060128086668145286
-30,31607227834691.957,32925.793212320204,31607227801766.164,959953421.04211283,1.1927883777724917e+17,0.0005633927867165767,0.00043839216232299805,0.0002634953707456589,0.00022629369050264359,0.00027070265787187964,0.0008455812931060791,4.496882866078522e-10,83736038.263680249,0.019865687858100375,0.001493327850539289,0.0063844297513476755
-20,25788957377129.477,36636.915006105657,25788957340492.562,703906357.09452248,1.015040587828272e+17,0.0006886499795655254,0.0002824366092681885,0.001710975542664528,0.0005303574725985527,0.00030932841764297336,0.0005930513143539429,7.218403652586858e-10,95227981.499627903,0.015992002775819053,0.0012252564453373127,0.0052618319234255528
-10,21334089926113.309,40766.32360864005,21334089885346.984,523326315.39018011,2.2326390736336003e+18,0.0005800145663670264,0.000638231635093689,0.00033931806683540344,0.0004065074026584625,0.0002026965084951371,0.0005600452423095703,1.5871393088673358e-10,93753294.286912471,0.013026658831013815,0.00094686740445918207,0.003929752050780666
0,17974697076463.84,45361.164832994364,17974697031102.676,396257396.44563931,1.6161960509147825e+18,0.0003885991172865033,0.00018289685249328613,0.00026128103490918875,0.00015338859520852566,8.961352563119362e-05,0.0001479731872677803,5.901767963223392e-11,77458752.35281384,0.010812164185129333,0.00057064755470593611,0.0025948206873371293
10,15502644864552.797,50473.898376501806,15502644814078.898,307141817.12126428,1.8885477549291922e+18,0.00037363434898907144,4.1643157601356506e-05,0.00030876233358867466,6.314320489764214e-05,7.362363419360918e-05,0.00015624333173036575,1.298676721717129e-10,56956949.856653944,0.0092349287256334716,0.0006537133441900147,0.0024761559048875892
20,13757429145293.422,56162.896757632931,13757429089130.525,244955832.75668007,1.3095308557972286e+17,0.00024507290800102055,0.00022162403911352158,0.00015456306573469192,0.00014486955478787422,8.510084111890137e-05,6.39110803604126e-05,8.90092444194579e-11,41093612.974937834,0.0082132031860271005,0.00057166354111002,0.0025437868068594049
30,12616657373388.613,62493.111760057967,12616657310895.502,201888768.50668302,1.1126556877233306e+17,0.001116178638767451,0.0001803955528885126,0.00039240448677446693,0.0004835939034819603,0.00019036218873225152,0.00029601529240608215,4.07094802312713e-10,31345643.101469111,0.0076821975532135184,0.0010936305940243232,0.004705820074796474
40,11988628451200.012,69536.815992745687,11988628381663.195,172406922.57825992,1.8551650406691376e+17,0.0001611360457900446,0.000712482025846839,8.897976658772677e-05,0.0004370049573481083,0.0001477230034652166,0.00033189356327056885,1.2849810104853532e-10,26086196.301921181,0.0075808405215144073,0.0010355545272886938,0.0044081084116712743
50,11806580008133.734,77374.428032554235,11806579930759.307,152590207.23444027,1.7861272056108678e+17,0.00025866714713629335,0.00033499114215373993,0.0010113068783539347,0.0003580814227461815,0.0003128771220417548,0.00028965622186660767,4.976392631306226e-10,23512024.032459758,0.0078484623260877441,0.0011398541650505839,0.0047826989266588349
60,12024265553944.855,86095.430570037541,12024265467849.426,139662064.22724453,4.805072294760704e+17,0.0007521608022216242,0.00019546590192476287,0.0009638784722483251,0.0002738097682595253,0.00019040264055547595,0.00037919729948043823,4.715410284461541e-10,22456481.77280036,0.0084316372700181455,0.0012580323734120026,0.0054140790244142645
70,12612597649566.592,95799.392041017476,12612597553767.199,131656343.33218296,1.7732242413335856e+17,0.0013857944068149664,0.00038172389304236276,0.0001516931297373958,0.0001272214576601982,0.00024033923546085134,0.0010142326354980469,9.82389281034557e-10,22309522.884966101,0.0092922200503063063,0.0033121869097510843,0.010565907419053167
80,13557151708973.76,106597.10340797663,13557151602376.656,127181239.22267181,60278748686982744.0,0.0013063731748843566,0.00015836048987694085,0.0006563157148775645,0.00031983572989702225,0.000594196557358373,0.0003879368305206299,5.053166773905104e-10,22767503.107351426,0.010411116740573698,0.0018239663822172609,0.0077872787933437326
90,14856371559858.266,118611.84307000304,14856371441246.422,125252008.36049941,1.5297429087198902e+17,0.0010168445442104712,0.0004890748059551697,0.001596152549609542,0.0003421809524297714,0.0004979883378837258,0.001506313681602478,5.935092417530541e-10,23665571.23448392,0.011786692960899361,0.0040127509061106941,0.013301766282328709
100,16520355040815.605,131980.78434287236,16520354908834.82,125172426.60035601,2.9184840537953222e+17,0.0025192981847794726,0.0009631369393900968,0.0019536721520125866,0.00042063742876052856,0.0002308414095750777,0.0003777146339416504,6.774314442736795e-11,24902369.450473081,0.013431458136407453,0.0020081081981323072,0.0083148058328149643
"{'distance': [0.067, 0.186, 0.566, 0.713, 0.911], 'solute_6': [7.34, -2.82, 6.46, -1.94, 7.51], 'solute_5': [6.54, -7.31, 1.57, -6.63, 6.0], 'solute_4': [7.32, -2.85, 5.16, -2.73, 6.06], 'solute_3': [6.13, -5.21, 5.03, -7.38, 7.47], 'solute_2': [6.58, -4.84, 7.36, -5.37, 6.32], 'solute_1': [6.64, -3.6, 3.99, -7.83, 6.32]}","{'solute_5e': '137.0 mM', 'solute_6e': '143.0 uM', 'solute_6i': '136.0 uM', 'solute_5i': '3.0 uM', 'solute_4i': '68.0 uM', 'solute_3i': '96.0 mM', 'solute_1e': '138.0 mM', 'solute_2i': '60.0 uM', 'solute_3e': '34.0 uM', 'solute_1i': '108.0 mM', 'solute_2e': '102.0 uM', 'solute_4e': '43.0 mM'}"
voltage,"current, barrier 0","current, barrier 1","current, barrier 2",solute_6 transport over barrier 0,solute_6 transport over barrier 1,solute_6 transport over barrier 2,solute_5 transport over barrier 0,solute_5 transport over barrier 1,solute_5 transport over barrier 2,solute_4 transport over barrier 0,solute_4 transport over barrier 1,solute_4 transport over barrier 2,solute_3 transport over barrier 0,solute_3 transport over barrier 1,solute_3 transport over barrier 2,solute_2 transport over barrier 0,solute_2 transport over barrier 1,solute_2 transport over barrier 2,solute_1 transport over barrier 0,solute_1 transport over barrier 1,solute_1 transport over barrier 2
-150,-3390.8869600848598,-3390.8869600864587,-3390.886960125506,-1535701.2088736799,-1535701.2110472799,-1535701.220229589,-3577125509.048261,-3577125509.0475845,-3577125509.0472364,-471631265.6120983,-471631265.61471325,-471631265.69081026,-477365.90312443505,-477365.90272278496,-477365.90063525736,-1532763.5193593227,-1532763.5188798844,-1532763.5156743918,-3004054982.798216,-3004054982.797886,-3004054982.797034
-140,-3051.3350001209888,-3051.33500011967,-3051.3350000957253,-1355547.8204900573,-1355547.8223680628,-1355547.819379195,-3271687430.1197596,-3271687430.1185865,-3271687430.1188626,-416527932.17105246,-416527932.166054,-416527932.1191375,-431265.0286922658,-431265.0291428422,-431265.03110336885,-1371089.1075696952,-1371089.1079432887,-1371089.107416041,-2658382927.827372,-2658382927.828523,-2658382927.8280263
-130,-2722.7343257407224,-2722.734325740606,-2722.7343257280486,-1178284.910629283,-1178284.9089296293,-1178284.9011016358,-2982365801.284386,-2982365801.2847185,-2982365801.285733,-362357466.0330806,-362357466.0334321,-362357466.0137013,-380941.3208481037,-380941.3205514325,-380941.31916871667,-1196117.1984430638,-1196117.1983016627,-1196117.199886956,-2318455632.5216784,-2318455632.5226445,-2318455632.5224643
-120,-2402.9762121196095,-2402.976212120646,-2402.976212126479,-1004252.5165981262,-1004252.5163870308,-1004252.5143937113,-2704356057.236841,-2704356057.2374063,-2704356057.238804,-309239201.79421306,-309239201.7932095,-309239201.80554837,-326557.80680458265,-326557.8072241012,-326557.8037723806,-1006737.7121721874,-1006737.7134740523,-1006737.7145579814,-1984570981.1614194,-1984570981.1632166,-1984570981.1640384
-110,-2090.86461527084,-2090.864615271316,-2090.864615269711,-835002.0979151606,-835002.0962764277,-835002.0952650448,-2431947451.2547636,-2431947451.254805,-2431947451.2542634,-257670422.843758,-257670422.845347,-257670422.8441911,-268721.88218307367,-268721.8826633439,-268721.88228653185,-806239.5355196963,-806239.5359790258,-806239.5367791448,-1659449843.0672634,-1659449843.0677946,-1659449843.0667567
-100,-1785.9955397747476,-1785.995539776615,-1785.9955397797846,-673041.0710804298,-673041.0684161261,-673041.0665275046,-2158721917.0110464,-2158721917.0131373,-2158721917.014858,-208443410.5018332,-208443410.5025303,-208443410.50461853,-208335.7943267192,-208335.79590238992,-208335.79434699565,-604682.203591715,-604682.2054340409,-604682.2067776897,-1347867882.3575003,-1347867882.3595083,-1347867882.363806
-90,-1488.6680359948946,-1488.6680359962388,-1488.6680359974157,-521390.3502759087,-521390.3530000883,-521390.3522171844,-1878426663.9623346,-1878426663.9617794,-1878426663.961454,-162492704.59722844,-162492704.5974259,-162492704.60106587,-146024.08059213433,-146024.08048913622,-146024.0799957551,-418317.13308735215,-418317.13354537904,-418317.13356489345,-1055751530.1616185,-1055751530.161778,-1055751530.1618471
-80,-1200.4482321652933,-1200.4482321651765,-1200.4482321645444,-383373.3325954611,-383373.3317010332,-383373.3320331616,-1586945570.8413615,-1586945570.8407896,-1586945570.8400085,-120798214.77299039,-120798214.77341524,-120798214.77225287,-81002.95627688477,-81002.9563570246,-81002.95647088066,-263881.6770061755,-263881.6769036016,-263881.67708272097,-789481471.519938,-789481471.5207775,-789481471.5209163
-70,-925.7280058781342,-925.7280058781699,-925.7280058781458,-262815.8624565819,-262815.86263817217,-262815.8638650783,-1285480875.869985,-1285480875.8696074,-1285480875.8692985,-84410092.64861906,-84410092.64887051,-84410092.64808199,-9480.278340748977,-9480.278243705601,-9480.27787866816,-150776.85866093787,-150776.85830072768,-150776.85812275004,-555934809.5266153,-555934809.5269066,-555934809.5269675
-60,-673.291442097265,-673.2914420974556,-673.2914420972662,-164051.9640571006,-164051.96392848843,-164051.96391368817,-983844803.1572778,-983844803.1573905,-983844803.1574945,-54444975.88624436,-54444975.88648719,-54444975.88614358,76883.88418766612,76883.88424264936,76883.8844261542,-77759.74344709446,-77759.74322813131,-77759.74301010607,-362459287.33139586,-362459287.3317299,-362459287.3317965
-50,-455.52221328905085,-455.52221328932666,-455.5222132892029,-90700.7533832888,-90700.75310172827,-90700.75372318501,-700920309.501692,-700920309.5017982,-700920309.5016099,-31789634.38298972,-31789634.3834643,-31789634.383250292,191327.84760269502,191327.84753860338,191327.84763417393,-36122.67610173923,-36122.67614788396,-36122.67573817442,-215058885.7506444,-215058885.75086713,-215058885.75069535
-40,-283.7371498418144,-283.73714984172705,-283.73714984155,-43246.131805844634,-43246.131477175455,-43246.130651601445,-459199156.7736273,-459199156.7736168,-459199156.7736727,-16529282.000170797,-16529282.000326088,-16529282.000863317,349920.6160318492,349920.615967728,349920.61589054763,-15135.57699758705,-15135.577185245005,-15135.577208230912,-114715950.72825527,-114715950.7281108,-114715950.7279337
-30,-162.04614813861548,-162.046148138814,-162.04614813906517,-17487.63260611752,-17487.632809237482,-17487.633169510307,-274734258.70947456,-274734258.7091165,-274734258.7090362,-7600330.444525376,-7600330.444559605,-7600330.4442961095,567251.981507535,567251.9816922294,567251.9814659357,-5784.105706142844,-5784.105745456077,-5784.105976845502,-55007824.75019115,-55007824.75076029,-55007824.75103673
-20,-84.99000589770469,-84.99000589727248,-84.99000589698285,-6021.679602805845,-6021.679050801486,-6021.679739451465,-149861343.41004995,-149861343.4101749,-149861343.41033238,-3128662.890607819,-3128662.889994706,-3128662.8888968434,852066.9818291394,852066.9815449797,852066.9812987819,-2071.1251921568473,-2071.125491453196,-2071.125501485265,-24128074.05819583,-24128074.058042433,-24128074.057602778
-10,-40.93224198003228,-40.93224197987357,-40.93224197990563,-1763.7260681038315,-1763.7261230988588,-1763.7255430842924,-74576534.24691916,-74576534.24631888,-74576534.24628092,-1207816.4677700475,-1207816.4678403027,-1207816.4681093656,1204616.6637345664,1204616.6633771616,1204616.663328059,-713.5282581102801,-713.5281136210414,-713.5280554137717,-9783991.58318913,-9783991.583311114,-9783991.583749175
0,-17.529607618143068,-17.529607618202057,-17.529607618202085,-244.99053603340872,-244.99016028868402,-244.99014743429143,-33812997.28877884,-33812997.28891612,-33812997.28896174,-472987.761940293,-472987.7620552834,-472987.76220157405,1615303.1045014148,1615303.104361846,1615303.1043480262,-207.86466449388536,-207.8647420837164,-207.86465247019078,-2726488.593047142,-2726488.593195115,-2726488.593071252
10,-5.132390930488249,-5.1323909303583815,-5.1323909304583335,593.8215649710619,593.8217536404766,593.8213800061276,-13887435.06241417,-13887435.062414382,-13887435.062372738,-196906.79320000112,-196906.7933446119,-196906.79303584958,2065367.7803977688,2065367.780460912,2065367.7804397792,37.635381850239355,37.63545547387355,37.635420471895486,2716134.8270489573,2716134.8272052007,2716134.827050835
20,2.5204645384459647,2.520464538534974,2.5204645385237554,1629.6858161400887,1629.68600234719,1629.6860612129967,-5120173.109036922,-5120173.109149441,-5120173.1092585465,-83348.30573323369,-83348.30559821465,-83348.30557867062,2535043.018223681,2535043.018174704,2535043.0180788115,237.52614277706016,237.52622787790128,237.52619856019737,9601131.311872005,9601131.311808094,9601131.311866954
30,8.868898568940237,8.868898569245609,8.868898569347332,3366.2484467643662,3366.2492443400242,3366.249562943005,-1682883.7677209973,-1682883.7677523568,-1682883.767901393,-31364.76165931672,-31364.76135876392,-31364.76126691223,3023364.320888764,3023364.320488298,3023364.3204051703,478.6673409884679,478.66733817905947,478.6671506262792,19156579.825082123,19156579.824786108,19156579.824889094
40,15.321797587407834,15.321797587279336,15.321797587348392,6115.484846857173,6115.484795836834,6115.484956972879,-493763.9585971832,-493763.9588992037,-493763.95930966525,-4879.130172476172,-4879.13022027439,-4879.130261455939,3568749.377015679,3568749.376990543,3568749.377427548,816.0772172548459,816.077242930945,816.0773649778494,31182961.366031647,31182961.36615638,31182961.36636354
50,22.097306223709065,22.097306223885468,22.097306224206704,9932.093445856415,9932.09350988906,9932.093704523562,-130362.86557364464,-130362.86590863578,-130362.8658956906,11582.360226079822,11582.360929161208,11582.3612373867,4246894.176571264,4246894.176439984,4246894.1762131825,1309.5969691739301,1309.596656296808,1309.596845003478,44670925.36103493,44670925.3612222,44670925.361324586
60,29.024147348624616,29.02414734885016,29.024147349096157,14657.42044996933,14657.420165851516,14657.420918012318,-30459.711371541023,-30459.711368844728,-30459.71156431063,24863.530510291457,24863.53147416993,24863.530932122478,5140871.713831329,5140871.713584322,5140871.713557519,2046.9403692787164,2046.940315313094,2046.9405057157346,58667434.51649642,58667434.51640158,58667434.51678078
70,36.04143968311449,36.04143968391001,36.04143968409688,20103.44630777769,20103.447663595605,20103.447693572096,-4845.065305709839,-4845.065596828586,-4845.065687433732,37709.63068138063,37709.63083307376,37709.63083125687,6308182.737985702,6308182.738112924,6308182.738094142,3168.400137290999,3168.399979240705,3168.3998969517634,72834784.07546842,72834784.07597028,72834784.07648265
80,43.325468697889804,43.32546869756119,43.32546869738449,26200.818949207576,26200.81855377849,26200.8176428344,1699.7987773418427,1699.7989357023325,1699.7988378410578,51216.12114414573,51216.12048783001,51216.1205781083,7767445.988585791,7767445.988265955,7767445.9885150865,4895.310949658451,4895.3112970916345,4895.3115438550085,87477178.29419231,87477178.29427694,87477178.29458025
90,51.216312109595314,51.21631211015096,51.216312110188824,33025.40462105474,33025.403604210194,33025.40371152467,3667.7490119338036,3667.748948104054,3667.74943717886,66004.12822751701,66004.12982366956,66004.12888646935,9504339.256030638,9504339.255770871,9504339.255688457,7556.955138015735,7556.954829148118,7556.9546400273975,103291592.58986855,103291592.59080175,103291592.59137486
100,60.117357902056945,60.11735790212469,60.11735790207595,40751.539400241396,40751.53790703257,40751.53688094321,4633.877918183804,4633.878398864024,4633.878881320743,82628.32408580929,82628.32545993132,82628.32603948144,11485388.032620199,11485388.032761436,11485388.033040836,11597.569668250624,11597.569718428951,11597.569487587542,121123927.32790387,121123927.32760274,121123927.32752615
"{'distance': [0.067, 0.186, 0.566, 0.713, 0.911], 'solute_6': [7.34, -2.82, 6.46, -1.94, 7.51], 'solute_5': [6.54, -7.31, 1.57, -6.63, 6.0], 'solute_4': [7.32, -2.85, 5.16, -2.73, 6.06], 'solute_3': [6.13, -5.21, 5.03, -7.38, 7.47], 'solute_2': [6.58, -4.84, 7.36, -5.37, 6.32], 'solute_1': [6.64, -3.6, 3.99, -7.83, 6.32]}","{'solute_5e': '137.0 mM', 'solute_6e': '143.0 uM', 'solute_6i': '136.0 uM', 'solute_5i': '3.0 uM', 'solute_4i': '68.0 uM', 'solute_3i': '96.0 mM', 'solute_1e': '138.0 mM', 'solute_2i': '60.0 uM', 'solute_3e': '34.0 uM', 'solute_1i': '108.0 mM', 'solute_2e': '102.0 uM', 'solute_4e': '43.0 mM'}"
voltage,current,solute_6,solute_5,solute_4,solute_3,solute_2,solute_1
-150,-3390.8869600483795,-1535701.1395701168,-3577125509.0324154,-471631265.6147023,-477365.90283667407,-1532763.519126951,-3004054982.805107
-140,-3051.3350001602957,-1355547.857870693,-3271687430.112247,-416527932.1700957,-431265.0287526684,-1371089.1075948693,-2658382927.8802123
-130,-2722.734325713016,-1178284.8771755104,-2982365801.2551956,-362357466.0390213,-380941.32087266695,-1196117.1984249619,-2318455632.5207353
-120,-2402.9762120696346,-1004252.5314645623,-2704356057.1867,-309239201.7858656,-326557.80702960026,-1006737.7124913192,-1984570981.1007674
-110,-2090.864615274571,-835002.0983024245,-2431947451.256467,-257670422.84458104,-268721.8823849963,-806239.5356634434,-1659449843.071949
-100,-1785.9955397826425,-673041.0793872399,-2158721917.0179873,-208443410.50390556,-208335.7951034807,-604682.2045085058,-1347867882.3557372
-90,-1488.668035989364,-521390.36185903987,-1878426663.9520195,-162492704.59422046,-146024.08052368162,-418317.13327559567,-1055751530.1517481
-80,-1200.4482321667804,-383373.331789627,-1586945570.843906,-120798214.7743391,-81002.95630643926,-263881.6769379623,-789481471.5199802
-70,-925.7280058727578,-262815.8616423934,-1285480875.8623772,-84410092.6490069,-9480.278252699645,-150776.85838777234,-555934809.5236739
-60,-673.291442094575,-164051.96303931734,-983844803.1570624,-54444975.885855705,76883.88422056547,-77759.7432725637,-362459287.32754785
-50,-455.5222132890874,-90700.7523757698,-700920309.5025399,-31789634.383729555,191327.8475579847,-36122.67614151604,-215058885.7500991
-40,-283.73714984291183,-43246.12995282216,-459199156.7768585,-16529282.000050656,349920.6159861543,-15135.577169865615,-114715950.72915055
-30,-162.04614813918832,-17487.63240216715,-274734258.7095288,-7600330.445428514,567251.9816234027,-5784.105750603692,-55007824.75063859
-20,-84.99000589784225,-6021.680882971821,-149861343.4086101,-3128662.890451047,852066.9815813103,-2071.125481551049,-24128074.05852299
-10,-40.932241979902585,-1763.7262874803548,-74576534.24672383,-1207816.4676930152,1204616.663434483,-713.528116592964,-9783991.582966559
0,-17.52960761817276,-244.99030324181206,-33812997.28884203,-472987.76191577024,1615303.104376926,-207.86473935884948,-2726488.593211646
10,-5.132390930395793,593.821595686039,-13887435.062423456,-196906.79334260174,2065367.780458067,37.63545452398648,2716134.8272939567
20,2.520464538598072,1629.6862186879298,-5120173.1092156395,-83348.30568045932,2535043.018175907,237.52622657273113,9601131.311871955
30,8.868898569264024,3366.2491473754862,-1682883.7679265551,-31364.761172155966,3023364.3205018896,478.66733345573977,19156579.8249076
40,15.321797586972377,6115.484831522488,-493763.9592505321,-4879.130466359944,3568749.37701857,816.0772472971094,31182961.366067156
50,22.097306224383665,9932.094566505819,-130362.8658698157,11582.361126428332,4246894.176453789,1309.596666661064,44670925.36095459
60,29.024147348361986,14657.41856430684,-30459.711531779612,24863.531099625885,5140871.713497095,2046.9403282827407,58667434.51754527
70,36.041439683553705,20103.445720401924,-4845.065657452331,37709.63105608539,6308182.73802484,3168.399972505549,72834784.07704353
80,43.32546869657185,26200.81589598072,1699.798872461135,51216.12062357158,7767445.988237462,4895.311326119558,87477178.29479386
90,51.21631210956855,33025.40034109636,3667.749195915232,66004.12929294107,9504339.255592698,7556.954796104774,103291592.59321734
100,60.11735790202836,40751.53821130319,4633.878905839298,82628.32643822185,11485388.032954914,11597.56966069674,121123927.32558675
"{'distance': [0.067, 0.186, 0.566, 0.713, 0.911], 'solute_6': [7.34, -2.82, 6.46, -1.94, 7.51], 'solute_5': [6.54, -7.31, 1.57, -6.63, 6.0], 'solute_4': [7.32, -2.85, 5.16, -2.73, 6.06], 'solute_3': [6.13, -5.21, 5.03, -7.38, 7.47], 'solute_2': [6.58, -4.84, 7.36, -5.37, 6.32], 'solute_1': [6.64, -3.6, 3.99, -7.83, 6.32]}","{'solute_5e': '137.0 mM', 'solute_6e': '143.0 uM', 'solute_6i': '136.0 uM', 'solute_5i': '3.0 uM', 'solute_4i': '68.0 uM', 'solute_3i': '96.0 mM', 'solute_1e': '138.0 mM', 'solute_2i': '60.0 uM', 'solute_3e': '34.0 uM', 'solute_1i': '108.0 mM', 'solute_2e': '102.0 uM', 'solute_4e': '43.0 mM'}"
voltage,largest element,smallest element,element difference,element ratio difference,condition number,transport error solute_6,transport error solute_5,transport error solute_4,transport error solute_3,transport error solute_2,transport error solute_1,current errors,smallest eigenvalue,second smallest eigenvalue,sum absolute errors,sum squared errors
-150,506429998464555.31,9139.9630138168086,506429998455415.37,55408320328.976074,1.5460138710695404e+18,0.15875285165384412,0.021253585815429688,0.09725111722946167,4.102708771824837e-06,5.643349140882492e-06,0.040755271911621094,1.0550138540565968e-10,7208905900.1197577,0.109375,0.11642446121593369,0.22467009071434019
-140,399485270188665.62,10170.143690596267,399485270178495.5,39280199212.725594,3.0697545684772123e+19,0.07021411997266114,0.05042409896850586,0.03826487064361572,3.586406819522381e-06,1.3041077181696892e-05,0.018352031707763672,6.230038707144558e-11,6495224479.1619272,0.0,0.0648878569846634,0.12710965048894934
-130,315181381738217.69,11316.437772343057,315181381726901.25,27851642723.517551,1.125163311392634e+18,0.045567398658022285,0.002213001251220703,0.019872844219207764,3.1278468668460846e-06,1.4906516298651695e-05,0.02458667755126953,1.8962964531965554e-10,5830155156.6557655,-0.078125,0.036137119557941577,0.073887528905505817
-120,248733881441168.72,12591.932597149429,248733881428576.78,19753431772.457016,2.6579424162980166e+17,0.026759928674437106,0.007472038269042969,0.015913009643554688,6.546324584633112e-06,3.6529963836073875e-06,0.01968550682067871,7.67158780945465e-10,5208494518.990612,0.03125,0.023645712322037937,0.047059170204480361
-110,196370707376405.5,14011.190599100104,196370707362394.31,14015276288.44174,7.7766308237238003e+17,0.00353395554702729,0.0029268264770507812,0.002313286066055298,1.4291726984083652e-06,1.9563594833016396e-06,0.0018568038940429688,3.0331648304127157e-10,4623896930.0929003,0.0,0.012392928926519808,0.033972604396867445
-100,155118171852028.44,15590.41556883434,155118171836438.03,9949585446.7223969,3.4202161324043277e+17,0.012596411630511284,0.0012059211730957031,0.006282627582550049,3.0664377845823765e-06,2.086046151816845e-06,0.008596658706665039,4.770299710799009e-10,4069288646.0858927,0.015625,0.010817489605390258,0.024880865577677103
-90,122632219607648.12,17347.637653616908,122632219590300.48,7069101975.5119123,2.2179087284253914e+17,0.01989892026176676,0.0014319419860839844,0.0102730393409729,1.3959943316876888e-06,1.1178373824805021e-05,0.006387829780578613,1.0008989193011075e-09,3539241457.7482228,0.015625,0.016647548232743895,0.038440605390056337
-80,97065387206277.5,19302.919209079671,97065387186974.578,5028534086.2132425,1.1531443433106401e+18,0.0032497032661922276,0.0012810230255126953,0.002634599804878235,8.634378900751472e-07,2.3327884264290333e-06,0.001853346824645996,4.3996806198265404e-10,3035219655.0824509,-0.01171875,0.0044907760878808286,0.011989194145366033
-70,76961915813186.734,21478.583852860851,76961915791708.156,3583193209.5902939,3.1370288424422624e+17,0.001418548810761422,0.001402139663696289,0.0036184489727020264,4.1100429370999336e-07,1.4802208170294762e-06,0.0005534887313842773,6.963318810448982e-10,2572605954.8331161,0.0078125,0.0028258921161529141,0.0082461270943980924
-60,61175066144722.047,23899.471335267022,61175066120822.578,2559682818.3579798,1.6444175700678918e+17,0.002046145382337272,0.003942608833312988,0.0004459694027900696,2.4760374799370766e-06,7.965165423229337e-06,0.003024876117706299,7.999005902092904e-10,2180331286.6630869,0.0,0.0034265192258146615,0.0098970998749841055
-50,48801943362147.5,26593.221136838165,48801943335554.281,1835127196.9285729,4.3525395341161312e+17,0.002377060503931716,0.0011163949966430664,0.001749243587255478,3.4863478504121304e-07,1.2325472198426723e-07,0.000596851110458374,1.4397869563254062e-09,1878894317.5779626,0.0,0.003753204476053042,0.0083046404695206189
-40,39132132487520.742,29590.588030673476,39132132457930.156,1322452005.5821986,1.0835497403265312e+18,0.004909015369776171,0.0017197132110595703,0.0005243401974439621,1.2646778486669064e-06,3.955246756959241e-05,0.000993981957435608,1.0142002793145366e-09,1654427668.7987688,-0.0078125,0.0041696260991277798,0.010089787130590278
-30,31607227834691.957,32925.793212320204,31607227801766.164,959953421.04211283,1.1927883777724917e+17,0.001305071149545256,0.00032889842987060547,0.0009344751015305519,1.5490222722291946e-06,9.163606591755524e-06,0.0001872628927230835,7.003109203651547e-10,1475454616.063235,-0.00390625,0.0024813963856334651,0.0062446164264118309
-20,25788957377129.477,36636.915006105657,25788957340492.562,703906357.09452248,1.015040587828272e+17,0.008518950256984681,0.004476636648178101,0.001967424526810646,1.0724179446697235e-06,1.9429935491643846e-05,0.0005679801106452942,7.872955620769062e-10,1330223392.3552892,-0.005859375,0.0058838637055369141,0.011518836974138913
-10,21334089926113.309,40766.32360864005,21334089885346.984,523326315.39018011,2.2326390736336003e+18,0.0007891529587595869,0.0006229579448699951,0.00047765951603651047,8.35862010717392e-07,1.5094177797436714e-05,0.0006803423166275024,3.000764081662055e-10,1225332765.9812956,0.0,0.0011419771208456052,0.0034699655161567478
0,17974697076463.84,45361.164832994364,17974697031102.676,396257396.44563931,1.6161960509147825e+18,0.0011910272193063065,0.0008477568626403809,0.0004192094784229994,1.2167729437351227e-06,7.483366061933339e-06,0.00027649570256471634,1.3425349720819213e-10,1164422991.7963762,-0.0009765625,0.0012696412296276432,0.003330427126463309
10,15502644864552.797,50473.898376501806,15502644814078.898,307141817.12126428,1.8885477549291922e+18,0.001050218183081597,0.0008791573345661163,0.001435345271602273,1.5569385141134262e-06,1.2456555850803852e-05,0.0009343773126602173,1.539639526981773e-10,1148797388.0545013,-0.0029296875,0.0017728948391987007,0.005284471103656152
20,13757429145293.422,56162.896757632931,13757429089130.525,244955832.75668007,1.3095308557972286e+17,0.0013630970279336907,2.0811334252357483e-05,0.0005542939325096086,3.310851752758026e-07,7.335309959444203e-06,0.000786125659942627,3.7588021584156195e-10,1189355166.506881,0.001953125,0.0013357962759894427,0.0037830726467911191
30,12616657373388.613,62493.111760057967,12616657310895.502,201888768.50668302,1.1126556877233306e+17,0.0002966375177493319,0.00021165423095226288,0.0001470715506002307,4.7031790018081665e-07,6.261672581331368e-06,0.0001881718635559082,1.886544254148248e-10,1303353270.6857653,-0.001953125,0.00087496059566171758,0.0026398158793954352
40,11988628451200.012,69536.815992745687,11988628381663.195,172406922.57825992,1.8551650406691376e+17,0.0004405469153425656,8.168071508407593e-05,0.0017654945695539936,6.365589797496796e-07,7.404820280498825e-06,0.001184806227684021,8.79500916539655e-10,1494824174.3032558,0.0029296875,0.0023023297352673718,0.0062220528764513894
50,11806580008133.734,77374.428032554235,11806579930759.307,152590207.23444027,1.7861272056108678e+17,0.003976776300987694,0.00034355869865976274,0.0009705329794087447,8.558854460716248e-07,4.3948093662038445e-06,0.0026039332151412964,4.772218176185561e-10,1747031276.1549623,-0.0029296875,0.0031219598312661658,0.0089598160027698492
60,12024265553944.855,86095.430570037541,12024265467849.426,139662064.22724453,4.805072294760704e+17,0.009453248603676911,0.0005030472530052066,0.000942579448746983,2.2547319531440735e-06,6.064663466531783e-06,0.002931445837020874,2.5713866591559054e-09,2044441010.8843336,0.00390625,0.0069228066272048333,0.014605281629631595
70,12612597649566.592,95799.392041017476,12612597553767.199,131656343.33218296,1.7732242413335856e+17,0.004372456831333693,3.765465226024389e-05,0.0007403789350064471,6.658956408500671e-07,1.8040971554000862e-05,0.005585312843322754,8.831051445667981e-10,2395309849.4537897,0.0068359375,0.0043744266480609095,0.011145098317132951
80,13557151708973.76,106597.10340797663,13557151602376.656,127181239.22267181,60278748686982744.0,0.0066854979704658035,3.730928892764496e-05,0.00047164202260319144,4.0084123611450195e-06,1.5778095985297114e-06,0.0022257715463638306,2.5856152774395014e-09,2835165312.9164329,0.0078125,0.0065963317005082742,0.013669818639149067
90,14856371559858.266,118611.84307000304,14856371441246.422,125252008.36049941,1.5297429087198902e+17,0.005507223460881505,0.00023838879087634268,0.00037693383637815714,2.808868885040283e-06,1.1899610399268568e-06,0.0041370391845703125,6.589075951524137e-10,3426120753.2907548,0.0029296875,0.0037514374057735882,0.0090245465963437743
100,16520355040815.605,131980.78434287236,16520354908834.82,125172426.60035601,2.9184840537953222e+17,0.0017445135454181582,0.00014918427496013464,0.0016536008624825627,8.400529623031616e-07,4.349756636656821e-06,0.002115681767463684,1.6034675809351029e-09,4265118000.4227281,-0.0029296875,0.0043898607824765408,0.010807296157731905
"{'distance': [0.067, 0.186, 0.566, 0.713, 0.911], 'solute_6': [7.34, -2.82, 6.46, -1.94, 7.51], 'solute_5': [6.54, -7.31, 1.57, -6.63, 6.0], 'solute_4': [7.32, -2.85, 5.16, -2.73, 6.06], 'solute_3': [6.13, -5.21, 5.03, -7.38, 7.47], 'solute_2': [6.58, -4.84, 7.36, -5.37, 6.32], 'solute_1': [6.64, -3.6, 3.99, -7.83, 6.32]}","{'solute_5e': '137.0 mM', 'solute_6e': '143.0 uM', 'solute_6i': '136.0 uM', 'solute_5i': '3.0 uM', 'solute_4i': '68.0 uM', 'solute_3i': '96.0 mM', 'solute_1e': '138.0 mM', 'solute_2i': '60.0 uM', 'solute_3e': '34.0 uM', 'solute_1i': '108.0 mM', 'solute_2e': '102.0 uM', 'solute_4e': '43.0 mM'}"
voltage,"current, barrier 0","current, barrier 1","current, barrier 2",solute_6 transport over barrier 0,solute_6 transport over barrier 1,solute_6 transport over barrier 2,solute_5 transport over barrier 0,solute_5 transport over barrier 1,solute_5 transport over barrier 2,solute_4 transport over barrier 0,solute_4 transport over barrier 1,solute_4 transport over barrier 2,solute_3 transport over barrier 0,solute_3 transport over barrier 1,solute_3 transport over barrier 2,solute_2 transport over barrier 0,solute_2 transport over barrier 1,solute_2 transport over barrier 2,solute_1 transport over barrier 0,solute_1 transport over barrier 1,solute_1 transport over barrier 2
-150,-3390.886960048325,-3390.8869600483795,-3390.8869600484304,-1535701.2087775108,-1535701.1395701168,-1535701.0500246591,-3577125509.0119047,-3577125509.0324154,-3577125509.0331583,-471631265.606643,-471631265.6147023,-471631265.70389414,-477365.90284076077,-477365.90283667407,-477365.90283665806,-1532763.5191325943,-1532763.519126951,-1532763.5191271459,-3004054982.764352,-3004054982.805107,-3004054982.804824
-140,-3051.3350001603194,-3051.3350001602957,-3051.335000160257,-1355547.8203945938,-1355547.857870693,-1355547.8906087137,-3271687430.161778,-3271687430.112247,-3271687430.111354,-416527932.17643285,-416527932.1700957,-416527932.138168,-431265.0287491131,-431265.0287526684,-431265.0287526995,-1371089.1076076229,-1371089.1075948693,-1371089.1075945818,-2658382927.861861,-2658382927.8802123,-2658382927.8802133
-130,-2722.7343257128264,-2722.734325713016,-2722.734325712902,-1178284.9107047047,-1178284.8771755104,-1178284.865137306,-2982365801.2559185,-2982365801.2551956,-2982365801.2574086,-362357466.02895015,-362357466.0390213,-362357466.048823,-380941.3208757867,-380941.32087266695,-380941.32087265886,-1196117.1984398512,-1196117.1984249619,-1196117.1984249447,-2318455632.4961486,-2318455632.5207353,-2318455632.520521
-120,-2402.9762120694363,-2402.9762120696346,-2402.9762120688674,-1004252.5164823241,-1004252.5314645623,-1004252.5432422528,-2704356057.1794868,-2704356057.1867,-2704356057.186959,-309239201.78795993,-309239201.7858656,-309239201.7720469,-326557.8070361382,-326557.80702960026,-326557.8070295919,-1006737.7124949152,-1006737.7124913192,-1006737.7124912622,-1984570981.120453,-1984570981.1007674,-1984570981.100954
-110,-2090.864615274717,-2090.864615274571,-2090.8646152748743,-835002.0977702332,-835002.0983024245,-835002.1013041887,-2431947451.2593465,-2431947451.256467,-2431947451.2564197,-257670422.8443951,-257670422.84458104,-257670422.84226775,-268721.8823835671,-268721.8823849963,-268721.8823849857,-806239.535661639,-806239.5356634434,-806239.5356635953,-1659449843.0700922,-1659449843.071949,-1659449843.0719378
-100,-1785.995539782703,-1785.9955397826425,-1785.995539782226,-673041.0722012415,-673041.0793872399,-673041.0847976531,-2158721917.0167813,-2158721917.0179873,-2158721917.0178776,-208443410.50382417,-208443410.50390556,-208443410.49762294,-208335.7951065158,-208335.7951034807,-208335.79510344937,-604682.2045105541,-604682.2045085058,-604682.204508468,-1347867882.3643339,-1347867882.3557372,-1347867882.3558521
-90,-1488.6680359890831,-1488.668035989364,-1488.668035990084,-521390.35066597693,-521390.36185903987,-521390.3705648972,-1878426663.9534514,-1878426663.9520195,-1878426663.9523041,-162492704.59722978,-162492704.59422046,-162492704.58695674,-146024.08052500983,-146024.08052368162,-146024.08052361384,-418317.13328677043,-418317.13327559567,-418317.13327559206,-1055751530.1579076,-1055751530.1517481,-1055751530.1515198
-80,-1200.4482321667933,-1200.4482321667804,-1200.4482321672203,-383373.3322022352,-383373.331789627,-383373.33503933024,-1586945570.8429947,-1586945570.843906,-1586945570.8442757,-120798214.77308218,-120798214.7743391,-120798214.7717045,-81002.9563073027,-81002.95630643926,-81002.9563065283,-263881.6769356306,-263881.6769379623,-263881.6769379634,-789481471.5217642,-789481471.5199802,-789481471.5199108
-70,-925.7280058728052,-925.7280058727578,-925.7280058734541,-262815.862731473,-262815.8616423934,-262815.8613129242,-1285480875.8626919,-1285480875.8623772,-1285480875.8612897,-84410092.64808092,-84410092.6490069,-84410092.65169936,-9480.278252288641,-9480.278252699645,-9480.278252575547,-150776.85838925256,-150776.85838777234,-150776.85838777845,-555934809.5232939,-555934809.5236739,-555934809.5238473
-60,-673.2914420947259,-673.291442094575,-673.291442093926,-164051.96417016693,-164051.96303931734,-164051.96212402155,-983844803.1531198,-983844803.1570624,-983844803.1568686,-54444975.88596259,-54444975.885855705,-54444975.88551662,76883.88422299793,76883.88422056547,76883.8842205219,-77759.74326459854,-77759.7432725637,-77759.74327255759,-362459287.3305727,-362459287.32754785,-362459287.32764554
-50,-455.52221328913254,-455.5222132890874,-455.52221328769275,-90700.75346364878,-90700.7523757698,-90700.75108658828,-700920309.5014901,-700920309.5025399,-700920309.5026065,-31789634.383188277,-31789634.383729555,-31789634.38198031,191327.84755763607,191327.8475579847,191327.84755778313,-36122.67614139279,-36122.67614151604,-36122.67614149843,-215058885.75069594,-215058885.7500991,-215058885.75016868
-40,-283.7371498430001,-283.73714984291183,-283.7371498419859,-43246.132691534614,-43246.12995282216,-43246.127782519245,-459199156.7751388,-459199156.7768585,-459199156.7765359,-16529282.000194266,-16529282.000050656,-16529282.000574997,349920.61598731385,349920.6159861543,349920.6159860492,-15135.577130313148,-15135.577169865615,-15135.577169857177,-114715950.72819835,-114715950.72915055,-114715950.72919233
-30,-162.04614813918184,-162.04614813918832,-162.046148138488,-17487.63314253706,-17487.63240216715,-17487.63183746591,-274734258.7097041,-274734258.7095288,-274734258.7093752,-7600330.444494039,-7600330.445428514,-7600330.444502505,567251.9816249517,567251.9816234027,567251.981623672,-5784.105741440086,-5784.105750603692,-5784.105750603412,-55007824.750650585,-55007824.75063859,-55007824.75082585
-20,-84.99000589790333,-84.99000589784225,-84.99000589862955,-6021.675938613451,-6021.680882971821,-6021.684457563708,-149861343.41299325,-149861343.4086101,-149861343.40851662,-3128662.89055866,-3128662.890451047,-3128662.8885912355,852066.9815821494,852066.9815813103,852066.981581077,-2071.125500978349,-2071.125481551049,-2071.1254815484135,-24128074.059090972,-24128074.05852299,-24128074.058539763
-10,-40.93224197974828,-40.932241979902585,-40.93224197960251,-1763.725674101268,-1763.7262874803548,-1763.725498327396,-74576534.24610087,-74576534.24672383,-74576534.24655227,-1207816.4680594876,-1207816.4676930152,-1207816.4681706748,1204616.663435088,1204616.663434483,1204616.6634342521,-713.5281316670589,-713.528116592964,-713.5281165728811,-9783991.583505511,-9783991.582966559,-9783991.582825169
0,-17.529607618127702,-17.52960761817276,-17.529607618038508,-244.98911221459275,-244.99030324181206,-244.9900084742767,-33812997.28962225,-33812997.28884203,-33812997.28877449,-472987.7621416077,-472987.76191577024,-472987.7617223982,1615303.1043781429,1615303.104376926,1615303.1043772846,-207.86474678578088,-207.86473935884948,-207.86473930241482,-2726488.593298316,-2726488.593211646,-2726488.593488142
10,-5.13239093033809,-5.132390930395793,-5.132390930492054,593.8207074263773,593.821595686039,593.8217576445604,-13887435.0615443,-13887435.062423456,-13887435.06240612,-196906.7927455604,-196906.79334260174,-196906.79418090568,2065367.780457333,2065367.780458067,2065367.78045889,37.63546694230172,37.63545452398648,37.63545448574587,2716134.826818049,2716134.8272939567,2716134.8277524263
20,2.520464538973952,2.520464538598072,2.520464538753136,1629.686786647304,1629.6862186879298,1629.685423550276,-5120173.109222531,-5120173.1092156395,-5120173.109236451,-83348.30525273085,-83348.30568045932,-83348.30512616539,2535043.018175644,2535043.018175907,2535043.018175576,237.52621923742117,237.52622657273113,237.52622656904714,9601131.311670244,9601131.311871955,9601131.31245637
30,8.868898569085845,8.868898569264024,8.8688985692745,3366.248984675214,3366.2491473754862,3366.249281312732,-1682883.768089056,-1682883.7679265551,-1682883.7678774018,-31364.761319227517,-31364.761172155966,-31364.761250761192,3023364.320502312,3023364.3205018896,3023364.3205018416,478.6673271940672,478.66733345573977,478.66733336616744,19156579.82501316,19156579.8249076,19156579.82482499
40,15.321797586129502,15.321797586972377,15.321797587009003,6115.485272069403,6115.484831522488,6115.48513240823,-493763.9591688514,-493763.9592505321,-493763.95924714196,-4879.1315627247095,-4879.130466359944,-4879.12979723014,3568749.3770192065,3568749.37701857,3568749.377018884,816.0772547019296,816.0772472971094,816.0772473939796,31182961.36488235,31182961.366067156,31182961.365169793
50,22.097306224845827,22.097306224383665,22.097306224368605,9932.09683790771,9932.094566505819,9932.092861131408,-130362.8655385971,-130362.8658698157,-130362.8658821558,11582.360155895352,11582.361126428332,11582.360876447761,4246894.176454645,4246894.176453789,4246894.176454509,1309.596662282769,1309.596666661064,1309.5966666775785,44670925.36028677,44670925.36095459,44670925.362890705
60,29.024147345805112,29.024147348361986,29.0241473483765,14657.411581790366,14657.41856430684,14657.42103503897,-30459.71105736494,-30459.711531779612,-30459.711560412194,24863.532042205334,24863.531099625885,24863.531370530072,5140871.713497573,5140871.713497095,5140871.713495318,2046.9403225998394,2046.9403282827407,2046.9403286645029,58667434.51779425,58667434.51754527,58667434.514862806
70,36.04143968443275,36.041439683553705,36.04143968354965,20103.443214217725,20103.445720401924,20103.447586674556,-4845.065695106983,-4845.065657452331,-4845.065679405646,37709.631796464324,37709.63105608539,37709.63114433688,6308182.738025284,6308182.73802484,6308182.7380246185,3168.3999544645776,3168.399972505549,3168.3999724572495,72834784.08068794,72834784.07704353,72834784.07510263
80,43.325468693987276,43.32546869657185,43.32546869657289,26200.811786263628,26200.81589598072,26200.8184717616,1699.798864364624,1699.798872461135,1699.798835151846,51216.12015192956,51216.12062357158,51216.12031175563,7767445.988237646,7767445.988237462,7767445.98824147,4895.311324541748,4895.311326119558,4895.311326000308,87477178.29400647,87477178.29479386,87477178.29256809
90,51.21631210891586,51.21631210956855,51.216312109574766,33025.39854423166,33025.40034109636,33025.40405145512,3667.749359190464,3667.749195915232,3667.749434304023,66004.1289902106,66004.12929294107,66004.12891600723,9504339.255592505,9504339.255592698,9504339.25558989,7556.954794927849,7556.954796104774,7556.9547961178105,103291592.59379643,103291592.59321734,103291592.5896594
100,60.11735790363183,60.11735790202836,60.117357902038286,40751.53808020399,40751.53821130319,40751.53646678964,4633.879026055336,4633.878905839298,4633.878876871061,82628.3277701363,82628.32643822185,82628.32611653543,11485388.032955041,11485388.032954914,11485388.032955755,11597.569656346983,11597.56966069674,11597.569660464062,121123927.32760495,121123927.32558675,121123927.32770243
