voltage,current,solute_4,solute_3,solute_2,solute_1,voltage,largest element,smallest element,element difference,element ratio difference,condition number,transport error solute_4,transport error solute_3,transport error solute_2,transport error solute_1,current errors,smallest eigenvalue,second smallest eigenvalue,sum absolute errors,sum squared errors,voltage,"current, barrier 0","current, barrier 1","current, barrier 2","current, barrier 3",solute_4 transport over barrier 0,solute_4 transport over barrier 1,solute_4 transport over barrier 2,solute_4 transport over barrier 3,solute_3 transport over barrier 0,solute_3 transport over barrier 1,solute_3 transport over barrier 2,solute_3 transport over barrier 3,solute_2 transport over barrier 0,solute_2 transport over barrier 1,solute_2 transport over barrier 2,solute_2 transport over barrier 3,solute_1 transport over barrier 0,solute_1 transport over barrier 1,solute_1 transport over barrier 2,solute_1 transport over barrier 3
-150,-0.0000000000084286765691025766160396498111017269657735482401698553248212479493214297083187497,-0.000000044984892151169241355182133963264262985113442509884228035309035639712840792341388,-0.000026108559080681160249695896953842218274808907346381441465837625671124995993767599,-0.0000003525041401760330729103349885023910091343628102561908265358439326427561390103591,0.00000000057273198028874135264138870843295760311264642422926678112991958223025130376324328,-150,28160591974.638732294896395272431200855273746339006745060658671936614054983473439,0.00000000088143795012663935831131379231852486730934631176305406706909499951881009386307881,28160591974.638732294014957322304561496962432546688220193349325624851000916404344,31948467808304372227.929446233536508652855130932161494492820801050621527046418845,56321183949.277464589792790544862401710547492678013490121317343873228109966946878,3.8916625545754686381850087021132391668811841655839316216093382919334410444925943e-77,6.4771264163208334690397638971002996783370002733272110387677776026264438523718203e-78,2.4424633561141533767193927608722324932598748337729332494752202757351764582776513e-77,1.9363750387530266631577596941223231504871850968291845296707769194459954689197092e-77,9.067877725698508266684776349453517222945705924905366891880652944086906267386606e-84,0.19144337105238733191514743177047536939820914216288941005819079317612915350439233,2.0386630877876500068970623982829375143121497903675424383763321424589488512670715e-77,2.1080518929343920960926916898709138596688712366400478306789510771809083700675874e-77,3.3111297400470479905337096205794708119298659943035475588139169157899016935115677e-77,-150,-0.000000000008428676569102576616039649811101726965773548240169855324821247949321429699253802,-0.0000000000084286765691025766160396498111017269657735482401698553248212479493214297083187497,-0.0000000000084286765691025766160396498111017269657735482401698553248212479493214297083216797,-0.0000000000084286765691025766160396498111017269657735482401698553248212479493214297052781073,-0.000000044984892151169241355182133963264262985113442509884228035309035639712821442005843,-0.000000044984892151169241355182133963264262985113442509884228035309035639712840792341388,-0.000000044984892151169241355182133963264262985113442509884228035309035639712840774052412,-0.000000044984892151169241355182133963264262985113442509884228035309035639712860358631389,-0.000026108559080681160249695896953842218274808907346381441465837625671124995987362432,-0.000026108559080681160249695896953842218274808907346381441465837625671124995993767599,-0.000026108559080681160249695896953842218274808907346381441465837625671124995993767444,-0.000026108559080681160249695896953842218274808907346381441465837625671124995993839559,-0.00000035250414017603307291033498850239100913436281025619082653584393264275611458583648,-0.0000003525041401760330729103349885023910091343628102561908265358439326427561390103591,-0.00000035250414017603307291033498850239100913436281025619082653584393264275613901035773,-0.00000035250414017603307291033498850239100913436281025619082653584393264275613901047004,0.00000000057273198028874135264138870843295760311264642422926678112991958223025130376324495,0.00000000057273198028874135264138870843295760311264642422926678112991958223025130376324328,0.0000000005727319802887413526413887084329576031126464242292667811299195822302512853175838,0.00000000057273198028874135264138870843295760311264642422926678112991958223027064906797133
-140,-0.0000000000070535552806988121880302097577132605874432071570263838434657499025966640573050969,-0.000000034286520093566955478652122398198545446745826819819282153300574041181521711345181,-0.000021818332782007165683134244018770928469356873371095335302481133671528617171023384,-0.00000036158241801254907971924141532672281660795401722684667548817005316314932825707781,0.0000000014255510015078938933123640984367829866613656716306476966341275661961046966224923,-140,26361803354.99876102982309778066432934513547330042317396145711494510706730033835,0.0000000009266302402170672940320158880323988456656745251128840729133690487181131993778448,26361803354.998761028896467540447262051103457412390775115791440419994183227424981,28449107541346147130.054025718124873680347533262580474071886172791360189272272648,52723606709.9975220596461955613286586902709466008463479229142298902141346006767,6.6672348970898600825889436569042069977483971939993774830025721844853689926724359e-77,6.8009827371368751424917520919553146622538502869935715907061664827577660449904113e-77,5.6791837243811113048463445118932792991647257966716540290565770958072926200082215e-77,3.3164650942264401963543357987817279481218237202208008195067401309555099007722528e-77,3.0833444874839874549982393216989690980690212775535389169228349330825627889605858e-83,0.21628173710713839846225213514298831901127171365698757986227439463290083032686998,-3.4781169918442965976435075977210471187345738952207690730433221953745182340469744e-77,4.5658450732092665475245536129129646585512299586929752608483332515059198487907924e-77,8.4776710601002139013695155815283796510896029047153064296111409007245909704120238e-77,-140,-0.0000000000070535552806988121880302097577132605874432071570263838434657499025966640318422381,-0.0000000000070535552806988121880302097577132605874432071570263838434657499025966640573050969,-0.0000000000070535552806988121880302097577132605874432071570263838434657499025966640573423135,-0.000000000007053555280698812188030209757713260587443207157026383843465749902596664062675683,-0.00000003428652009356695547865212239819854544674582681981928215330057404118155464152759,-0.000000034286520093566955478652122398198545446745826819819282153300574041181521711345181,-0.000000034286520093566955478652122398198545446745826819819282153300574041181521479033891,-0.000000034286520093566955478652122398198545446745826819819282153300574041181487969178619,-0.000021818332782007165683134244018770928469356873371095335302481133671528617103482113,-0.000021818332782007165683134244018770928469356873371095335302481133671528617171023384,-0.0000218183327820071656831342440187709284693568733710953353024811336715286171710234,-0.00002181833278200716568313424401877092846935687337109533530248113367152861717149194,-0.00000036158241801254907971924141532672281660795401722684667548817005316314927146525131,-0.00000036158241801254907971924141532672281660795401722684667548817005316314932825707781,-0.00000036158241801254907971924141532672281660795401722684667548817005316314932825707686,-0.00000036158241801254907971924141532672281660795401722684667548817005316314932825708855,0.0000000014255510015078938933123640984367829866613656716306476966341275661961046966224887,0.0000000014255510015078938933123640984367829866613656716306476966341275661961046966224923,0.0000000014255510015078938933123640984367829866613656716306476966341275661961044643257382,0.0000000014255510015078938933123640984367829866613656716306476966341275661960715319715501
-130,-0.0000000000061643740663928338052013999752491371752640898565035617982131730591547629553078919,-0.000000026129094847716126840420612177495696130846440397571134774582191487440921800416975,-0.000019037051251334010896514894185967913199320445795379195415656742885671521741985236,-0.00000038610521473474117749907604891987455540197333386199529800111062672171365843918641,0.0000000035489729391155888090214299062049571960883725955259346290760679907303305363243845,-130,24691238965.468097998944222706447831522663741559019213410326745849481854543951642,0.00000000097413958856817490159558243434187956330404394230529544301286439400764143437541358,24691238965.468097997970083117879656621068159124677333847022701907176559100938778,25346715455595189751.379036840629360204479109784741633018149276019326668869138191,49382477930.936195997888445412895663045327483118038426820653491698963709087903284,9.0001679184234343916210353012477722654799218459917872186686878586776649954474884e-78,9.4997854106038890879249870490804395282276004008799095235260738171854509834786698e-77,3.9639099416131898876729612827556467175321367508418547366700994994131709443055468e-78,4.8061643439489283220344907083507288164125253878899082420976453224417757513587238e-78,3.1170398967624288655122579808750010965641867694335380431028379291200522779642352e-83,0.24523185724755268861497684026578910796595860369192720546402739444033269412833773,-4.338535159985624551482326677277367070545881486481618669497952477454156267062583e-78,1.4260792548772637096259308237629143093016366788919262946672632064238291326218232e-77,2.7429516834851902685493108314215701277580009979194487601945119923595466525522583e-77,-130,-0.0000000000061643740663928338052013999752491371752640898565035617982131730591547629249864555,-0.0000000000061643740663928338052013999752491371752640898565035617982131730591547629553078919,-0.0000000000061643740663928338052013999752491371752640898565035617982131730591547629553667829,-0.0000000000061643740663928338052013999752491371752640898565035617982131730591547629561568545,-0.000000026129094847716126840420612177495696130846440397571134774582191487440926243965509,-0.000000026129094847716126840420612177495696130846440397571134774582191487440921800416975,-0.000000026129094847716126840420612177495696130846440397571134774582191487440921432810156,-0.00000002612909484771612684042061217749569613084644039757113477458219148744091724379759,-0.000019037051251334010896514894185967913199320445795379195415656742885671521647109209,-0.000019037051251334010896514894185967913199320445795379195415656742885671521741985236,-0.000019037051251334010896514894185967913199320445795379195415656742885671521741985515,-0.000019037051251334010896514894185967913199320445795379195415656742885671521742107063,-0.00000038610521473474117749907604891987455540197333386199529800111062672171365447530564,-0.00000038610521473474117749907604891987455540197333386199529800111062672171365843918641,-0.0000003861052147347411774990760489198745554019733338619952980011106267217136584391861,-0.00000038610521473474117749907604891987455540197333386199529800111062672171365843921558,0.0000000035489729391155888090214299062049571960883725955259346290760679907303305363243214,0.0000000035489729391155888090214299062049571960883725955259346290760679907303305363243845,0.000000003548972939115588809021429906204957196088372595525934629076067990730330168995066,0.0000000035489729391155888090214299062049571960883725955259346290760679907303257301600406
-120,-0.00000000000564237485721436029250334502752773782630214508593849426286396897208819134452936,-0.000000019905077449258422594709146861504632834005760141074053843189674878769116141103069,-0.000017394076382083997278650628910989136317233854851450139749297883290566064530420144,-0.00000042993873300328565931684376921325253681756576859806549360685376298685402679051602,0.0000000085898690382325603534297373636543596854103934999640450883294538631942551198741662,-120,23138793187.427727068658229302698925091366394948947707391941891652392315526610776,0.0000000010240847932973542483212636586330593377373837650657741565378676381379733413665613,23138793187.427727067634144509401570843045131290314648054204507887326541370072908,22594606754119748716.132341289497776428717350778170484323060421501801815712061695,46277586374.855454137316458605397850182732789897895414783883783304784631053221552,3.8567313772243249845497687382802042043251831453161905690874061780705614130946607e-77,2.9147068873443750610678937536951348552516501229972449674454999211818997335673191e-77,7.4823047553801637748321775962441851747166711269658057104965338369073961233428903e-78,1.9521399159374671543207266591704235895034339666398706136689832916210307261921444e-77,1.1280916957024174931668285863062035336547398511860492855164457878862368915201141e-83,0.27896592613510569288093121127444754184544444962040813979545710735691610120670039,-2.036976197024012969143288010566974167425715339625036900856571800493396220900197e-77,2.1577705443185358130201093974671248063927553238127769747387599864229432181588799e-77,3.4812977838718387144986715379751818474771607140054567324067589895583122139287632e-77,-120,-0.0000000000056423748572143602925033450275277378263021450859384942628639689720881913557061503,-0.00000000000564237485721436029250334502752773782630214508593849426286396897208819134452936,-0.0000000000056423748572143602925033450275277378263021450859384942628639689720881913444252334,-0.0000000000056423748572143602925033450275277378263021450859384942628639689720881913474340696,-0.000000019905077449258422594709146861504632834005760141074053843189674878769135666954644,-0.000000019905077449258422594709146861504632834005760141074053843189674878769116141103069,-0.000000019905077449258422594709146861504632834005760141074053843189674878769116791084105,-0.000000019905077449258422594709146861504632834005760141074053843189674878769097099640871,-0.000017394076382083997278650628910989136317233854851450139749297883290566064559282233,-0.000017394076382083997278650628910989136317233854851450139749297883290566064530420144,-0.000017394076382083997278650628910989136317233854851450139749297883290566064530419969,-0.000017394076382083997278650628910989136317233854851450139749297883290566064530135164,-0.00000042993873300328565931684376921325253681756576859806549360685376298685401930821561,-0.00000042993873300328565931684376921325253681756576859806549360685376298685402679051602,-0.00000042993873300328565931684376921325253681756576859806549360685376298685402679051626,-0.00000042993873300328565931684376921325253681756576859806549360685376298685402679052036,0.0000000085898690382325603534297373636543596854103934999640450883294538631942551198740671,0.0000000085898690382325603534297373636543596854103934999640450883294538631942551198741662,0.0000000085898690382325603534297373636543596854103934999640450883294538631942557696795671,0.0000000085898690382325603534297373636543596854103934999640450883294538631942362482804077
-110,-0.0000000000054277862194409302835714549907850816379840033291818859371963996459830816790531387,-0.000000015157381114232124283578632690694747589547281947218769145446189130775036777455192,-0.000016702273400696679742358106421906587439602032708116706295257518528568977055054649,-0.00000050043877926662610745191566749154837190334325558045297624971737781220823641402048,0.000000019415365278711361697708185067634005087783348471592784773228963134864691519967305,-110,21695220006.812847381391382927079601232388072922740454463626490808656165843595521,0.0000000010765907434317234837860695960389269409859114098736273304797197625657504670056297,21695220006.812847380314792183647877748602003326701527522640579398782538513115802,20151780181257652367.764930912022965078830195207902426260082349583578991829770517,43390440013.625694762782765854159202464776145845480908927252981617312331687191043,4.6871198071008558563874488066834039685666690633435894369218424756449371019879447e-77,4.6228549476132174806450911518921120535690512208273618210476532994217588570567032e-77,5.2012031182645494549107831704951328487791802394594385107110722345519824570826736e-78,2.3461011900357629201513889766360315185808173889002258295537330575038878103040001e-77,1.3805267830850195054862027423139738295597112975254199400735071179855782494480282e-83,0.31824024859120028204110674466952660800193587979546012649404843064688152187629563,2.4423962035830669358519910767209475608760290069407788561788296520011723007984908e-77,3.0255781071529298910040414051880617994644872167787390242139008887938403761348453e-77,5.5317606719719714495007618122816186482564877621371491431851260869719198167403534e-77,-110,-0.0000000000054277862194409302835714549907850816379840033291818859371963996459830816892718565,-0.0000000000054277862194409302835714549907850816379840033291818859371963996459830816790531387,-0.0000000000054277862194409302835714549907850816379840033291818859371963996459830816790878138,-0.0000000000054277862194409302835714549907850816379840033291818859371963996459830816754665887,-0.000000015157381114232124283578632690694747589547281947218769145446189130775013309670735,-0.000000015157381114232124283578632690694747589547281947218769145446189130775036777455192,-0.000000015157381114232124283578632690694747589547281947218769145446189130775036561005442,-0.000000015157381114232124283578632690694747589547281947218769145446189130775060180868806,-0.000016702273400696679742358106421906587439602032708116706295257518528568977101282769,-0.000016702273400696679742358106421906587439602032708116706295257518528568977055054649,-0.000016702273400696679742358106421906587439602032708116706295257518528568977055054219,-0.000016702273400696679742358106421906587439602032708116706295257518528568977055403123,-0.00000050043877926662610745191566749154837190334325558045297624971737781220823121281736,-0.00000050043877926662610745191566749154837190334325558045297624971737781220823641402048,-0.00000050043877926662610745191566749154837190334325558045297624971737781220823641402019,-0.00000050043877926662610745191566749154837190334325558045297624971737781220823641397079,0.000000019415365278711361697708185067634005087783348471592784773228963134864691519967099,0.000000019415365278711361697708185067634005087783348471592784773228963134864691519967305,0.000000019415365278711361697708185067634005087783348471592784773228963134864691303087942,0.000000019415365278711361697708185067634005087783348471592784773228963134864714764099843
-100,-0.0000000000054699815431987427587336597098549321057821390578694728650439901340716407318878669,-0.00000001154236278317483847689138714531959695822979407737899337472776472864201306907757,-0.000016802612511406710329010328278730658766332618392536756656189197469577928969721393,-0.00000060632362857513154956126727448042216688501852097543567376504009382643226584201588,0.000000039193624443094998739951053409386173720031019217126057774481304835997536331887262,-100,20352056208.63614002758714196546832507285547918952467883883380262593043249553951,0.0000000011317887311957467986763863649162495762395092005789709299717937886162682522854532,20352056208.636140026455353234272578274179092824608429262594293425351461565567716,17982204317526626000.030929654755150210838320180311995344273440479617977930452809,40704112417.27228005517428393093665014571095837904935767766760525186086499107902,8.2909693511877308691918661898399328409614401777048379859801834088399604029246197e-77,5.4515814004033681697751346133927522292669752300504026242962128155439235757462821e-77,8.7065673177839714172243371070495257355357090930769143132825179636617026975251737e-78,4.2117758514988640432299339345847062045365038932215739474444035808333326307516043e-77,2.2505822998519352290013206379032160387861815930429184178084579899128551904610378e-83,0.36393740221988913831340866416306407801619425010588712115671939636644943061058754,-4.2171471429698183479356812678844080469213919328290256674968172857596954419924502e-77,4.5729726657884890080881196605259413641752471421411215166745759865336187475187244e-77,7.3687422844533651129716573369449426781633325321932202800064586474833268251806647e-77,-100,-0.0000000000054699815431987427587336597098549321057821390578694728650439901340716407543936899,-0.0000000000054699815431987427587336597098549321057821390578694728650439901340716407318878669,-0.0000000000054699815431987427587336597098549321057821390578694728650439901340716407321394616,-0.0000000000054699815431987427587336597098549321057821390578694728650439901340716407385340121,-0.000000011542362783174838476891387145319596958229794077378993374727764728642053622087846,-0.00000001154236278317483847689138714531959695822979407737899337472776472864201306907757,-0.00000001154236278317483847689138714531959695822979407737899337472776472864201149856912,-0.000000011542362783174838476891387145319596958229794077378993374727764728641970712394334,-0.000016802612511406710329010328278730658766332618392536756656189197469577929024041025,-0.000016802612511406710329010328278730658766332618392536756656189197469577928969721393,-0.00001680261251140671032901032827873065876633261839253675665618919746957792896972226,-0.000016802612511406710329010328278730658766332618392536756656189197469577928969525211,-0.00000060632362857513154956126727448042216688501852097543567376504009382643225713552757,-0.00000060632362857513154956126727448042216688501852097543567376504009382643226584201588,-0.00000060632362857513154956126727448042216688501852097543567376504009382643226584201521,-0.00000060632362857513154956126727448042216688501852097543567376504009382643226584209488,0.000000039193624443094998739951053409386173720031019217126057774481304835997536331887368,0.000000039193624443094998739951053409386173720031019217126057774481304835997536331887262,0.000000039193624443094998739951053409386173720031019217126057774481304835997534762247568,0.000000039193624443094998739951053409386173720031019217126057774481304835997494214128853
-90,-0.0000000000057109597109384687852667239480097780021735050105854640191814313104464663938890238,-0.0000000087962626923751400160317939907762719321340739563597019682812886835262794544520842,-0.000017511370955122448324764192473429206161407946266800430491201856275569948379997694,-0.00000075531443572922771915890791905954927573507450486036459266239145747598059521324358,0.000000068957793289338787141118177119456729286644979296401829793002780828730157780985033,-90,19101551638.781338930359704297731845490200403562335686728339159132856495937361682,0.0000000011898167803101818851617488087821971333860090467541604126648087732746245820422883,19101551638.781338929169887517421663605038654753553489594953150086102335524696873,16054195868545086572.991877017686535360960784349845538842178441268479942908846009,38203103277.562677860719408595463690980400807124671373456678318265712991874723364,2.6172275667801822830024528491212358598178262630821949112870009774346747642043816e-77,3.7243476893844792446978642408326723150437751571631463472914721215102052151137967e-77,5.1000345834636891029280024920734218212438914844431648282424034285525677951890979e-77,1.3790993376888256096077211180363341292284417856325843063287565854500074656771844e-77,2.2427816981764590727201068296241658250603152689818919721428441090554355100982916e-83,0.41714563189373253886539370191314562392953139363646546379317707683223448086412147,-1.3817758385783365308878730589380076279706805391475514910466079148740613041314939e-77,3.5243048948057741392621143490736635146995046399902561813894855096202828074357001e-77,6.7121865036726540992883657978838642448457726000493714960820042372395516391935869e-77,-90,-0.0000000000057109597109384687852667239480097780021735050105854640191814313104464664161587222,-0.0000000000057109597109384687852667239480097780021735050105854640191814313104464663938890238,-0.0000000000057109597109384687852667239480097780021735050105854640191814313104464663937309053,-0.0000000000057109597109384687852667239480097780021735050105854640191814313104464663959650761,-0.0000000087962626923751400160317939907762719321340739563597019682812886835262932426167661,-0.0000000087962626923751400160317939907762719321340739563597019682812886835262794544520842,-0.0000000087962626923751400160317939907762719321340739563597019682812886835262804414595814,-0.0000000087962626923751400160317939907762719321340739563597019682812886835262670703410983,-0.000017511370955122448324764192473429206161407946266800430491201856275569948417109369,-0.000017511370955122448324764192473429206161407946266800430491201856275569948379997694,-0.000017511370955122448324764192473429206161407946266800430491201856275569948379998253,-0.000017511370955122448324764192473429206161407946266800430491201856275569948379865892,-0.00000075531443572922771915890791905954927573507450486036459266239145747598064621357946,-0.00000075531443572922771915890791905954927573507450486036459266239145747598059521324358,-0.00000075531443572922771915890791905954927573507450486036459266239145747598059521324442,-0.00000075531443572922771915890791905954927573507450486036459266239145747598059521323362,0.000000068957793289338787141118177119456729286644979296401829793002780828730157780984913,0.000000068957793289338787141118177119456729286644979296401829793002780828730157780985033,0.000000068957793289338787141118177119456729286644979296401829793002780828730158768551888,0.000000068957793289338787141118177119456729286644979296401829793002780828730144977558511
-80,-0.0000000000061232448480193286965174022107810778494191008812189556381375004285323981280975288,-0.0000000067105078118499386129384839327745176197347902098114366730958895330061115204787755,-0.000018736342059153554220177795716703864190620000422016046923280381147131748955612138,-0.00000095793480746253910851545615979030307740148715064585895603562567859198001768650054,0.00000010741363058809891233902174456976113351937370961361437784090762588383313325993646,-80,17936605872.522658188722937535765918210872448651723637656310010896860433209527532,0.000000001250819991123275828718574722977807957565840576465796628979773554619984765732729,17936605872.522658187472117544642642382153873928745829698744170320394636580547758,14339877839988006606.99968838666696048659714794455860935493826291143183181917184,35873211745.045316377445875071531836421744897303447275312620021793720866419055064,2.2229744275104771069920376742428906163729655657204786909897990551786285930829559e-77,4.2602207885863157783455326955762914687294321316806655466963624132802335746041533e-77,2.3859238873815263716164026524840003535739614353778591687712120851147450621947563e-77,1.1300430759974051210349719535048021664692906591542135343673237009143633348285457e-77,1.7370966522483083231120333155248159098239169512719469458028626591372772127944394e-83,0.47915878836117160700610264339867642940149706221452805387904175462801150380996545,-1.1278394475060640250884457359636450041694684611722801815331209639397292723942284e-77,4.6694469807745358891095608351317604101070501019089440661395130849744781319495473e-77,8.5021124486106177084095882995987601644326533998767100534348370200747116548879103e-77,-80,-0.0000000000061232448480193286965174022107810778494191008812189556381375004285323981123625041,-0.0000000000061232448480193286965174022107810778494191008812189556381375004285323981280975288,-0.0000000000061232448480193286965174022107810778494191008812189556381375004285323981281709351,-0.0000000000061232448480193286965174022107810778494191008812189556381375004285323981297334706,-0.000000006710507811849938612938483932774517619734790209811436673095889533006122362974209,-0.0000000067105078118499386129384839327745176197347902098114366730958895330061115204787755,-0.0000000067105078118499386129384839327745176197347902098114366730958895330061110622696235,-0.0000000067105078118499386129384839327745176197347902098114366730958895330061001332299339,-0.00001873634205915355422017779571670386419062000042201604692328038114713174891300993,-0.000018736342059153554220177795716703864190620000422016046923280381147131748955612138,-0.000018736342059153554220177795716703864190620000422016046923280381147131748955611117,-0.000018736342059153554220177795716703864190620000422016046923280381147131748955111252,-0.00000095793480746253910851545615979030307740148715064585895603562567859197999382729315,-0.00000095793480746253910851545615979030307740148715064585895603562567859198001768650054,-0.00000095793480746253910851545615979030307740148715064585895603562567859198001768650429,-0.00000095793480746253910851545615979030307740148715064585895603562567859198001768653202,0.00000010741363058809891233902174456976113351937370961361437784090762588383313325993656,0.00000010741363058809891233902174456976113351937370961361437784090762588383313325993646,0.00000010741363058809891233902174456976113351937370961361437784090762588383313280070393,0.0000001074136305880989123390217445697611335193737096136143778409076258838331219595058
-70,-0.000000000006735278545948510712936358323153223438276580471365837821903237738803028567134083,-0.0000000051224959626501571538919948411505616609177030268449047478987249674728492659468566,-0.000020555978867637720182794719674992978371924280456455075776881041109731113893971481,-0.0000012350046550307102692272738071288290893517224517329632713114925893060785622020412,0.00000015457382282069548546038700769188178837869301735126931552356449995009940145524661,-70,16850710691.521476188698295625816343268905978163957536809026525732409006164626018,0.0000000013149509034372148229649839598218193026929659184531008382104115113714248785520071,16850710691.521476187383344722379128445940994204135717506333559813955905326415606,12814707109957166429.86346682377685982243425094362817368463837866836483694936144,33701421383.042952377396591251632686537811956327915073618053051464818012329252035,3.7497562099618797900253926259971694305926999159768368269786947225280044567534015e-78,3.5714957025182084365603327438774301050748004452075989582911727555489731617800079e-77,1.6690145694621437794064726115531964866305147062901853628110003500279974251338179e-77,2.8741620039088758833049922567465368929036079519292533604755457138863521760632926e-78,9.5396001335442965621756041142668223578724966872342576130194375671453423469308124e-84,0.55139866039823509054583151729444077353703528667620344374707901213892492374158829,2.8955380090342144373186162513930454901190034598702427074858812265734262664305186e-78,4.2307525785084389679199453525204338206983266341190084430543142234108719660506616e-77,7.0456607307468097842006413244428004581242045208081816181350394786514857109969531e-77,-70,-0.0000000000067352785459485107129363583231532234382765804713658378219032377388030285579044365,-0.000000000006735278545948510712936358323153223438276580471365837821903237738803028567134083,-0.0000000000067352785459485107129363583231532234382765804713658378219032377388030285674440366,-0.0000000000067352785459485107129363583231532234382765804713658378219032377388030285667718358,-0.000000005122495962650157153891994841150561660917703026844904747898724967472846392555226,-0.0000000051224959626501571538919948411505616609177030268449047478987249674728492659468566,-0.0000000051224959626501571538919948411505616609177030268449047478987249674728473312278851,-0.0000000051224959626501571538919948411505616609177030268449047478987249674728501423114359,-0.000020555978867637720182794719674992978371924280456455075776881041109731113858256524,-0.000020555978867637720182794719674992978371924280456455075776881041109731113893971481,-0.000020555978867637720182794719674992978371924280456455075776881041109731113893970288,-0.000020555978867637720182794719674992978371924280456455075776881041109731113893340958,-0.0000012350046550307102692272738071288290893517224517329632713114925893060785788920743,-0.0000012350046550307102692272738071288290893517224517329632713114925893060785622020412,-0.000001235004655030710269227273807128829089351722451732963271311492589306078562202039,-0.0000012350046550307102692272738071288290893517224517329632713114925893060785622019286,0.0000001545738228206954854603870076918817883786930173512693155235644999500994014552475,0.00000015457382282069548546038700769188178837869301735126931552356449995009940145524661,0.00000015457382282069548546038700769188178837869301735126931552356449995009939951929768,0.00000015457382282069548546038700769188178837869301735126931552356449995009940239345968
-60,-0.0000000000075977551709138669113500846844806961404230556212384402538695880983107387414599479,-0.0000000039104445717271672967727775606137345483900689277845777661732754315287319430674508,-0.000023115733617585178197125252324896983019130158953170377467514672312431717454785655,-0.0000016195854668833637529949077014843659112576605118861853320665816421262747911276644,0.00000021413834324447367183158549886237210978565395262355165838711951098512042741143283,-60,15837897827.448827307690430700624616824507914998423730896973279857711157488428386,0.0000000013823698779370842062297612851299363337196517471094266190170582953998419675310589,15837897827.448827306308060822687532618278153713293794563253628110601730869411328,11457062310330272891.854740531041210239570356569058548357209422045770976868611145,31675795654.897654615380861401249233649015829996847461793946559715422314976856772,1.1831118495195911787060012588628546722784515198891457990988003866639191798665039e-76,1.9971139783655903196205938682725924008205750842758900702867314274764868544813113e-77,1.2768348536941678967071391221804117021513017494384451160240125814607536375100159e-77,5.9394516159628866929720728363733802650800890473065052927076510770810483003181154e-77,9.5266317583256439393571977958569040745082819839685651022621125513820826841648582e-84,0.63543699480452385474937909054205298940463569883867243103784486756731467054825185,6.1171412004016265251891644229441490522663791449608130418524105834221516583142072e-77,6.1662673179973004344160171824506510467907530183555971715180262160909242140961498e-77,8.8292496713425982706125816027394448015489666114742256125523620986825218294440424e-77,-60,-0.0000000000075977551709138669113500846844806961404230556212384402538695880983107387403611014,-0.0000000000075977551709138669113500846844806961404230556212384402538695880983107387414599479,-0.0000000000075977551709138669113500846844806961404230556212384402538695880983107387415531386,-0.0000000000075977551709138669113500846844806961404230556212384402538695880983107387320265069,-0.0000000039104445717271672967727775606137345483900689277845777661732754315286725427542425,-0.0000000039104445717271672967727775606137345483900689277845777661732754315287319430674508,-0.0000000039104445717271672967727775606137345483900689277845777661732754315287313613127338,-0.0000000039104445717271672967727775606137345483900689277845777661732754315287908539391944,-0.000023115733617585178197125252324896983019130158953170377467514672312431717474672029,-0.000023115733617585178197125252324896983019130158953170377467514672312431717454785655,-0.000023115733617585178197125252324896983019130158953170377467514672312431717454786288,-0.000023115733617585178197125252324896983019130158953170377467514672312431717454700889,-0.0000016195854668833637529949077014843659112576605118861853320665816421262748038960122,-0.0000016195854668833637529949077014843659112576605118861853320665816421262747911276644,-0.0000016195854668833637529949077014843659112576605118861853320665816421262747911276636,-0.000001619585466883363752994907701484365911257660511886185332066581642126274791127752,0.00000021413834324447367183158549886237210978565395262355165838711951098512042741143245,0.00000021413834324447367183158549886237210978565395262355165838711951098512042741143283,0.00000021413834324447367183158549886237210978565395262355165838711951098512042683033025,0.00000021413834324447367183158549886237210978565395262355165838711951098512048622484641
-50,-0.0000000000087303963608620297873208924681759960784793871726331242849137797704987994170179323,-0.0000000029842557384212482108873924891006414012724327813972184779582316960577532147343446,-0.000026462910879254501083813354289010445461640007492869959445886862527080408183224055,-0.0000021545507968176301693105193688193904452632699869218133594977842404529518140465887,0.00000029325031295440498062510318714039425465997123369429223497385061668884476479610427,-50,14892691481.441185277105002642214664404924982851611065525982796855750358902168006,0.0000000014532454971761090222512518209693182907594038999026857258326986010363828652411663,14892691481.441185275651757145038555382673731030641747235223392955847673176335307,10247884139589692753.156179791019394621329837502744887557240367397621329950755541,29785382962.882370554210005284429328809849965703222131051965593711500717804336011,2.6158593907477613592035158611094439319287930402378483949445144237302278190645801e-77,4.5339884914245834283278347279702097748359001913290477271374443218385106966602742e-77,2.3819325035999642645070533269519443094219964019892070523393818686651662877860506e-77,1.3343618228370820566269642206355039759806282176031142880519773159956357711469825e-77,1.8427413315765752897021231385202265026487167378630569909582881748384035517809833e-83,0.73307409281508980861899295001888271810015930079990879588905902586872448413452491,1.3155087044315930343699550603415862698320815156229796173797252614577855009601487e-77,1.4887927859001596298035017038339220725964030419683047560123722472193562675419824e-77,2.6285224011721268243899896240517510536255179495447881933334596951409666740928457e-77,-50,-0.0000000000087303963608620297873208924681759960784793871726331242849137797704987994332255712,-0.0000000000087303963608620297873208924681759960784793871726331242849137797704987994170179323,-0.0000000000087303963608620297873208924681759960784793871726331242849137797704987994169037655,-0.0000000000087303963608620297873208924681759960784793871726331242849137797704987994147981579,-0.0000000029842557384212482108873924891006414012724327813972184779582316960577405807457829,-0.0000000029842557384212482108873924891006414012724327813972184779582316960577532147343446,-0.0000000029842557384212482108873924891006414012724327813972184779582316960577539270911642,-0.0000000029842557384212482108873924891006414012724327813972184779582316960577667393396904,-0.000026462910879254501083813354289010445461640007492869959445886862527080408228217036,-0.000026462910879254501083813354289010445461640007492869959445886862527080408183224055,-0.000026462910879254501083813354289010445461640007492869959445886862527080408183221714,-0.000026462910879254501083813354289010445461640007492869959445886862527080408182877151,-0.0000021545507968176301693105193688193904452632699869218133594977842404529518378658943,-0.0000021545507968176301693105193688193904452632699869218133594977842404529518140465887,-0.0000021545507968176301693105193688193904452632699869218133594977842404529518140465693,-0.0000021545507968176301693105193688193904452632699869218133594977842404529518140467578,0.00000029325031295440498062510318714039425465997123369429223497385061668884476479610381,0.00000029325031295440498062510318714039425465997123369429223497385061668884476479610427,0.0000002932503129544049806251031871403942546599712336942922349738506166888447655062577,0.00000029325031295440498062510318714039425465997123369429223497385061668884477813972204
-40,-0.00000000001004547796612309859579647550735037709864076737728331073360607808165047479544335,-0.0000000022764165846828233566544699224286793420637985119508237841958795055883231515399431,-0.000030310026397117821659296889251530514532593374464764815000368040956601818485484079,-0.0000028881563178414939629807561642182914633545237221499536226323189229611467699710488,0.00000040231527955219874320452643239193870479336605520738100999197492050036529930052572,-40,14124842512.7363122014723301047746671306220362518864287385133873710799417477286,0.0000000015277549871198482623964622353957165494006091282022011740205022065146795288379197,14124842512.736312199944575117654818868225574016490712189112778242877740573708098,9245489382669091797.2140117411246649237920219669906781075649489092476911997870941,28249685025.4726244029446602095493342612440725037728574770267747421598834954572,1.7563900234278984452764807806612438156595238630415827047996790264754177758564014e-77,1.6192816040802083672599409742750749195842500683318027596919444006566109630929551e-77,4.5270091947702441618242844726868788358666461521552541934070392328707462761127301e-77,8.9574774962442039901624203294160186685396789861849480908764818994162092223784493e-78,1.2411619342381455329737920833427332762119717628110695996393345748711026089957065e-83,0.84637695861115169903888991464882246851689269352643746884419225492639931581221618,9.0862510560433398282856501178793256304807536701148624725324446090615452480325802e-78,1.4014617728793728159732213960078906752881560483804355205634349036331669978072272e-77,2.6355695164018122507276706531545476472328235293538448499260205116556964940635048e-77,-40,-0.000000000010045477966123098595796475507350377098640767377283310733606078081650474806425211,-0.00000000001004547796612309859579647550735037709864076737728331073360607808165047479544335,-0.000000000010045477966123098595796475507350377098640767377283310733606078081650474795483227,-0.000000000010045477966123098595796475507350377098640767377283310733606078081650474794013592,-0.0000000022764165846828233566544699224286793420637985119508237841958795055883141965086497,-0.0000000022764165846828233566544699224286793420637985119508237841958795055883231515399431,-0.000000002276416584682823356654469922428679342063798511950823784195879505588322902640627,-0.000000002276416584682823356654469922428679342063798511950823784195879505588331760408884,-0.000030310026397117821659296889251530514532593374464764815000368040956601818501602045,-0.000030310026397117821659296889251530514532593374464764815000368040956601818485484079,-0.000030310026397117821659296889251530514532593374464764815000368040956601818485467537,-0.000030310026397117821659296889251530514532593374464764815000368040956601818485409229,-0.0000028881563178414939629807561642182914633545237221499536226323189229611468152410916,-0.0000028881563178414939629807561642182914633545237221499536226323189229611467699710488,-0.0000028881563178414939629807561642182914633545237221499536226323189229611467699709997,-0.0000028881563178414939629807561642182914633545237221499536226323189229611467699710462,0.00000040231527955219874320452643239193870479336605520738100999197492050036529930052591,0.00000040231527955219874320452643239193870479336605520738100999197492050036529930052572,0.0000004023152795521987432045264323919387047933660552073810099919749205003652990350479,0.0000004023152795521987432045264323919387047933660552073810099919749205003653079925254
-30,-0.000000000011172087371732175810946041475143274634065163749698145261079874515630746663728488,-0.0000000017356258958956796733110982562985253057472762771295496963325685403001403810598307,-0.000033495868606597703711907654040287192385869830427879931835583282835540051840862444,-0.0000038572716170784008887519750408269532466580726593396173046532617224753367361736115,0.0000005561856746136398376471710121712142862306725910187215080039592442934106547463077,-30,14003049390.411343096993401717184787923720546664947502444052645506206672679671659,0.0000000016060846603034213948347413494283187503749491767679523136203184483623970599981305,14003049390.411343095387317056881366528885805315519183693677696329438720366051341,8718749226934206597.3923827341093114397160963150049154622179364961722452565589932,28006098780.822686193986803434369575847441093329895004888105291012413345359343318,1.1575326571709116598218524908584348921708315273353635588034469180923281447672925e-77,9.0858756582946579293675087693218414288183279514675979859997550457130878145495605e-78,2.7172238782877177911149340740008871333724325206521909006758712454600058521001435e-77,6.7831483249263592113490581510957221916193387870778442254077484192827914752339261e-78,7.5254438111763833434459262271457495943305066819583168694079410978680079328102741e-84,0.97767512053612702974491352076056044160491411315685345460458045416290157648841736,-4.9017170497183913496304314006117581550286479499701813194819536758671392388040243e-78,1.3554631407246075886553979854539068430087717029190842121290703065310741684572895e-77,2.8650269392459700287259891940687548387613649822781093684080550732665117038045684e-77,-30,-0.000000000011172087371732175810946041475143274634065163749698145261079874515630746657259632,-0.000000000011172087371732175810946041475143274634065163749698145261079874515630746663728488,-0.000000000011172087371732175810946041475143274634065163749698145261079874515630746664025643,-0.000000000011172087371732175810946041475143274634065163749698145261079874515630746664785076,-0.0000000017356258958956796733110982562985253057472762771295496963325685403001453205091227,-0.0000000017356258958956796733110982562985253057472762771295496963325685403001403810598307,-0.0000000017356258958956796733110982562985253057472762771295496963325685403001385256433721,-0.000000001735625895895679673311098256298525305747276277129549696332568540300133745182551,-0.000033495868606597703711907654040287192385869830427879931835583282835540051831788511,-0.000033495868606597703711907654040287192385869830427879931835583282835540051840862444,-0.000033495868606597703711907654040287192385869830427879931835583282835540051840874387,-0.00003349586860659770371190765404028719238586983042787993183558328283554005184069456,-0.0000038572716170784008887519750408269532466580726593396173046532617224753367090021505,-0.0000038572716170784008887519750408269532466580726593396173046532617224753367361736115,-0.0000038572716170784008887519750408269532466580726593396173046532617224753367361741505,-0.0000038572716170784008887519750408269532466580726593396173046532617224753367361743893,0.00000055618567461363983764717101217121428623067259101872150800395924429341065474630679,0.0000005561856746136398376471710121712142862306725910187215080039592442934106547463077,0.00000055618567461363983764717101217121428623067259101872150800395924429341065290336309,0.00000055618567461363983764717101217121428623067259101872150800395924429341064796315938
-20,-0.000000000011105211923916901535616305059112528220428125935021680557664684204257616493221998,-0.0000000013226312698692519168236217980097177745441045721728883472278752164022151267032998,-0.000032925433686740059890722989544088994676038940272691988215814438964073605655634899,-0.0000050225580675891192398290699690382264191515919143068833169271435737869671384478402,0.00000077691235103565246098663790398232077687192517400453743245386290351917704655479429,-20,13916271185.425091625626458143849384169912081393750473219364766104281544889936851,0.0000000016884303817098919256159322791949428698185971658116439138615925260269009450199806,13916271185.425091623938027762139492244296149114555530349546168938469900976075258,8242135024443194096.9308819977888807340138546674742245881113114672682497058119807,27832542370.850183251252916287698768339824162787500946438729532208563089779873701,1.5004518463847492373735583689424035002543432334842928726119572786305707844055311e-76,4.3064878598096687371463924999438027646495192246975353342067661957566769428611468e-78,1.8812552229694868693850030394491348919258426086836601723113768118305483487235536e-78,7.5436741021461203557499237876168306860298142795748405863517288044250011631303017e-77,1.3004890988803059269488075043179678558293187340165589709848581728265765347261552e-83,1.1295085116860831632163951351029556549533600870969910487209914086284932702864953,-7.6454137405184887515364003233075734162341460170035536010680545662812064727607123e-77,7.8316384070168170289196281211053913620750739718340110111023612506971011808787721e-77,1.1690280658989699924132738885352144509818664378717745467894841127060955840714541e-76,-20,-0.000000000011105211923916901535616305059112528220428125935021680557664684204257616506226889,-0.000000000011105211923916901535616305059112528220428125935021680557664684204257616493221998,-0.000000000011105211923916901535616305059112528220428125935021680557664684204257616493389074,-0.000000000011105211923916901535616305059112528220428125935021680557664684204257616505363759,-0.0000000013226312698692519168236217980097177745441045721728883472278752164022895740754552,-0.0000000013226312698692519168236217980097177745441045721728883472278752164022151267032998,-0.0000000013226312698692519168236217980097177745441045721728883472278752164022140838478146,-0.0000000013226312698692519168236217980097177745441045721728883472278752164021395288908167,-0.000032925433686740059890722989544088994676038940272691988215814438964073605659941387,-0.000032925433686740059890722989544088994676038940272691988215814438964073605655634899,-0.000032925433686740059890722989544088994676038940272691988215814438964073605655689655,-0.000032925433686740059890722989544088994676038940272691988215814438964073605655893183,-0.000005022558067589119239829069969038226419151591914306883316927143573786967136566585,-0.0000050225580675891192398290699690382264191515919143068833169271435737869671384478402,-0.0000050225580675891192398290699690382264191515919143068833169271435737869671384471543,-0.0000050225580675891192398290699690382264191515919143068833169271435737869671384468657,0.00000077691235103565246098663790398232077687192517400453743245386290351917704655479321,0.00000077691235103565246098663790398232077687192517400453743245386290351917704655479429,0.00000077691235103565246098663790398232077687192517400453743245386290351917704556632068,0.00000077691235103565246098663790398232077687192517400453743245386290351917697111805326
-10,-0.0000000000079845969347376265860598258992012508565011576143156397471051469638638373364034518,-0.0000000010073803751482688024632105000251252742490139364771463183302906090288248661710402,-0.000022961995932444899031713734156179042949947089286981219193423877438306898429576011,-0.0000061104277959473796296803602770833455538362547590852214706395347202359746404200625,0.0000010969989927109476576241657070494106753702853018736444223932724389800512668068599,-10,13864290907.06434372482973251962207942289068023122571108323097335019031666838296,0.0000000017749980585347468564889961424277793149827646995053953850810202403675846386448143,13864290907.06434372305473446108733256640168408879793176824820865068492128330194,7810876660061958211.1330575017822460135220912321053929201697067440011971106203532,27728581814.12868744965946503924415884578136046245142216646194670038063333676592,6.8995826597356990416056220974023809878921869917480668504109349490126899503056234e-77,1.5922935773455382278056086247038236709245125671929393803637453273123341137080725e-77,4.6216124213149070809266560685651554091313431153683910025426190600979523124895268e-77,3.5038891252693309525379211395449009841013391028416537512609824472729249769747448e-77,1.7872003328831765096308946928289923349188148933571700778992606628920239651557057e-83,1.3045063949266410872872071231437269409762622346994424641209421607429498968073868,3.4924381345132919914871338961299415699827773727354898442176578926438160522794356e-77,3.7436674628471221143360023036685829063860530432167221145057475289796791169791097e-77,6.1173145226622955091520819310330525663085721783076874647290223504934184611589376e-77,-10,-0.0000000000079845969347376265860598258992012508565011576143156397471051469638638373185314484,-0.0000000000079845969347376265860598258992012508565011576143156397471051469638638373364034518,-0.0000000000079845969347376265860598258992012508565011576143156397471051469638638373362769355,-0.0000000000079845969347376265860598258992012508565011576143156397471051469638638373308636501,-0.000000001007380375148268802463210500025125274249013936477146318330290609028790687443428,-0.0000000010073803751482688024632105000251252742490139364771463183302906090288248661710402,-0.0000000010073803751482688024632105000251252742490139364771463183302906090288256485692988,-0.0000000010073803751482688024632105000251252742490139364771463183302906090288596832700253,-0.000022961995932444899031713734156179042949947089286981219193423877438306898413992534,-0.000022961995932444899031713734156179042949947089286981219193423877438306898429576011,-0.000022961995932444899031713734156179042949947089286981219193423877438306898429645594,-0.00002296199593244489903171373415617904294994708928698121919342387743830689842991547,-0.0000061104277959473796296803602770833455538362547590852214706395347202359745942051752,-0.0000061104277959473796296803602770833455538362547590852214706395347202359746404200625,-0.0000061104277959473796296803602770833455538362547590852214706395347202359746404212994,-0.0000061104277959473796296803602770833455538362547590852214706395347202359746404212938,0.0000010969989927109476576241657070494106753702853018736444223932724389800512668068604,0.0000010969989927109476576241657070494106753702853018736444223932724389800512668068599,0.0000010969989927109476576241657070494106753702853018736444223932724389800512676631299,0.0000010969989927109476576241657070494106753702853018736444223932724389800513018457511
0,-0.00000000000042764828797164994558623639763542878673133962798433307065704594354404765059717109,-0.00000000076694211968268118480711982978345902087136247789093182833237695051395934273390897,0.00000037862023316453803021918516996710118268210612466784464569170999923462227255468137,-0.0000065407634284262038491592416681774535655082570011514842665116483948743769208143743,0.0000015574124678023816169776404639388444841052370448695124260281246940649476019050251,0,13846978577.557879718355412245967936122565017104302315624016748223554823592362196,0.00000000186600415506113742750843001418659921212032927847436929931534738256453613419895,13846978577.557879716489408090906798695056587090115716411896418945080454293046849,7420657955128829700.038298636685705321178592927004425716341708202046775988099242,27693957155.115759436710824491935872245130034208604631248033496447109647184724392,4.5538443749782858118446588277911333623507558868962564214512417745916498389419099e-77,3.5179314536560255999651191609088053428728141132963709694609495214785877498966088e-77,3.4780268577170423073694827611554244757972409348138463952103966984543606751464031e-77,2.5174575980768763117183669599706867429580382511610720106233154396558346163131608e-77,1.7583510112044836570800202540086233651164765858191295813225704300441336054398196e-83,1.5053049015785533708024671530370265736409209903185396887529111998434924343832434,2.0918247837467568196376368524680892408058968892759844131977857101920383447792622e-77,2.7477917312336090009086092634559552166053868734187931178191744655225200807686344e-77,5.1681978185606766080442786552796813107370533641930362740075234883036053950668035e-77,0,-0.00000000000042764828797164994558623639763542878673133962798433307065704594354404766417030445,-0.00000000000042764828797164994558623639763542878673133962798433307065704594354404765059717109,-0.00000000000042764828797164994558623639763542878673133962798433307065704594354404764983412801,-0.00000000000042764828797164994558623639763542878673133962798433307065704594354404764658679434,-0.00000000076694211968268118480711982978345902087136247789093182833237695051393893156993988,-0.00000000076694211968268118480711982978345902087136247789093182833237695051395934273390897,-0.00000000076694211968268118480711982978345902087136247789093182833237695051396410703085564,-0.00000000076694211968268118480711982978345902087136247789093182833237695051398447001368966,0.00000037862023316453803021918516996710118268210612466784464569170999923462223737536683,0.00000037862023316453803021918516996710118268210612466784464569170999923462227255468137,0.00000037862023316453803021918516996710118268210612466784464569170999923462227255309592,0.00000037862023316453803021918516996710118268210612466784464569170999923462227245980158,-0.0000065407634284262038491592416681774535655082570011514842665116483948743769555930854,-0.0000065407634284262038491592416681774535655082570011514842665116483948743769208143743,-0.0000065407634284262038491592416681774535655082570011514842665116483948743769208128168,-0.0000065407634284262038491592416681774535655082570011514842665116483948743769208129242,0.0000015574124678023816169776404639388444841052370448695124260281246940649476019050253,0.0000015574124678023816169776404639388444841052370448695124260281246940649476019050251,0.0000015574124678023816169776404639388444841052370448695124260281246940649476066695129,0.0000015574124678023816169776404639388444841052370448695124260281246940649476270796011
10,0.0000000000096687230144651944229729225073312298691578980374928944212720074339417206476082526,-0.00000000058379001204902701190685494768889984830821918961341650664224091224436068094363174,0.000030958585637996447047922485400866883107827545357662801483657481640947641710395043,-0.0000059597795865702358552437491391338865647984961428281791638757643004710300709727454,0.0000021986341728452413096310174560018755062323465639461593003235251357882272297726832,10,13864290907.06434372482973251962207942289068023122571108323097335019031666838296,0.0000000016884303817098919256159322791949428698185971658116439138615925260269009450199806,13864290907.064343723141302137912187497274747952030768213412376184378672754521367,8211348870081231654.6106719511496533205172907662252640728224793093627732291328475,27728581814.12868744965946503924415884578136046245142216646194670038063333676592,8.3074025562056589971184130490333179860093626994994027240827524823244729445104982e-78,4.1291680904045313365128494844014410449398376742460970372144582216743579558870354e-77,5.2373639381969239378563715886709454430303088147606745508786326708737260837537766e-77,5.0849613186307079682645622899746443236191683901315013722287699768452984410058989e-78,2.1339737539624167495986964232662644054655072349197668949515376099364628117036147e-83,1.7347186813100366672762166426648378193938573473756648883766449505509323794375302,5.1580741859886012896054880173117545719755099388489191893833095227151812380707783e-78,2.5294640226641879968423600511338873236406606009239565972774786976601545470605226e-77,4.9065625963912463984575073546410911192806495315701255285692096761246524165764134e-77,10,0.0000000000096687230144651944229729225073312298691578980374928944212720074339417206268665582,0.0000000000096687230144651944229729225073312298691578980374928944212720074339417206476082526,0.00000000000966872301446519442297292250733122986915789803749289442127200743394172064731383,0.0000000000096687230144651944229729225073312298691578980374928944212720074339417206482062957,-0.00000000058379001204902701190685494768889984830821918961341650664224091224435559407811896,-0.00000000058379001204902701190685494768889984830821918961341650664224091224436068094363174,-0.00000000058379001204902701190685494768889984830821918961341650664224091224435888696019763,-0.00000000058379001204902701190685494768889984830821918961341650664224091224436390148067516,0.000030958585637996447047922485400866883107827545357662801483657481640947641669301555,0.000030958585637996447047922485400866883107827545357662801483657481640947641710395043,0.000030958585637996447047922485400866883107827545357662801483657481640947641710385614,0.000030958585637996447047922485400866883107827545357662801483657481640947641710593236,-0.0000059597795865702358552437491391338865647984961428281791638757643004710301233463848,-0.0000059597795865702358552437491391338865647984961428281791638757643004710300709727454,-0.0000059597795865702358552437491391338865647984961428281791638757643004710300709771697,-0.0000059597795865702358552437491391338865647984961428281791638757643004710300709768675,0.000002198634172845241309631017456001875506232346563946159300323525135788227229772684,0.0000021986341728452413096310174560018755062323465639461593003235251357882272297726832,0.00000219863417284524130963101745600187550623234656394615930032352513578822722796841,0.0000021986341728452413096310174560018755062323465639461593003235251357882272330533713
20,0.0000000000185574666207822699057673094754692029213455954301811065430547833298227439846962,-0.00000000044436839280636247270511519231398679263656663916395378647051377056908990250203791,0.000057238925720763694383212546216062827015919191479279706319931419109867339072367448,-0.0000047731723143415669605257522652675238626967507142541084522182023971530198203081324,0.0000030675662060662602047769270959493574678625531623655786887974461741307295716701438,20,13916271185.425091625626458143849384169912081393750473219364766104281544889936851,0.0000000015277549871198482623964622353957165494006091282022011740205022065146795288379197,13916271185.425091624098703156729535907515619158354756669964156976079343715916348,9108967931867335247.4987285454361281637988229264111629539795582401901759688761994,27832542370.850183251252916287698768339824162787500946438729532208563089779873701,1.3163326191580256381246845356109831854966508535349939066430381172571481309530212e-76,4.0482040102005209181498524356876872989606251708295068992298610016415274077323877e-77,7.0230896710445109106997803322995401094041720482334609125042584820525102664223449e-77,6.8026369079854741870021141180731048979237181951522385750233221018723756118168241e-77,2.4929434280968953831806194471488009508115423382654372898045249700333418445304003e-83,1.9956216645050939497156630374823688062226551835803121796750654849226626463490544,6.5393243372188420277579191764093014883424707749199315517411906787998201517876905e-77,6.7030896129709175171424575883741289584364204098279829247942154995433932137765251e-77,1.0043303432649783725039881317834269016351884120795865166801287036311215254309371e-76,20,0.000000000018557466620782269905767309475469202921345595430181106543054783329822743970736816,0.0000000000185574666207822699057673094754692029213455954301811065430547833298227439846962,0.000000000018557466620782269905767309475469202921345595430181106543054783329822743985441028,0.000000000018557466620782269905767309475469202921345595430181106543054783329822743995666251,-0.00000000044436839280636247270511519231398679263656663916395378647051377056902640437959148,-0.00000000044436839280636247270511519231398679263656663916395378647051377056908990250203791,-0.00000000044436839280636247270511519231398679263656663916395378647051377056909454961985418,-0.00000000044436839280636247270511519231398679263656663916395378647051377056915803764150729,0.000057238925720763694383212546216062827015919191479279706319931419109867339032163722,0.000057238925720763694383212546216062827015919191479279706319931419109867339072367448,0.00005723892572076369438321254621606282701591919147927970631993141910986733907248312,0.000057238925720763694383212546216062827015919191479279706319931419109867339072645762,-0.0000047731723143415669605257522652675238626967507142541084522182023971530198905360382,-0.0000047731723143415669605257522652675238626967507142541084522182023971530198203081324,-0.0000047731723143415669605257522652675238626967507142541084522182023971530198203052686,-0.0000047731723143415669605257522652675238626967507142541084522182023971530198203051415,0.0000030675662060662602047769270959493574678625531623655786887974461741307295716701472,0.0000030675662060662602047769270959493574678625531623655786887974461741307295716701438,0.0000030675662060662602047769270959493574678625531623655786887974461741307295762012785,0.0000030675662060662602047769270959493574678625531623655786887974461741307296396965129
30,0.000000000024814302337378783112770386343794421777982554829932144846075391766899539736487159,-0.00000000033820554136723654160624599994832856535633429644182403251255422034918652354528576,0.000074995760513014851782390944573872768002644221288392854295845933024232016316160216,-0.0000035752175807166445883723776556513378916220298195130913747661718024408111109968747,0.0000042399023282377008431317194304813088798730980255721672171438675752397082521069859,30,14003049390.411343096993401717184787923720546664947502444052645506206672679671659,0.0000000013823698779370842062297612851299363337196517471094266190170582953998419675310589,14003049390.411343095611031839247703717490785379817566110332993759097246060654601,10129741405612907762.024304946764588541607166751317788804282626112048508575961082,28006098780.822686193986803434369575847441093329895004888105291012413345359343318,1.0791117320299413995754295773278176344170725069369793228676586829900917371027854e-76,1.357497744753908014552917183433937807584796307284827980208413389217125524059594e-76,1.8666443544879412750304019961801777176048231154822590309152902579962509546385861e-77,5.4487447913396452845314025547040953058686909031236640208806125574412069104009481e-77,4.0327298163540671737010403929986674592433063408749315388201205285031318031298674e-83,2.2899915650369592214190977680652998834172626895838907532351843345966917599655488,-5.6147066028398453591526062776594560960867475616560838557253285437374816234892927e-77,5.5604738614508503623330637523565898624251421076633789169678543587964617295180024e-77,7.7521082439339468941218133441054315008916273762188145808266729315552048431989584e-77,30,0.000000000024814302337378783112770386343794421777982554829932144846075391766899539768229008,0.000000000024814302337378783112770386343794421777982554829932144846075391766899539736487159,0.000000000024814302337378783112770386343794421777982554829932144846075391766899539736650578,0.00000000002481430233737878311277038634379442177798255482993214484607539176689953972790171,-0.00000000033820554136723654160624599994832856535633429644182403251255422034924100945391858,-0.00000000033820554136723654160624599994832856535633429644182403251255422034918652354528576,-0.00000000033820554136723654160624599994832856535633429644182403251255422034918753000605463,-0.00000000033820554136723654160624599994832856535633429644182403251255422034913309828071559,0.000074995760513014851782390944573872768002644221288392854295845933024232016451804568,0.000074995760513014851782390944573872768002644221288392854295845933024232016316160216,0.000074995760513014851782390944573872768002644221288392854295845933024232016316089375,0.000074995760513014851782390944573872768002644221288392854295845933024232016316054794,-0.0000035752175807166445883723776556513378916220298195130913747661718024408111296607819,-0.0000035752175807166445883723776556513378916220298195130913747661718024408111109968747,-0.000003575217580716644588372377655651337891622029819513091374766171802440811110994512,-0.0000035752175807166445883723776556513378916220298195130913747661718024408111109943384,0.0000042399023282377008431317194304813088798730980255721672171438675752397082521069829,0.0000042399023282377008431317194304813088798730980255721672171438675752397082521069859,0.000004239902328237700843131719430481308879873098025572167217143867575239708253189922,0.0000042399023282377008431317194304813088798730980255721672171438675752397081987024741
40,0.000000000029105733427496949527923231894599926445095419011208113162291615493451448117079785,-0.00000000025732239952878754501583863276079922344891046107510562029814219769938925716964657,0.000086326905412705433092647798983280232913156175724462812308860597689783799231171142,-0.0000026267885369032170669359212504220124096369972847165122900856028353355645334189337,0.0000058284821470862363355437645822959952677383688405423716293941673460022495709991905,40,14124842512.7363122014723301047746671306220362518864287385133873710799417477286,0.000000001250819991123275828718574722977807957565840576465796628979773554619984765732729,14124842512.736312200221510113651391301903461528908620780947546794614145118748826,11292466232532594746.785073692988271774634776782913685629744257368884925062685001,28249685025.4726244029446602095493342612440725037728574770267747421598834954572,1.2196290678513726192507666237387026443195037031400571350818631971857334440905714e-76,9.1303867946730915541438130143239380621974433540417170189713490007856616075230894e-77,3.7540669755909685660578418246810827263573460066702625060716541826358063107952828e-77,6.1752054896334730633491171742171994575806175264632537576148837892101637499855208e-77,3.5033739992367077086225604324016106766532527157834870259537809524313019814828114e-83,2.6179365757346028358589579960042577529501365101847277489231425287929538396973233,6.3809386154593691946635512178715894954753987379282739734153665644227417148392349e-77,6.5096871873584843929016695251331388398722546683048859047251062056748714348979564e-77,9.8319922757909260299944926678288940893815485312189485343411422360958106820651213e-77,40,0.000000000029105733427496949527923231894599926445095419011208113162291615493451448091706179,0.000000000029105733427496949527923231894599926445095419011208113162291615493451448117079785,0.000000000029105733427496949527923231894599926445095419011208113162291615493451448116830509,0.000000000029105733427496949527923231894599926445095419011208113162291615493451448126739919,-0.00000000025732239952878754501583863276079922344891046107510562029814219769932750628136977,-0.00000000025732239952878754501583863276079922344891046107510562029814219769938925716964657,-0.00000000025732239952878754501583863276079922344891046107510562029814219769938771321216568,-0.00000000025732239952878754501583863276079922344891046107510562029814219769944946918815491,0.000086326905412705433092647798983280232913156175724462812308860597689783799139867274,0.000086326905412705433092647798983280232913156175724462812308860597689783799231171142,0.00008632690541270543309264779898328023291315617572446281230886059768978379923103269,0.000086326905412705433092647798983280232913156175724462812308860597689783799231086804,-0.0000026267885369032170669359212504220124096369972847165122900856028353355645709491584,-0.0000026267885369032170669359212504220124096369972847165122900856028353355645334189337,-0.0000026267885369032170669359212504220124096369972847165122900856028353355645334086182,-0.0000026267885369032170669359212504220124096369972847165122900856028353355645334084886,0.0000058284821470862363355437645822959952677383688405423716293941673460022495709991976,0.0000058284821470862363355437645822959952677383688405423716293941673460022495709991905,0.0000058284821470862363355437645822959952677383688405423716293941673460022495695824887,0.0000058284821470862363355437645822959952677383688405423716293941673460022496313345436
50,0.00000000003238614161841093305547884264020084110699249509902582632597221734183281431037378,-0.00000000019566698918004502404386838785130937684387215602208860008862003894108439034442098,0.000094068858554138802888089105175430910143357618159424858823235574173149695183512274,-0.0000019487861476150937787909350506059017196232959297910287913482343842810391693294794,0.0000079859744830351651481931088627806915513243138934178407587015810268310243219545436,50,14281955098.645015499850509749644014661226422013530667601145642951000150055351305,0.0000000011317887311957467986763863649162495762395092005789709299717937886162682522854532,14281955098.645015498718721018448267862550035648614418024906133750421179125379511,12618923218608104057.06791911734502375933335757331510996083252212894266276596759,28563910197.29003099970101949928802932245284402706133520229128590200030011070261,2.9673183933995102322529750742363962428412356865280143609523631391444653016859316e-77,1.9692825757954617383083136327772395506402207862264372103545261330902013535531511e-78,3.5429540849930139644631807294770131491278360382668486809042220185055695202009662e-78,1.6062840276012485810766762677107491217781251206496598135965772551286840671215106e-77,2.5815692806087686862229114220398099544358093088748724150805576364233131164715196e-84,2.9768807071517336335198369809960623148294555833080887421035902890492187686730078,1.4037732485864831775911479205683043904442101987016220748417560810237212937629815e-77,2.1753292873898955245724229574523180062248840901391439059954022668474109559594113e-77,4.3787226740603179751848851012164637906285898709741455679696709237848438570188843e-77,50,0.000000000032386141618410933055478842640200841106992495099025826325972217341832814312600171,0.00000000003238614161841093305547884264020084110699249509902582632597221734183281431037378,0.000000000032386141618410933055478842640200841106992495099025826325972217341832814310787532,0.000000000032386141618410933055478842640200841106992495099025826325972217341832814312955349,-0.00000000019566698918004502404386838785130937684387215602208860008862003894107090602793014,-0.00000000019566698918004502404386838785130937684387215602208860008862003894108439034442098,-0.00000000019566698918004502404386838785130937684387215602208860008862003894108702027176195,-0.00000000019566698918004502404386838785130937684387215602208860008862003894110057921186413,0.000094068858554138802888089105175430910143357618159424858823235574173149695185481556,0.000094068858554138802888089105175430910143357618159424858823235574173149695183512274,0.000094068858554138802888089105175430910143357618159424858823235574173149695183530923,0.000094068858554138802888089105175430910143357618159424858823235574173149695183592395,-0.0000019487861476150937787909350506059017196232959297910287913482343842810391728547904,-0.0000019487861476150937787909350506059017196232959297910287913482343842810391693294794,-0.0000019487861476150937787909350506059017196232959297910287913482343842810391693118363,-0.0000019487861476150937787909350506059017196232959297910287913482343842810391693118693,0.0000079859744830351651481931088627806915513243138934178407587015810268310243219545453,0.0000079859744830351651481931088627806915513243138934178407587015810268310243219545436,0.0000079859744830351651481931088627806915513243138934178407587015810268310243245333997,0.0000079859744830351651481931088627806915513243138934178407587015810268310243380173839
60,0.000000000035307576555184501318921125709198917286759307751939768276866549598148732035944817,-0.00000000014863826414350852755393019117696484192267551388006835896107850294222701357757235,0.00010002794762285403338104477424714435227071998273313331927466077829691315828767171,-0.0000014884404823883278065463048393805977679022877363107819849032007261361961351665455,0.000010914775636549927318124587631129302374270024043964015224917978324619719779431503,60,14474780011.43851606260093885557191144346586998872316677991365243718241137509951,0.0000000010240847932973542483212636586330593377373837650657741565378676381379733413665613,14474780011.438516061576854062274557195144606330090107442176268672116637218561643,14134356946003010297.036782478676802445753331504159980356702540936679412172123669,28949560022.877032125201877711143822886931739977446333559827304874364822750199021,1.3723709863153987810959484134351640450793447590884768325981070780599560455945976e-76,4.0886860503025261273313509600445641719502314225378019682221596116579426818097116e-77,2.3032594066370047140556764587214737528044723628198715295409896657256273646910731e-77,7.1088729767029803798826499508776483153008386538100524803064689252828283425780939e-77,2.0001554942252899203623363271172990134823452464192466064310409962562117435548781e-83,3.3607405930250850142999420493234932596421761557490342268847611365496995666623797,-6.8685902848161343015231963485085391684270785368029953431095467342152615632013912e-77,6.6241557110002841268873282390657491804898105144558459747997593143589548371760676e-77,7.1897298540014633544683063160271309430330646687875439425153947595784694497438705e-77,60,0.000000000035307576555184501318921125709198917286759307751939768276866549598148732055946372,0.000000000035307576555184501318921125709198917286759307751939768276866549598148732035944817,0.00000000003530757655518450131892112570919891728675930775193976827686654959814873203672328,0.000000000035307576555184501318921125709198917286759307751939768276866549598148732047326931,-0.00000000014863826414350852755393019117696484192267551388006835896107850294216080828257811,-0.00000000014863826414350852755393019117696484192267551388006835896107850294222701357757235,-0.00000000014863826414350852755393019117696484192267551388006835896107850294223185765383995,-0.00000000014863826414350852755393019117696484192267551388006835896107850294229804538120965,0.00010002794762285403338104477424714435227071998273313331927466077829691315832851218,0.00010002794762285403338104477424714435227071998273313331927466077829691315828767171,0.00010002794762285403338104477424714435227071998273313331927466077829691315828764169,0.00010002794762285403338104477424714435227071998273313331927466077829691315828762532,-0.0000014884404823883278065463048393805977679022877363107819849032007261361961581991396,-0.0000014884404823883278065463048393805977679022877363107819849032007261361961351665455,-0.0000014884404823883278065463048393805977679022877363107819849032007261361961351699442,-0.0000014884404823883278065463048393805977679022877363107819849032007261361961351700335,0.000010914775636549927318124587631129302374270024043964015224917978324619719779431503,0.000010914775636549927318124587631129302374270024043964015224917978324619719779431503,0.000010914775636549927318124587631129302374270024043964015224917978324619719784314919,0.000010914775636549927318124587631129302374270024043964015224917978324619719850520233
70,0.000000000038273245691261754142627345668148768013059433867605962857809494989263621359858721,-0.00000000011273072661307106826290961405985453829001227677072798778826333058847824934828715,0.00010516382498094286791448920488752557204883720297545948572942845182070474061413854,-0.0000011861067363017423017992729923227928475157199295657224095259811431694999709138991,0.000014883859319555567190570969013720191377453817793651303467411871570467280566705884,70,14703799413.836809505895162503770906325720176369084302315543712329421216674813422,0.0000000009266302402170672940320158880323988456656745251128840729133690487181131993778448,14703799413.836809504968532263553839031688160481051903469878037804308332601900053,15868033197785967440.520359648666702874640795886674766869390337794908014034767139,29407598827.673619011790325007541812651440352738168604631087424658842433349626844,1.0775110178814350781587323235766504289605674768068837048439715038697246473630634e-77,7.1518270846875869553980726363815808948304378017987955219727544362333650869938849e-77,3.364025385336041956458429981532775793054709436552787975386130859849552548042599e-77,6.8147514048738432657368817182078460853882503484160345302144890841971937403976109e-78,1.7982580352319254805809519623090242021403937977039781349231146453313059373225585e-83,3.7596285161693716495441427769383853011065997505464604774333359804599097068335581,-4.0089233612224975818269713353488755816453709639898958745674013778411424555846496e-78,1.376996780365767254132016381897888441617266721197528056582205513830237601763815e-77,2.9024476403335558749785848175217469589102627444164085445979730549526512095848096e-77,70,0.000000000038273245691261754142627345668148768013059433867605962857809494989263621376738805,0.000000000038273245691261754142627345668148768013059433867605962857809494989263621359858721,0.000000000038273245691261754142627345668148768013059433867605962857809494989263621359365945,0.000000000038273245691261754142627345668148768013059433867605962857809494989263621358756225,-0.00000000011273072661307106826290961405985453829001227677072798778826333058848207240288184,-0.00000000011273072661307106826290961405985453829001227677072798778826333058847824934828715,-0.00000000011273072661307106826290961405985453829001227677072798778826333058847514988631571,-0.00000000011273072661307106826290961405985453829001227677072798778826333058847129729270302,0.00010516382498094286791448920488752557204883720297545948572942845182070474068554296,0.00010516382498094286791448920488752557204883720297545948572942845182070474061413854,0.00010516382498094286791448920488752557204883720297545948572942845182070474061403466,0.00010516382498094286791448920488752557204883720297545948572942845182070474061402469,-0.0000011861067363017423017992729923227928475157199295657224095259811431695000045308599,-0.0000011861067363017423017992729923227928475157199295657224095259811431694999709138991,-0.0000011861067363017423017992729923227928475157199295657224095259811431694999708906061,-0.0000011861067363017423017992729923227928475157199295657224095259811431694999708907394,0.000014883859319555567190570969013720191377453817793651303467411871570467280566705885,0.000014883859319555567190570969013720191377453817793651303467411871570467280566705884,0.00001488385931955556719057096901372019137745381779365130346741187157046728056371039,0.000014883859319555567190570969013720191377453817793651303467411871570467280559891134
80,0.000000000041567111966082463283528110147363107799809448094672584736739099478839328828811451,-0.000000000085272485780338481618494187574789958283897402551143578983062035834971473901570787,0.00010997942763989453776253246998766080870611350077045323430957055272579445080403389,-0.00000099208654014489188155379629713332813478807966868077286913933664481220142620570178,0.000020251714340336108535681699250611433374528213520273636464021869907906914639213864,80,14969585973.636770325561962154453162625295818627829012855847852637967438378438489,0.00000000083844971403205217640079092825339879220970988877883057485995986823367135699272157,14969585973.636770324723512440421110448895027699575614063638142749188607803578529,17853886432436083350.121857142141701337523168487106967486031085662298082096586069,29939171947.273540651123924308906325250591637255658025711695705275934876756876978,9.4613993824782201833494624937737499624536105751547285683392750869687761245333687e-77,3.6644680050669298727835643402214586070799825765112932244070304275275909555410884e-77,6.9831519175958985838084954515612605907070784196808994011715102278316347783383688e-78,5.1925084881257777834607691768316555052156944084368412105294067509712959907868675e-77,1.9689433797910576689832223471120571732187959666864648561070704647381537846032523e-83,4.1611198147152340612675960954217550263596240587769695303163851440038233685748012,4.4487784557653023530379143810403822289915302499241128089476351523536876742412765e-77,4.5209466278970565079571152172493281320454967547384062206835663683740605256949667e-77,7.3865296234378573381366892613033585284432332923243347906269368330276704251074795e-77,80,0.000000000041567111966082463283528110147363107799809448094672584736739099478839328848500885,0.000000000041567111966082463283528110147363107799809448094672584736739099478839328828811451,0.000000000041567111966082463283528110147363107799809448094672584736739099478839328830301902,0.000000000041567111966082463283528110147363107799809448094672584736739099478839328837150126,-0.000000000085272485780338481618494187574789958283897402551143578983062035834928841083025929,-0.000000000085272485780338481618494187574789958283897402551143578983062035834971473901570787,-0.000000000085272485780338481618494187574789958283897402551143578983062035834980837651594207,-0.000000000085272485780338481618494187574789958283897402551143578983062035835023455076850711,0.00010997942763989453776253246998766080870611350077045323430957055272579445084067857,0.00010997942763989453776253246998766080870611350077045323430957055272579445080403389,0.00010997942763989453776253246998766080870611350077045323430957055272579445080405931,0.0001099794276398945377625324699876608087061135007704532343095705527257944508041098,-0.00000099208654014489188155379629713332813478807966868077286913933664481220141922254986,-0.00000099208654014489188155379629713332813478807966868077286913933664481220142620570178,-0.00000099208654014489188155379629713332813478807966868077286913933664481220142617495426,-0.00000099208654014489188155379629713332813478807966868077286913933664481220142617484978,0.000020251714340336108535681699250611433374528213520273636464021869907906914639213863,0.000020251714340336108535681699250611433374528213520273636464021869907906914639213864,0.000020251714340336108535681699250611433374528213520273636464021869907906914648506794,0.000020251714340336108535681699250611433374528213520273636464021869907906914691138948
90,0.00000000004543798536029595612453842125109309116356188311397065825891591051031917087770943,-0.00000000006423026081990535279277768764387816831349086446672509119159718956572662108457494,0.00011475437328732185677131742886976170711565998787549756961854972432306439355116365,-0.00000086893148866656757402016268665192625786307114307804514037396959941748673674515376,0.000027496558280930720928854183878394932100276082074741579246100220204297166034911509,90,15896866566.521519591905948519802076867894139631110808135769506808164558377169903,0.00000000075866067439775077121770245005925831930432914650822787166997688658373946596171646,15896866566.521519591147287845404326096676437181051549816465177661656330505499926,20953856055793274432.634488704329359497337420871480972003433680832482403465953009,31793733133.043039183811897039604153735788279262221616271539013616329116754339806,8.1583745895491181120061762203115127998271166126042916429863312264049849414146601e-77,1.4050641418737641353411779495532681333475836530420746862743642559864134711004496e-77,1.6285587382702512276973677194401925363110348343482870463360128321187061300690085e-76,4.5924681945045251804172683777588043875509003509861924696515761285115845939269204e-77,2.3237089599750651062389583263773492297665769405086503903152259125786422497238579e-83,4.5540990663078944627980404100768362138958036396529486909644350500098825393466944,-3.7338951766264063349235647469231929805257891405709786463883013093474336230778255e-77,4.3019592202149994176464697118895289455907904294535684992487364577258225627072621e-77,7.4283781785407960224956305997459404359026890076830767755681905840658277299413401e-77,90,0.000000000045437985360295956124538421251093091163561883113970658258915910510319170893601342,0.00000000004543798536029595612453842125109309116356188311397065825891591051031917087770943,0.000000000045437985360295956124538421251093091163561883113970658258915910510319170876050911,0.000000000045437985360295956124538421251093091163561883113970658258915910510319170870364252,-0.000000000064230260819905352792777687643878168313490864466725091191597189565762175207562732,-0.00000000006423026081990535279277768764387816831349086446672509119159718956572662108457494,-0.000000000064230260819905352792777687643878168313490864466725091191597189565716231140967916,-0.000000000064230260819905352792777687643878168313490864466725091191597189565680591461667241,0.000114754373287321856771317428869761707115659987875497569618549724323064393537113,0.00011475437328732185677131742886976170711565998787549756961854972432306439355116365,0.00011475437328732185677131742886976170711565998787549756961854972432306439355116109,0.00011475437328732185677131742886976170711565998787549756961854972432306439355114678,-0.00000086893148866656757402016268665192625786307114307804514037396959941748657388927994,-0.00000086893148866656757402016268665192625786307114307804514037396959941748673674515376,-0.00000086893148866656757402016268665192625786307114307804514037396959941748673674168946,-0.00000086893148866656757402016268665192625786307114307804514037396959941748673674172307,0.000027496558280930720928854183878394932100276082074741579246100220204297166034911501,0.000027496558280930720928854183878394932100276082074741579246100220204297166034911509,0.000027496558280930720928854183878394932100276082074741579246100220204297166024540965,0.000027496558280930720928854183878394932100276082074741579246100220204297165988986827
100,0.000000000050146718199437240947847681085000579219818454314601642972586876425022980426472655,-0.000000000048064191835046905399251988131851825791413101943069218854537574573214579533385625,0.00011965179324561518810733714531299341691639756791784887393067804741230809304354348,-0.00000079006809260590451754745464534585620704879417687271728058119017828852148685640786,0.000037256118139391807399684700436177942253124669502973761691873452337293013237157857,100,16983310799.400148642459322249164594968650655299958334055604784082241866362550657,0.00000000068646456578748064210655438343756246739566171448276666151879343600089381054279971,16983310799.400148641772857683377114326544100916520771588209122367759099701031863,24740258486492560622.752653361825425779221775099316400443362740622580501692543244,33966621598.800297284918644498329189937301310599916668111209568164483732725101314,1.4099362368041841820977775312519938903661749174799249049475606329278638346863379e-76,4.1214921812160563484908436323941643991420730738240494985201285301318942659148251e-77,1.221208209743823810308538818099119001853121926533567914601008068828527434665937e-77,7.7221241213744066565088072117323300423150467229397250516541344606128674400198569e-77,1.7252028208278161801311363914259808926691374007810112012804549648734831398928393e-83,4.9351648575625933715597027068363733393129142313354210425990922583050127291633216,6.7152431069841078814622410143615758737397330313754430501473151968906634501873572e-77,7.1162572974005006052908194389952507172390142701900798128432310458550825417831679e-77,1.2137322451925606532783750472796763857925981873987151567898399838870832443693982e-76,100,0.000000000050146718199437240947847681085000579219818454314601642972586876425022980421552926,0.000000000050146718199437240947847681085000579219818454314601642972586876425022980426472655,0.000000000050146718199437240947847681085000579219818454314601642972586876425022980428639966,0.000000000050146718199437240947847681085000579219818454314601642972586876425022980438804954,-0.000000000048064191835046905399251988131851825791413101943069218854537574573150747041686318,-0.000000000048064191835046905399251988131851825791413101943069218854537574573214579533385625,-0.000000000048064191835046905399251988131851825791413101943069218854537574573227908130078707,-0.000000000048064191835046905399251988131851825791413101943069218854537574573291740665366736,0.0001196517932456151881073371453129934169163975679178488739306780474123080930023783,0.00011965179324561518810733714531299341691639756791784887393067804741230809304354348,0.00011965179324561518810733714531299341691639756791784887393067804741230809304359322,0.0001196517932456151881073371453129934169163975679178488739306780474123080930434001,-0.00000079006809260590451754745464534585620704879417687271728058119017828852149906848996,-0.00000079006809260590451754745464534585620704879417687271728058119017828852148685640786,-0.00000079006809260590451754745464534585620704879417687271728058119017828852148687034815,-0.00000079006809260590451754745464534585620704879417687271728058119017828852148687036316,0.000037256118139391807399684700436177942253124669502973761691873452337293013237157869,0.000037256118139391807399684700436177942253124669502973761691873452337293013237157857,0.000037256118139391807399684700436177942253124669502973761691873452337293013250543772,0.000037256118139391807399684700436177942253124669502973761691873452337293013314379098
