voltage,current,solute_2,solute_1,voltage,largest element,smallest element,element difference,element ratio difference,condition number,transport error solute_2,transport error solute_1,current errors,smallest eigenvalue,second smallest eigenvalue,sum absolute errors,sum squared errors,voltage,"current, barrier 0","current, barrier 1",solute_2 transport over barrier 0,solute_2 transport over barrier 1,solute_1 transport over barrier 0,solute_1 transport over barrier 1
-150,0.00000003956309593094047506131166041822290966276361659042508505772906818973666134344301,0.00036926935320027107693473947415232130275359490338926311768451882828630261935359404,0.12329568970211546078113393950049178806002242773646059092653192305610392909611057,-150,1344677.155870606874955295305734606566480579701530226398587130207201788753292838,0.27669873545714197309876977131060242176596806735748633274246574076667629851351143,1344676.8791718714178133222069648352558781579355621590411007974647360479866165395,4859715.5807345013907616583583111066596514975112277578380851527240906179923774199,2689354.311741213749910590611469213132961159403060452797174260414403577506585676,2.4399422974078457071978633302255805711203719215052112200863572626470998017185869e-82,0.0,0.0,8796.8501089190167554373057829811342704116511959346827248887206272575022736097,-5.2824396844295583633845619046421893186139460274491613034550265670778472335664436e-82,5.8566478502073501629885860523979210169496462759909191381200043771565575583451416e-82,8.9874071225460401972862963866803714744039859258467545838061257261938106856786774e-82,-150,0.00000003956309593094047506131166041822290966276361659042508505772906818973666134344301,0.00000003956309593094047506131166041822290966276361659042508505772906818973666134344301,0.0003692693532002710769347394741523213027535949033892631176845188282863026193535938,0.00036926935320027107693473947415232130275359490338926311768451882828630261935359404,0.12329568970211546078113393950049178806002242773646059092653192305610392909611057,0.12329568970211546078113393950049178806002242773646059092653192305610392909611057
-140,0.000000046273773141755454441235722200688699089661961034396389873194864899713915923549834,0.0004474266156281778771077180571160228221662544288086449627486952467442604758511861,0.14420129649791455269651734331747705308857680401462562512098723515339375242757002,-140,1488922.5408361994186990494347917149529339077001262346065049837302844363560533956,0.24867141767726916980929159554338097846387835512536004165427226547086831268765238,1488922.2921647817414298796255001194095529292362478794811449420760121708851850829,5987509.7618518965252230265192852375024783196360684899409370480404493002398274632,2977845.0816723988373980988695834299058678154002524692130099674605688727121067913,3.1142723416281574954740660649503718260080696466469468104477766748976695781429221e-82,2.6355494858076308060871435128175047519274903455921268875194407562770360727424399e-82,1.2567279271162179975925176204764865646016551711998590886685565739998989452087593e-88,7536.4189657895045804932044449456865066940322193612237949245757317766281213772315,-3.0161470250789231942220422891435677550439724108796618128045357775997574685010222e-87,5.6308060635468918422017201078220160146509485588917736313520295032991447279155221e-82,8.2691529878880650748423394429347308073820319826421979828852790451009672828979566e-82,-140,0.000000046273773141755454441235722200688699089661961034396389873194864899713915923549834,0.000000046273773141755454441235722200688699089661961034396389873194864899713915923549834,0.00044742661562817787710771805711602282216625442880864496274869524674426047585118641,0.0004474266156281778771077180571160228221662544288086449627486952467442604758511861,0.14420129649791455269651734331747705308857680401462562512098723515339375242757002,0.14420129649791455269651734331747705308857680401462562512098723515339375242757002
-130,0.000000050644063838000438873654960018790082735336896843986014998154160746718506520648828,0.00051291790532507605489289677185609347034470942687987793447674194740497897787903365,0.15780865914346867743187689486249194181129296255526811564917357274940330994090851,-130,1664568.535562877498057617727106406354721272326959978670142873399983320930573628,0.22937075005477747462731749011193289131799981042387852361839614230881069520002266,1664568.3061921274432801430997889162427883810089601682462643497815871786217629328,7257109.0043754549946005057262444682838795985467841556428989439161686085064778081,3329137.0711257549961152354542128127094425446539199573402857467999666418611472561,8.0404849547490611701330432949627781689662889058884808560651688697358014562962717e-82,0.0,1.2567279271162179975925176204764865646016551711998590886685565739998989452087593e-88,6531.8521721666479357194012430358196872706899155383317561875600164847684851952367,-2.0107646833859487961480281927623785033626482739197745418696905183998383123340148e-87,6.4106649241590809859072780515626618090317539887873671911038630305062511385029691e-82,1.0404156978427886249930272716661869008594546231261136321229826064926045835473647e-81,-130,0.000000050644063838000438873654960018790082735336896843986014998154160746718506520648828,0.000000050644063838000438873654960018790082735336896843986014998154160746718506520648828,0.00051291790532507605489289677185609347034470942687987793447674194740497897787903284,0.00051291790532507605489289677185609347034470942687987793447674194740497897787903365,0.15780865914346867743187689486249194181129296255526811564917357274940330994090851,0.15780865914346867743187689486249194181129296255526811564917357274940330994090851
-120,0.000000053596859946275516922482307073651324327074226970085954497838225205521683284674941,0.00057283871768759235862532394197830429789738086372022336668487181526651010192288924,0.16699466661579889929892267633160191146647381865639285184463370638013525507106418,-120,1874753.6059634781171077107875648467627969982185833464133641500676511738977878909,0.21629498195012908015338163913187883560277046416134537095835218580504846403892648,1874753.3896684961669786306341832076309181626158128822520187791092989880927394269,8667577.9024579414419587010233977712743825039612972598980128343426680557217911329,3749507.2119269562342154215751296935255939964371666928267283001353023477955757819,2.3678764911552933023439179997969769255598546073679265005057475544676495966045358e-82,2.6355494858076308060871435128175047519274903455921268875194407562770360727424399e-82,6.2836396355810899879625881023824328230082758559992954433427828699994947260437963e-89,5703.6328900278839206287728826901413750907984223736844723743706218492718738468824,-2.7494593051214448053889293099374934941429843703096821153163587241443869131361618e-82,3.7627141096159846822133859801466046667483126531850991431360592535924670101186483e-82,5.5405821581084529071058636175691118565053296908702223643718924018564375596088532e-82,-120,0.000000053596859946275516922482307073651324327074226970085954497838225205521683284674941,0.000000053596859946275516922482307073651324327074226970085954497838225205521683284674941,0.00057283871768759235862532394197830429789738086372022336668487181526651010192288947,0.00057283871768759235862532394197830429789738086372022336668487181526651010192288924,0.16699466661579889929892267633160191146647381865639285184463370638013525507106418,0.16699466661579889929892267633160191146647381865639285184463370638013525507106418
-110,0.000000055699322770376331552901950415462977242068658089447232091481984974235503482534171,0.00063210397266072257264308455435004925219001177263289820975171155304282504004703311,0.17352702782133610053609764715136615863646635163602117924924633393908912892770544,-110,2123732.6670123707713551801869175118408719175867735283583321704028891142455970622,0.20766212664002770431103892868280304198560386776966782346500359774575875249747249,2123732.4593502441313274758758785831580688756011696605886643469378855164998383097,10226865.636860972113410806101883773378464557869588458931964857289599754410514247,4247465.3340247415427103603738350236817438351735470567166643408057782284911941243,2.0899083813240197407644145824295057212550021099812568678376815372040559483074816e-82,2.6355494858076308060871435128175047519274903455921268875194407562770360727424399e-82,1.2567279271162179975925176204764865646016551711998590886685565739998989452087593e-88,5002.0932550735737166123182649266852676503407613135561451425630845031510879886783,-2.2437017181327940344377965187529362410846942632120108236725848165038675816263488e-82,3.7683449011074366314215122487569702676095721917968932876220724131486360125108354e-82,5.0456325890826415045699938200178300133118041368293898612138748047172461618691497e-82,-110,0.000000055699322770376331552901950415462977242068658089447232091481984974235503482534171,0.000000055699322770376331552901950415462977242068658089447232091481984974235503482534171,0.00063210397266072257264308455435004925219001177263289820975171155304282504004703332,0.00063210397266072257264308455435004925219001177263289820975171155304282504004703311,0.17352702782133610053609764715136615863646635163602117924924633393908912892770544,0.17352702782133610053609764715136615863646635163602117924924633393908912892770544
-100,0.000000057292500438511439971247597550402931076471392412791096527506645093513120925124307,0.00069398646660056953470601349095157532405675916957421161248888672671915115230821829,0.17846855120649822605276789167129990392018658229326187156621705445930249902459474,-100,2416961.9947959072118036056588085411396739830142798507452939568481133381381561575,0.20220291542560839304262388533555171503795644345699553448012146252361440790446169,2416961.7925929917861952126161846558041222679763234072882984223679918756145417496,11953151.069600286391891565334884681769261319436702714259279733047508308388920525,4833923.989591814423607211317617082279347966028559701490587913696226676276312315,5.4975915055518548845724009212677638184737493927585771794350834525466299329861832e-82,2.6355494858076308060871435128175047519274903455921268875194407562770360727424399e-82,1.2567279271162179975925176204764865646016551711998590886685565739998989452087593e-88,4396.2256819558530813716584406139191116349950298949249252228732814078181416440009,3.6891399107847833265488065851201720282269339749192407530956118456555913524476553e-82,4.5430772359248950508899671003351770302773106097562235532698075643098105854649966e-82,6.9308416302755940377969310024293514213011305240910206357521450552835056558699238e-82,-100,0.000000057292500438511439971247597550402931076471392412791096527506645093513120925124307,0.000000057292500438511439971247597550402931076471392412791096527506645093513120925124307,0.00069398646660056953470601349095157532405675916957421161248888672671915115230821774,0.00069398646660056953470601349095157532405675916957421161248888672671915115230821829,0.17846855120649822605276789167129990392018658229326187156621705445930249902459474,0.17846855120649822605276789167129990392018658229326187156621705445930249902459474
-90,0.000000058580133705507001629454540124880480690533826478868931488943410264440702279581309,0.0007606711477071047976738682195375996981648796796230201506694560581420786873445842,0.18245403928727942072865894163043321261319358398059287167531661073366553237391096,-90,2761231.0418828640850211890165733114613288446661725722486430911571545724315417657,0.19901331058702470916090989557603362628507851152052872417365110335414415808289257,2761230.8428695534979964798556634158852952183810940607281143669835034690773976077,13874604.837928318539668349053314158786604495881576104593036307881512100067081767,5522462.0837657281700423780331466229226576893323451444972861823143091448630835315,5.2505087412573894965017312169411227479805471728593152837301358816456578011665795e-83,0.0,0.0,3866.3068779054728507908006713240806765507423910436519485088122767601343393256651,-5.026911708464871990370070481905946258406620684799436354674226295999595780835037e-88,3.9657915631663339547123559832021791454672713517572995764519849328105926688398945e-83,6.1995300862255334236027441696897008881834389252730345965620519115148648691020877e-83,-90,0.000000058580133705507001629454540124880480690533826478868931488943410264440702279581309,0.000000058580133705507001629454540124880480690533826478868931488943410264440702279581309,0.00076067114770710479767386821953759969816487967962302015066945605814207868734458426,0.0007606711477071047976738682195375996981648796796230201506694560581420786873445842,0.18245403928727942072865894163043321261319358398059287167531661073366553237391096,0.18245403928727942072865894163043321261319358398059287167531661073366553237391096
-80,0.00000005968437960955710296168737249462539914813876682092015894503463197890237505402412,0.00083368238617626255715785537515739045999777418910230035882190163644750175447967016,0.18586399404273304842831949335249180124301708645513019097127454075564011247351161,-80,3164843.2785127246541866081594623034244744009662209111533288419182866766057793033,0.19744944448493989344990063364475643754397331025114975298261824577073068494811091,3164843.0810632801692467147095616697797179634222476009021790889356684308350486184,16028625.89342011275191608203057651591970219481239320674350762465023428135146532,6329686.5570254493083732163189246068489488019324418223066576838365733532115586066,1.256004051830199056025904330327092108340444617821247969833483485413275003416319e-82,0.0,0.0,3399.3045293730851584412720762159668346441317156486022321117170426687837729757939,-2.5383491210127540412813478299793713750749399280308449861654599166175878887242136e-82,3.0389443321608546728306996799024999629718440484822636745505644594475859050831781e-82,4.0686364709311544171084886344903836653838830120099418206887281931137437528128382e-82,-80,0.00000005968437960955710296168737249462539914813876682092015894503463197890237505402412,0.00000005968437960955710296168737249462539914813876682092015894503463197890237505402412,0.00083368238617626255715785537515739045999777418910230035882190163644750175447967029,0.00083368238617626255715785537515739045999777418910230035882190163644750175447967016,0.18586399404273304842831949335249180124301708645513019097127454075564011247351161,0.18586399404273304842831949335249180124301708645513019097127454075564011247351161
-70,0.00000006067917394379374126844939856136857452653586852175156172140440148371829034550867,0.00091417196430070670728446520146944045534601644615895949390121086515516341017391539,0.1889286004841222569307785686293866357525144624210122612924003556491992403452095,-70,3637850.2733463594739149427200384539448758521123906529185655115864301649811948658,0.19705278050233590094523979565535609026290555006735471245571771485132561322580276,3637850.0762935789715790417747986582895197618494851028512107991307124501298692526,18461298.866590901560214821048389659025198369604208492308911384988475432502376558,7275700.5466927189478298854400769078897517042247813058371310231728603299623897316,1.8325305018506182948574669737559212728245831309195257264783611508488766443287277e-82,2.6355494858076308060871435128175047519274903455921268875194407562770360727424399e-82,2.5134558542324359951850352409529731292033103423997181773371131479997978904175185e-88,2986.1241327862953976488564986376761895766549541606719114449765747109305696824534,1.0053823416929743980740140963811892516813241369598872709348452591999191561670074e-87,1.7781882187149422096608939191720747119968221646345514036518672228820864081473706e-82,2.7688015964749635027859037849730431072250692806835026079883597737776648873487312e-82,-70,0.00000006067917394379374126844939856136857452653586852175156172140440148371829034550867,0.00000006067917394379374126844939856136857452653586852175156172140440148371829034550867,0.00091417196430070670728446520146944045534601644615895949390121086515516341017391521,0.00091417196430070670728446520146944045534601644615895949390121086515516341017391539,0.1889286004841222569307785686293866357525144624210122612924003556491992403452095,0.1889286004841222569307785686293866357525144624210122612924003556491992403452095
-60,0.000000061609806941075805346910208737965557893831640449684329726995999684457949458896176,0.0010030993726232581539129213229896183231112852838776738750114933177747051594639517,0.19178873414975518884009321023839246339654905399672107650019980077801881907211068,-60,4192345.3431521064962622081471267824549437365394522954199740159348832744515286118,0.19749680221129421736452690550969163641247796260140995460923781279120781614995595,4192345.1456553042849679907825998769452521001269743328185640613256454616603207957,21227408.728708821230698969638645710127914953904262989718813107352742387622230834,8384690.6863042129925244162942535649098874730789045908399480318697665489030572236,4.1180460715744231345111617387773511748867036649876982617491261816828688636600623e-84,0.0,0.0,2620.0016061216180375770280041118105284592454281867808310941600075396885028650708,5.026911708464871990370070481905946258406620684799436354674226295999595780835037e-88,2.6218532361651712279315617772462972829232363987122811573146924513084031225936038e-82,3.9813887366271405461234446307595013933003860571688954233211751973360538447939978e-82,-60,0.000000061609806941075805346910208737965557893831640449684329726995999684457949458896176,0.000000061609806941075805346910208737965557893831640449684329726995999684457949458896176,0.0010030993726232581539129213229896183231112852838776738750114933177747051594639517,0.0010030993726232581539129213229896183231112852838776738750114933177747051594639517,0.19178873414975518884009321023839246339654905399672107650019980077801881907211068,0.19178873414975518884009321023839246339654905399672107650019980077801881907211068
-50,0.000000062504373600117519111282991360651248778957427203626789933475466216715035852650335,0.0011013396071477428208415063827607517948738509385714084202779831629847692226339615,0.19453164480353450021943633702052907871585290015510071743679075694643234530220145,-50,4842825.3371798075488881486075975479877808697292407647971598349021851269430698904,0.19854903795508436538221511259033085988249793893002466776500764818811570881239432,4842825.1386307695938037832253824353974500098467428258671351671371774787549541816,24391079.337666437630144432816126312398040910681080819141273260744311107165708552,9685650.6743596150977762972151950959755617394584815295943196698043702538861397807,3.6238805429854923583698223301240690339002992251891744703392310398809246000208549e-82,0.0,0.0,2295.5818604519988844480827577265270028030334006199455793205108922627575980939339,1.4903586756788313882169570161935473229073612741465976926883959153327761587188484e-82,1.8441896901817563260520548820492222651658021874273072702995868741801554685936358e-82,2.9877279795000800635903418309516162159719593522934309269197457435555552108573719e-82,-50,0.000000062504373600117519111282991360651248778957427203626789933475466216715035852650335,0.000000062504373600117519111282991360651248778957427203626789933475466216715035852650335,0.0011013396071477428208415063827607517948738509385714084202779831629847692226339611,0.0011013396071477428208415063827607517948738509385714084202779831629847692226339615,0.19453164480353450021943633702052907871585290015510071743679075694643234530220145,0.19453164480353450021943633702052907871585290015510071743679075694643234530220145
-40,0.000000063380518214484810802916413711505024829056174646792761316782905772889534465859948,0.0012097451391429422918316337024650672260449663012262889977645328415635252514593574,0.19721197579024380352986231216341677629482712364325351667526485868602766776267064,-40,5606631.573247216794491725768205003951803236551347257687984723218351919949596314,0.20004400945973234820185776622616591852357333571745418442049745366516384271569429,5606631.3732032073347593775663472377256373180277739219705305387978544662844324713,28026990.602664349681661516371960597636269146765304537853801903428526468670805269,11213263.146494433588983451536410007903606473102694515375969446436703839899192628,7.6183852324126827988456492167380996735404017802272417842358834361133073977711153e-83,2.6355494858076308060871435128175047519274903455921268875194407562770360727424399e-82,0.0,2008.3971361104863724500985821718419145793611729526922673278027817735842326575198,1.2532945464193364900230948623373448033071634492721410736383140774397312212904489e-82,3.8258625178459747075462567323543418034550181306889350266606176815067595178598232e-82,5.400873523185725232921268156193100949723426522693769556112974268034183401082208e-82,-40,0.000000063380518214484810802916413711505024829056174646792761316782905772889534465859948,0.000000063380518214484810802916413711505024829056174646792761316782905772889534465859948,0.0012097451391429422918316337024650672260449663012262889977645328415635252514593573,0.0012097451391429422918316337024650672260449663012262889977645328415635252514593574,0.19721197579024380352986231216341677629482712364325351667526485868602766776267064,0.19721197579024380352986231216341677629482712364325351667526485868602766776267064
-30,0.000000064249455498392171926163505652285545670957700025754997845996233545227520144749847,0.0013291794338870542483022015453427618081318870598520313848816634461882319978114846,0.19986429760637786854776472317059443124575293655682578273360477908312745633534338,-30,6504483.7052041673194076924934400916390939597946031735515444824251548671765627519,0.20186396206863791238437689219937383478393279501287728563502578416803561359373093,6504483.5033402052507697801090631994397201250106703785386671967901290830085271383,32222114.529747061268298875838033544167428142302342163806710213264252602413357629,13008967.410408334638815384986880183278187919589206347103088964850309734353125504,1.5648575071982807911142414607353934464569473926953253394646679490394901681908237e-82,0.0,1.2567279271162179975925176204764865646016551711998590886685565739998989452087593e-88,1754.5738178239491125096554247779238320043365563601031617716257764099373673167272,-5.026911708464871990370070481905946258406620684799436354674226295999595780835037e-88,2.1110351391690335793739276869612813305020403970815013626348265281841226561399845e-82,3.334320374712793960379118581177189416413509034506841238205283839266246423460376e-82,-30,0.000000064249455498392171926163505652285545670957700025754997845996233545227520144749847,0.000000064249455498392171926163505652285545670957700025754997845996233545227520144749847,0.0013291794338870542483022015453427618081318870598520313848816634461882319978114844,0.0013291794338870542483022015453427618081318870598520313848816634461882319978114846,0.19986429760637786854776472317059443124575293655682578273360477908312745633534338,0.19986429760637786854776472317059443124575293655682578273360477908312745633534338
-20,0.000000065118401317304289703056313750806364083986849421798768375690763496670794202339798,0.0014605323909814189443602988085672233625763211293548528181755343501291338215633583,0.20251068672992843220725335545496031589717340434984141844729939768935672728564454,-20,7561123.4785637923784137037336758992383702547998342886595940492558564749628672186,0.20392513813855098086383814685834849123187706362341668226216374514546380625759906,7561123.2746386542398627228698377523800217635679572250361773669936927298174034124,37077937.2645397341940446189435527074719463117654171849970516728822783174323602,15122246.957127584756827407467351798476740509599668577319188098511712949925734437,2.573778794734014459069476086735844484304189790617311413593203863551793039787539e-82,2.6355494858076308060871435128175047519274903455921268875194407562770360727424399e-82,0.0,1530.6678557479328394233703042163995516656222649618335089176496749432041918502278,-1.7786420083358748671206998181898895289344641571784757687562534449557609775581761e-82,3.847093615883839430440518965724673352917586340790714278841338703398536767367659e-82,5.9873351517847298919119626295060303715250061886325712142899025836937777627614942e-82,-20,0.000000065118401317304289703056313750806364083986849421798768375690763496670794202339798,0.000000065118401317304289703056313750806364083986849421798768375690763496670794202339798,0.0014605323909814189443602988085672233625763211293548528181755343501291338215633585,0.0014605323909814189443602988085672233625763211293548528181755343501291338215633583,0.20251068672992843220725335545496031589717340434984141844729939768935672728564454,0.20251068672992843220725335545496031589717340434984141844729939768935672728564454
-10,0.000000065992061627574249138726164342700837066836394995507888686330439025441543666225502,0.0016047234381381579703798889504703444404333002629890677465810035536264645300735715,0.20516537120095043560255808674191459944505106834231912855950574624594672882596156,-10,8806089.0367083960687140063498087661928773857584614455687383679533617670542306513,0.2061679990511846401348509138587521307728043012131915524839626565617475798568019,8806088.8305403970175293662149578523341252549856571443555468154693991104924830714,42713171.186776361798518378898850047778267825490384280157142337685100446987442365,17612178.073416792137428012699617532385754771516922891137476735906723534108461303,1.5236770464825365597691298433476199347080803560454483568471766872226614795542231e-82,2.6355494858076308060871435128175047519274903455921268875194407562770360727424399e-82,1.2567279271162179975925176204764865646016551711998590886685565739998989452087593e-88,1333.571607061307381390461471600385714771195612830707277072869357936378842529134,-2.9998447504083716143572721505707467713279597399988572407063272617218307793837742e-82,2.9296247110666601503313917661138865989169771983107317309327241999885158314718636e-82,3.6249725974422825431081148498366442819738590419483970201643646676162135606173248e-82,-10,0.000000065992061627574249138726164342700837066836394995507888686330439025441543666225502,0.000000065992061627574249138726164342700837066836394995507888686330439025441543666225502,0.0016047234381381579703798889504703444404333002629890677465810035536264645300735717,0.0016047234381381579703798889504703444404333002629890677465810035536264645300735715,0.20516537120095043560255808674191459944505106834231912855950574624594672882596156,0.20516537120095043560255808674191459944505106834231912855950574624594672882596156
0,0.000000066873554907744088246933580980557596842184013736696001964416852070547747936748125,0.0017626950846775975408327127231461016703247648755817799032128049367966440451749262,0.20783761284387871566988290018908602358928911071277768789553297216758546692603134,0,10274644.80352085774325050768134914894764679651635907524277791228841984516562168,0.20855025998182089526584324455295595992700741200394421157303612892620903518096833,10274644.594970597761429612415505904394690836589351663238833700715383716239412645,49266995.900251994994676392085613682489736628651890321258377311422522990724924659,20549289.607041715486501015362698297895293593032718150485555824576839690331243359,1.4207258946931759814063507998781861553359127644207559003034485326805897579627215e-82,0.0,0.0,1160.4597904192781263348768068343509504531640307825155779237144955470214252957046,-5.026911708464871990370070481905946258406620684799436354674226295999595780835037e-88,4.4571661420308838644746048629089621343159259523740506352599062117879869319792703e-83,7.1263555002456154254608823476649086798478714908630295906036660033433825373065718e-83,0,0.000000066873554907744088246933580980557596842184013736696001964416852070547747936748125,0.000000066873554907744088246933580980557596842184013736696001964416852070547747936748125,0.001762695084677597540832712723146101670324764875581779903212804936796644045174926,0.0017626950846775975408327127231461016703247648755817799032128049367966440451749262,0.20783761284387871566988290018908602358928911071277768789553297216758546692603134,0.20783761284387871566988290018908602358928911071277768789553297216758546692603134
10,0.000000067764988515909618279391879767740322007639742755786512321890691992964541560468152,0.0019353979099586256198976429516823382398187156529241838689342519401467369450842091,0.21053351364149266504330508962490928244162938203565402702019302717501905807667779,10,12008897.138985772608383843824984885233811410606929449791623733171026241101410872,0.21104192830740385537265276024646987892967924660102128248779956205693633724454436,12008896.927943844300979988452332124987341531677250203190602450683226679044474535,56902897.141337728137430229754423008124004340165478770165091117216847031342197814,24017794.277971545216767687649969770467622821213858899583247466342052482202821745,2.1207937268608279142732482954703358550666523874686646048007999835666774647849321e-82,0.0,0.0,1008.7564980033418004529577036575708818795019559305519312569071157895899002413875,3.204089429851226479544005706768205844293585340077429539655829744684868355858047e-82,2.9973847182685390736875094472593133620783330857937523039648097088594444380351302e-82,4.5411092589785125533451863114055707594199232252629984841965889319944727631061936e-82,10,0.000000067764988515909618279391879767740322007639742755786512321890691992964541560468152,0.000000067764988515909618279391879767740322007639742755786512321890691992964541560468152,0.0019353979099586256198976429516823382398187156529241838689342519401467369450842089,0.0019353979099586256198976429516823382398187156529241838689342519401467369450842091,0.21053351364149266504330508962490928244162938203565402702019302717501905807667779,0.21053351364149266504330508962490928244162938203565402702019302717501905807667779
20,0.000000068667820570113190388790087031397868711708023474410770071902799735358641393479844,0.0021237667943871506032622554835680156866548820415359012507648144839013122036817845,0.21325715708380890241125651786664880634964454254855335520329432770033286153835253,20,14059132.117089983528643904157790890705467033946220569536981446810252219155797546,0.21362176928738684374278598320655063287033093368260530848810040815626047946262601,14059131.903468214241257060415004907498916401075889635854376138322151810999537067,65813199.487998509417706741572150141774158121689516369817673927337208917010573199,28118264.234179967057287808315581781410934067892441139073962893620504438311595093,2.512008103660398112051808660654184216680889235642495939666966970826550006832638e-82,0.0,0.0,876.11328025737610686824822005294063050815006282267057064501854859853677246664488,-2.7048203291502767421144430840581686913683335786286631204868515946359105026023467e-82,2.9706468720078648898738450791472617097095128228751493509688670906888038294152471e-82,4.2444545899091892358607041390528269661986378636754172878937867476005799049960192e-82,20,0.000000068667820570113190388790087031397868711708023474410770071902799735358641393479844,0.000000068667820570113190388790087031397868711708023474410770071902799735358641393479844,0.0021237667943871506032622554835680156866548820415359012507648144839013122036817848,0.0021237667943871506032622554835680156866548820415359012507648144839013122036817845,0.21325715708380890241125651786664880634964454254855335520329432770033286153835253,0.21325715708380890241125651786664880634964454254855335520329432770033286153835253
30,0.000000069583087120334777725299766106311245358621786290828125193177138605719780638119075,0.0023286874401401862461622787008513002834703083055207291346166834166844837796345844,0.21601133393390862486061346712808213955548242837269323526330181304371322087361659,30,16485419.116562267323973305808688022573245303228248233930900756860914405146562169,0.21627478844827704161644047057360216921914098922312499830204311757931731767373755,16485418.900287478875696264192247551999643134009107244707775758558871287567244851,76224414.481417095650086993735631373853324978777709786166551255716693703537771677,32970838.233124534647946611617376045146490606456496467861801513721828810293124337,1.4824965857667923284240182259598464229592133193955713742296854254058327909176224e-82,0.0,0.0,760.39285171974784367964913697240250708381023912889238739989847990770217281526932,3.0449927011900217459207833460863645511612742020242121784667451566427771489903989e-82,2.6044027039571603435432194310010668765858333444449485684068734929794870217792116e-82,3.0447882815352066247546420428451293210438259340130847456876440481992574874866115e-82,30,0.000000069583087120334777725299766106311245358621786290828125193177138605719780638119075,0.000000069583087120334777725299766106311245358621786290828125193177138605719780638119075,0.0023286874401401862461622787008513002834703083055207291346166834166844837796345842,0.0023286874401401862461622787008513002834703083055207291346166834166844837796345844,0.21601133393390862486061346712808213955548242837269323526330181304371322087361659,0.21601133393390862486061346712808213955548242837269323526330181304371322087361659
40,0.00000007051154359962380660097083136993276408668184064415789149703617494803573124792051,0.002550951748302777452811668797499798831093336613507273374181761429947280734361434,0.21879800602230245073854515589710945415931762576840474410496756953789500305331403,40,19359532.689495483466750071847929187036426426704399713502053262534933857953585114,0.21899043820713314063538610886771772561331189371036271055458844878784111481168163,19359532.470505045259616931212543078168708701091087819791690551980345409165743999,88403552.447272506048969334609858594353011096333557841617055567294942732045630975,38719065.378990966933500143695858374072852853408799427004106525069867715907170227,1.1118724393250942463180136694698848172194099895466785306722640690543745931882168e-82,2.6355494858076308060871435128175047519274903455921268875194407562770360727424399e-82,0.0,659.65549861598200753838385863687608395615410193226692848675019489074648880972487,-1.2856376963515994764091358958179276615337516467581406471442880494281926205443416e-82,1.7549853233636158140869383371335346387895279188857413497461871732257492561759779e-82,2.8623477179839738291662670592463075733604310406777999031440122052337444481715133e-82,40,0.00000007051154359962380660097083136993276408668184064415789149703617494803573124792051,0.00000007051154359962380660097083136993276408668184064415789149703617494803573124792051,0.0025509517483027774528116687974997988310933366135072733741817614299472807343614341,0.002550951748302777452811668797499798831093336613507273374181761429947280734361434,0.21879800602230245073854515589710945415931762576840474410496756953789500305331403,0.21879800602230245073854515589710945415931762576840474410496756953789500305331403
50,0.00000007145375095696083133938690131861912025293453948833655047380104393441292973795627,0.0027912003847096734661971348131547384112317940401059712420964816765251964246188673,0.22161860379316587160212242574834844568075228911635682932500940079916660025170792,50,22767255.672363894336432257577054805884167976364574355696161732168638889865023489,0.22176134039969313517007858223638198106351515785209112953097538307506968820195534,22767255.450602553936739122406976223647785995301059197844070602637663506789953801,102665575.66494308036229503590173403898186087161666679739676028703482317872054023,45534511.344727788672864515154109611768335952729148711392323464337277779730046978,8.6478967503062885824734396514324374672620776964741663496731649815340246136861309e-83,5.2710989716152616121742870256350095038549806911842537750388815125540721454848798e-82,1.2567279271162179975925176204764865646016551711998590886685565739998989452087593e-88,572.14667693183989171870880241235426396282529108974138121372626244867557608151308,1.0857199311618057497881133777877691318100495454340094630370714067494366961384226e-82,2.4685757088431176265465300257145859687311801899228014831948536381538940854717918e-82,4.2279453740172857226205580829114327008698597581633281930431826382594007116687807e-82,50,0.00000007145375095696083133938690131861912025293453948833655047380104393441292973795627,0.00000007145375095696083133938690131861912025293453948833655047380104393441292973795627,0.0027912003847096734661971348131547384112317940401059712420964816765251964246188673,0.0027912003847096734661971348131547384112317940401059712420964816765251964246188673,0.22161860379316587160212242574834844568075228911635682932500940079916660025170792,0.22161860379316587160212242574834844568075228911635682932500940079916660025170792
60,0.00000007241012550685048931466088443241952780608671860076420671892751992885587176267083,0.0030498509152645840023521707543694398210008364271028970116454358351628476328345254,0.22447421782217573850510739577276699838033211820432465963623503291214457473719517,60,26811139.076634278579231073100310499247660525190929791057731920270849183926383522,0.22458237630827116904876271391107466720385340715037745793988446698385025558190935,26811138.852051902270959904051547785336585857987076383907354462330964716942533266,119382204.05964618955739428216051515741149335878935186981149107386977635336762584,53622278.153268557158462146200620998495321050381859582115463840541698367852767043,4.1180460715744231345111617387773511748867036649876982617491261816828688636600623e-83,2.6355494858076308060871435128175047519274903455921268875194407562770360727424399e-82,1.2567279271162179975925176204764865646016551711998590886685565739998989452087593e-88,496.28506826414696256451623133908056099579802004996868276598252744148897720352328,-9.1694639746180613758342863142825889213030566256255318686523893308754626739266702e-83,1.2305147492280106956856118156959213502772605463090421027951668730962307189967119e-82,2.1180532085341795532518035308868677657685289281479527887058889067715138719091943e-82,60,0.00000007241012550685048931466088443241952780608671860076420671892751992885587176267083,0.00000007241012550685048931466088443241952780608671860076420671892751992885587176267083,0.0030498509152645840023521707543694398210008364271028970116454358351628476328345254,0.0030498509152645840023521707543694398210008364271028970116454358351628476328345254,0.22447421782217573850510739577276699838033211820432465963623503291214457473719517,0.22447421782217573850510739577276699838033211820432465963623503291214457473719517
70,0.000000073380964532515231090900997769953456004456570544852770359023385357271647873167583,0.0033270103179870724937154951436212239412915096774686678550539682802034820198831487,0.22736572247057960607373776515242859567517743983553067364291538139898985314828112,70,31613809.358515221409390395428234883280178360640270947421680771305650824292974187,0.22745003847471328875931982594121178418900821958574351208587827101431277983819602,31613809.131065182934677106668915057338966576451262727835937259219772553278661407,138992323.63519639572109710924683090017987422011851164928202139029492239335348321,63227618.717030442818780790856469766560356721280541894843361542611301648585948374,9.4715059646211732093756719991879077022394184294717060020229902178705983864181434e-83,2.6355494858076308060871435128175047519274903455921268875194407562770360727424399e-82,0.0,430.6507868154482592482225905950318606588438586092187981337076390965745219998117,-7.7444350435024394640041787340718912759699477938985876508293396604854972619755539e-83,7.4851516708100329757293189466042162712986421760468157614856684721920143822906286e-83,1.2371288692542341007443004383901037596130571490162353096850576827942322559625444e-82,70,0.000000073380964532515231090900997769953456004456570544852770359023385357271647873167583,0.000000073380964532515231090900997769953456004456570544852770359023385357271647873167583,0.0033270103179870724937154951436212239412915096774686678550539682802034820198831488,0.0033270103179870724937154951436212239412915096774686678550539682802034820198831487,0.22736572247057960607373776515242859567517743983553067364291538139898985314828112,0.22736572247057960607373776515242859567517743983553067364291538139898985314828112
80,0.000000074366455395498772409113665962368355136184699046246511126640141222292314767414319,0.0036223716261813723044708691772290110683377271054130738779694485340285761459471637,0.23029385599558214832821845023117937576055785023038836398849997005260662223733795,80,37321931.717876183498161749606483403969284223871044670739157007911683120566468774,0.2303619689936026022874225402035513701711237295527030818232586653321507349410277,37321931.487514214504559147319060863765732853699920941186453926088424455234318039,162014293.76961373936914182713444894145448947987967657327027547655612984546725703,74643863.435752366996323499212966807938568447742089341478314015823366241132937548,5.353459893046750074864510260410556527352714764484007740273864036187729522758081e-83,2.6355494858076308060871435128175047519274903455921268875194407562770360727424399e-82,1.2567279271162179975925176204764865646016551711998590886685565739998989452087593e-88,373.97365892660350871990364010731084839052632404067312032778041992524516365361336,-1.3082123001063881002998902898345467896936911785984037159540413311669528052971265e-82,2.3884832417888536397153553494301473355511116114829691267735552089383474093142715e-82,4.1003745711067063423547201026627846942477942349750870654275093128496962270412593e-82,80,0.000000074366455395498772409113665962368355136184699046246511126640141222292314767414319,0.000000074366455395498772409113665962368355136184699046246511126640141222292314767414319,0.0036223716261813723044708691772290110683377271054130738779694485340285761459471637,0.0036223716261813723044708691772290110683377271054130738779694485340285761459471637,0.23029385599558214832821845023117937576055785023038836398849997005260662223733796,0.23029385599558214832821845023117937576055785023038836398849997005260662223733795
90,0.000000075366673359140714583835246320702341914457105920813437072405215798303877597487756,0.0039350960974759309387820314641435745305064845981272720935568013154719236970646935,0.23325927267267501328469530037694849730323010244371624356231318950957973445300558,90,44110959.712056579236500592012514306126329632251979831162028774384364932738805242,0.23331663064309211577488099308414721663556025360135843813381590300268595172557242,44110959.478739948593408476237633313042182415616419577560670336250549029736119291,189060503.70465774299760594799180483326075894707494725727860667467769647423788718,88221919.424113158473001184025028612252659264503959662324057548768729865477610485,2.3884667215131654180164738084908636814342881256928649918144931853760639409228362e-82,0.0,1.2567279271162179975925176204764865646016551711998590886685565739998989452087593e-88,325.1216127285427973354381349440467615420626852184051337889873942881292537047388,2.2099164729041651878995180713028566145252256664170594118623636758467412983328291e-82,2.0719421645483367527661041644672298527112319498755032674958692553023455026071758e-82,2.2096737622196615352710937225645384471107184155821466844534982977994458979574755e-82,90,0.000000075366673359140714583835246320702341914457105920813437072405215798303877597487756,0.000000075366673359140714583835246320702341914457105920813437072405215798303877597487756,0.0039350960974759309387820314641435745305064845981272720935568013154719236970646933,0.0039350960974759309387820314641435745305064845981272720935568013154719236970646935,0.23325927267267501328469530037694849730323010244371624356231318950957973445300558,0.23325927267267501328469530037694849730323010244371624356231318950957973445300558
100,0.000000076381571943655145017843701934621090631960064044579947686202296896854616354141082,0.0042636848044965512641989225987572456355484295458263870884473665842162138435381057,0.2362625768975493176204283454075423635227897867203341156684291543944761479655374,100,52190827.406599202177147910736679571642643571202593309156426157149880247278074347,0.23631307264158561505671051612174723146162359681366780321708691797389087710274622,52190827.17028612953556229567996905552089633974096971234275835393279332930418347,220854592.69431389087636780463913328714782921777009669686004238347585364311721429,104381654.81319840435429582147335914328528714240518661831285231429976049455614869,8.2360921431488462690223234775547023497734073299753965234982523633657377273201247e-84,0.0,0.0,283.08926823097962563452902965059658756462893801103253197509845021530580388395045,0.0,4.0469714390285180816470457654785229609180109773684239273034148788965520577846213e-83,6.1250130328490991343643776617855730801485161067728385574064908715998904500876962e-83,100,0.000000076381571943655145017843701934621090631960064044579947686202296896854616354141082,0.000000076381571943655145017843701934621090631960064044579947686202296896854616354141082,0.0042636848044965512641989225987572456355484295458263870884473665842162138435381057,0.0042636848044965512641989225987572456355484295458263870884473665842162138435381057,0.2362625768975493176204283454075423635227897867203341156684291543944761479655374,0.2362625768975493176204283454075423635227897867203341156684291543944761479655374
