"{'distance': [0.25, 0.5, 0.75], 'solute_6': [8.0, -10.0, 8.0], 'solute_5': [6.0, -2.0, 6.0], 'solute_4': [15.0, -20.0, 15.0], 'solute_3': [8.0, -10.0, 8.0], 'solute_2': [8.0, -2.0, 8.0], 'solute_1': [15.0, -20.0, 15.0]}","{'solute_5e': '1.0 fM', 'solute_6e': '1.0 M', 'solute_6i': '1.0 fM', 'solute_5i': '1.0 mM', 'solute_4i': '1.0 fM', 'solute_3i': '1.0 M', 'solute_1e': '1.0 fM', 'solute_2i': '1.0 fM', 'solute_3e': '1.0 M', 'solute_1i': '1.0 M', 'solute_2e': '1.0 M', 'solute_4e': '1.0 mM'}"
voltage,current,solute_6,solute_5,solute_4,solute_3,solute_2,solute_1
-150,-0.009347261272832152,-5124.348835963857,0.0010918415497374045,-0.004672892677313012,-24049.374376490017,-5124.34883596915,0.00013486357711059438
-140,-0.005791338904829786,-3419.545585078662,0.001480831332927035,-0.003118093052840786,-14655.794422096078,-3419.5455850656103,0.00018266872060360845
-130,-0.0034912384842821255,-2214.6985281944967,0.001952314449366277,-0.0020195995275540356,-8681.802294151164,-2214.698528193757,0.0002409975048909968
-120,-0.002060497971762697,-1400.6332244866737,0.002517635387335071,-0.0012772155052404852,-5030.386355252321,-1400.6332244875664,0.0003106909045386061
-110,-0.0011972012186280707,-869.7690523869802,0.0031934720502128644,-0.000793131021724631,-2866.8172180147817,-869.769052382296,0.0003941293637486423
-100,-0.0006879333114517364,-532.8302188946469,0.004002747892202396,-0.00048589986299607443,-1614.2817484921238,-532.8302188988538,0.0004939462925875639
-90,-0.00039231964143903434,-323.2628180534009,0.004975302227478107,-0.0002947733719890865,-901.2109179840245,-323.2628180540926,0.0006139929091211714
-80,-0.00022262042057944552,-194.85670369452953,0.006148522268876577,-0.00017768126862186776,-499.9704037262964,-194.85670369381126,0.0007587892519537905
-70,-0.00012592239693495912,-117.05230332263983,0.0075685801061359664,-0.00010674343620141912,-275.97236606766546,-117.05230332436568,0.0009340362161569301
-60,-7.107484057229869e-05,-70.29560404668834,0.009292016422117536,-6.410287536751994e-05,-151.54638994551334,-70.29560404810584,0.0011467236229465681
-50,-4.003430319617913e-05,-42.36007623433832,0.01138777035615296,-3.8628174721172064e-05,-82.60370630623501,-42.360076235984224,0.0014053579766473354
-40,-2.246238217535594e-05,-25.72738712891773,0.01393991060868105,-2.3460621996538482e-05,-44.39557153370774,-25.727387128705594,0.0017203219347543246
-30,-1.24769023294222e-05,-15.831430912411642,0.017050895907806646,-1.443644846824061e-05,-23.129359740147024,-15.83143091248748,0.002104248876180959
-20,-6.7461665491561255e-06,-9.926741848119805,0.02084568345586712,-9.05207401521166e-06,-11.152123022744746,-9.926741848096206,0.0025725612612165234
-10,-3.387772305341339e-06,-6.376645176365745,0.02547673650493386,-5.814609960654764e-06,-4.225544222144899,-6.376645176234514,0.0031440794156788352
0,-1.338639931476807e-06,-4.2129971593397855,0.031130072349045464,-3.841732707172732e-06,-2.6084023829753278e-11,-4.2129971593557825,0.0038417560909039927
10,3.1906567752172735e-09,-2.8671679359210707,0.03803277840710884,-2.614532147397216e-06,2.8344012014182516,-2.867167935885839,0.004693617823622601
20,9.815370143005542e-07,-2.007161767141444,0.04646206877165701,-1.830288900790396e-06,5.018440566142388,-2.0071617671449116,0.005733874778558886
30,1.7968686573060845e-06,-1.4398853182408151,0.056756429958656,-1.3130102481888133e-06,6.984329543574975,-1.4398853182414697,0.007004299920765386
40,2.571237508949189e-06,-1.0530239143573092,0.0693291788544588,-9.602291825699112e-07,9.000225173396531,-1.0530239143529074,0.008555900362246106
50,3.3851113819962807e-06,-0.7808326208328846,0.08468506097816418,-7.120283653319407e-07,11.250963434703948,-0.7808326208308037,0.010450966795252937
60,4.298456980021485e-06,-0.5842362508825015,0.10344049050675708,-5.327560568076113e-07,13.883938633429418,-0.5842362508840274,0.012765570670577549
70,5.3630766618424356e-06,-0.4394012802764715,0.12634829990562738,-4.0068061363988576e-07,17.03615176603207,-0.43940128027585773,0.015592618931069514
80,6.630175675881793e-06,-0.3312547636711943,0.1543279504995909,-3.020665930310078e-07,20.85131357895721,-0.3312547636724872,0.01904558213283568
90,8.155430372967016e-06,-0.24984623099008585,0.18850242869604097,-2.2783284138419742e-07,25.491983405782808,-0.2498462309912944,0.02326304777850083
100,1.0002868252328609e-05,-0.18831460061731894,0.2302433460550114,-1.71718759214224e-07,31.149595419760097,-0.1883146006169283,0.028414286231339396
"{'distance': [0.25, 0.5, 0.75], 'solute_6': [8.0, -10.0, 8.0], 'solute_5': [6.0, -2.0, 6.0], 'solute_4': [15.0, -20.0, 15.0], 'solute_3': [8.0, -10.0, 8.0], 'solute_2': [8.0, -2.0, 8.0], 'solute_1': [15.0, -20.0, 15.0]}","{'solute_5e': '1.0 fM', 'solute_6e': '1.0 M', 'solute_6i': '1.0 fM', 'solute_5i': '1.0 mM', 'solute_4i': '1.0 fM', 'solute_3i': '1.0 M', 'solute_1e': '1.0 fM', 'solute_2i': '1.0 fM', 'solute_3e': '1.0 M', 'solute_1i': '1.0 M', 'solute_2e': '1.0 M', 'solute_4e': '1.0 mM'}"
voltage,largest element,smallest element,element difference,element ratio difference,condition number,transport error solute_6,transport error solute_5,transport error solute_4,transport error solute_3,transport error solute_2,transport error solute_1,current errors,smallest eigenvalue,second smallest eigenvalue,sum absolute errors,sum squared errors
-150,59546169289.100334,0.018095305095997372,59546169289.082237,3290697171072.9414,28493032271987520.0,5.286892701406032e-09,4.900737441727865e-09,9.593855232730569e-08,3.043896867893636e-08,2.701199264265597e-10,1.1929512368740033e-07,1.2335618637671075e-14,-3.5388638368274054e-07,-0.022885538265853194,1.5640607697134757e-07,2.6309985264993258e-07
-140,50373010506.141029,0.016545232475500174,50373010506.124481,3044563476562.3452,2.386830745584177e+17,1.3660155673278496e-08,1.5154144467066644e-09,1.3673478088888427e-07,3.783679858315736e-08,1.850821718107909e-10,8.088174524378084e-08,1.8777514265710948e-14,6.839395729120638e-07,-0.019434423444947585,1.6391493556577092e-07,2.7384395862202482e-07
-130,42721525108.985878,0.015160750102662447,42721525108.970718,2817903126144.356,1.1050794139215006e+17,3.246896085329354e-10,1.4568422158738048e-09,6.003100230106417e-08,3.2032403396442533e-09,4.702087608166039e-10,6.327924107713619e-08,1.0121244120586681e-14,-4.1949253819992349e-07,-0.016880628298660806,8.7312126768121335e-08,1.3041095489607635e-07
-120,36332210786.711151,0.013928001612556251,36332210786.69722,2608573131838.0415,58657127913502424.0,9.763425623532385e-10,8.530084590063769e-10,3.6293354255083343e-09,1.3339558790903538e-08,2.7284841053187847e-12,9.966902160475806e-09,9.293781022545744e-16,-3.629970847402665e-08,-0.01493867041031246,1.7162868329411855e-08,3.0339710143300821e-08
-110,30991692876.874622,0.012834649243951529,30991692876.861786,2414689508673.5464,2.0345972159966806e+17,5.200149644224439e-09,9.503800021265496e-10,4.786072893255347e-09,1.5201294445432723e-08,3.069544618483633e-12,2.400810809725408e-08,1.5269903397285844e-15,-6.973579358002291e-08,-0.013420870346466374,2.9298186219123746e-08,5.0375766170594923e-08
-100,26524591759.537395,0.011869750358854854,26524591759.525524,2234637709945.6016,22446467938619908.0,4.768480721395463e-09,7.475413179094947e-10,2.4518337196622036e-08,5.1934421207988635e-08,7.73070496506989e-12,3.253668558872696e-08,3.2894693913210205e-15,-5.275429119991203e-07,-0.012204981771561206,6.6184707780049558e-08,1.1490109621669232e-07
-90,22786874123.198032,0.011023647924910474,22786874123.187008,2067090157306.8057,60975528445223744.0,8.48558556754142e-10,3.512621643206315e-10,4.849890999491114e-09,2.6699353838921525e-09,4.2518877307884395e-11,8.43130922576537e-09,1.038828311566986e-15,1.5562353488337036e-07,-0.011212166138523548,1.0135149256899219e-08,1.7565572226201521e-08
-80,19660425167.504852,0.010287873864574618,19660425167.494564,1911028986776.7317,22773090453502768.0,8.770939530222677e-10,4.558503028176397e-10,6.0639812668038685e-09,6.569280230905861e-09,1.3784529073745944e-11,1.3205397490561807e-09,9.99038091836768e-16,2.9211243709816364e-07,-0.010391763429414761,9.1067245862483274e-09,1.5832214947066785e-08
-70,17048627436.775721,0.0096550643037492407,17048627436.766066,1765770470338.0818,29125922460160704.0,2.079318051073642e-09,2.0945265313820904e-10,6.9208238304884146e-09,5.59208501726971e-09,7.212008767965017e-11,7.933174904755508e-10,8.174613329997582e-16,-5.0216478025603283e-07,-0.009710849452824577,9.1749711165860699e-09,1.5761704576710764e-08
-60,14872772042.003664,0.0091188858716549689,14872772041.994545,1630985654534.1797,89795642443391248.0,1.8232100273962715e-09,1.665768217806729e-11,2.058200783931893e-09,2.6734028324426617e-09,2.1231016944511794e-11,2.510321862707332e-09,1.654763565756001e-17,-2.2501624802393366e-07,-0.0091477966365784685,4.584299661621471e-09,9.179478596175821e-09
-50,13069161131.691322,0.0086739723143276059,13069161131.682648,1506710035274.5852,33337256320858092.0,2.2631070351053495e-09,8.94658305772289e-11,1.0739796836822498e-09,3.908951384801185e-09,1.1709744285326451e-11,5.1343737610034385e-09,1.7158854632298715e-16,-1.7630685007176132e-07,-0.0086882294346982657,6.9230816866358076e-09,1.2546531037046474e-08
-40,11586787939.022608,0.0083158707873448087,11586787939.014292,1393334292381.6853,91740890532937488.0,3.2647662351337203e-10,6.422011533668837e-11,4.0820792198334173e-10,4.1998760025308e-10,1.9021229036297882e-11,3.496496499451329e-10,1.0526925468476445e-16,-9.9836184573117051e-08,-0.0083223962158171134,7.6071061816799711e-10,1.635848072974145e-09
-30,10385503664.146065,0.0080409972902624541,10385503664.138023,1291569103837.7515,1.075653056661989e+17,9.321432514752814e-11,6.362179533203616e-11,8.073992171660194e-11,1.512145075821536e-09,2.424549450097402e-11,1.50770299326905e-09,1.7074490150752186e-17,-2.9036554141526557e-08,-0.0080436419618697963,2.1405212267977145e-09,3.3290805754657821e-09
-20,9434599763.5322304,0.0078466007967335702,9434599763.5243835,1202380496719.0024,29845861260433424.0,2.3153035044742865e-11,1.1320631931877045e-11,9.545413478838697e-11,7.389981959704528e-10,1.6264323221548693e-11,6.537946885265544e-10,7.27601301691444e-18,-4.9536771271105744e-08,-0.007847454390885392,9.9217854187447656e-10,1.5674404644880509e-09
-10,8711750686.3297176,0.0077307357213119987,8711750686.3219872,1126898008208.1023,45260970662979656.0,2.2730617388333485e-10,1.0858678539671374e-11,2.5057798566047125e-10,5.931735103104074e-10,1.1366907415322203e-11,5.940197301060324e-10,9.299151211431336e-18,1.8317856531272646e-07,-0.0077308916593890591,9.0640225759976508e-10,1.7336516842312151e-09
0,8202276379.2581902,0.0076922424473793265,8202276379.2504978,1066304973532.4746,1.181635231236352e+17,4.057820746083962e-11,1.2140993072007333e-11,4.684675257426578e-11,5.2168047659506556e-11,8.58424442640171e-12,7.929772984083261e-11,3.0630828955083636e-17,4.6896910891135224e-08,-0.0076922424002394936,1.2384552419953901e-10,2.8721700579066221e-10
10,7898696548.1678619,0.0077307357213119987,7898696548.1601315,1021726370284.8916,94304357168610592.0,6.884537384621581e-11,6.880204739267981e-12,2.979888908166394e-11,1.0682743578627196e-10,9.419132140919828e-12,2.2722039007272432e-10,2.2075637369137592e-17,-3.9665530240605236e-08,-0.0077308215234170872,2.6342852503118593e-10,4.7328134123251071e-10
20,7800560222.6488066,0.0078466007967335702,7800560222.6409597,994132417937.72278,55193369662914712.0,1.6084467091559418e-11,1.7866444435021833e-11,1.4244810510793404e-11,5.0607518176093436e-11,7.4442674247166e-12,8.611506473188424e-11,1.1049756555169161e-17,2.4507093688649309e-08,-0.0078468581802684442,1.0514907763291515e-10,2.0795810938316545e-10
30,7914545082.3520126,0.0080409972902624541,7914545082.3439713,984274064106.00671,62644915521017512.0,9.137135492665038e-13,6.730576512792297e-11,1.3529300599130059e-11,4.0684788871203637e-11,9.332534744999066e-13,7.337712642357941e-11,1.3260512547502885e-17,-2.9360622132087015e-08,-0.0080414353575494237,1.1863368902868914e-10,2.4490674731479216e-10
40,8254831706.5685711,0.0083158707873448087,8254831706.5602551,992659929147.87378,28199105328088184.0,7.1385120037348315e-12,9.392260580387557e-11,1.3980214882831741e-11,2.05702122002549e-11,7.05946412438152e-12,9.361916623873423e-11,8.914598253377884e-18,3.7536093746939295e-08,-0.0083164645419389546,1.3969508015642228e-10,2.7106638147409001e-10
50,8843768830.4108505,0.0086739723143276059,8843768830.4021759,1019575404431.8053,60837206674169944.0,5.3512749786932545e-14,3.442453266888634e-11,4.388624960108179e-12,2.9807267765136203e-12,7.684186620338096e-12,8.693224612388306e-11,1.6387969947002576e-17,-1.4378971258997704e-08,-0.0086746852212438719,1.0776925210881866e-10,1.8923595164112717e-10
60,9712857268.8609772,0.0091188858716549689,9712857268.8518581,1065136399946.873,25707722649436872.0,1.5129009156567008e-12,1.5162732180939997e-11,6.722146091721756e-12,1.4660272995570267e-11,5.079159315357629e-12,2.8289091555389057e-11,7.254837193233082e-18,-2.6635888102387829e-08,-0.0091196806718110632,4.0307433439857968e-11,8.8928746993140195e-11
70,10904092867.646988,0.0096550643037492407,10904092867.637333,1129365121205.1199,53143578199460720.0,1.999733711954832e-12,4.6766784889129553e-11,7.529613436289824e-12,2.5643487333582016e-11,1.1033951530237118e-12,1.1580120716503384e-10,1.2840172447427939e-17,3.5897741938950589e-08,-0.0096559079180547954,1.3292081081909467e-10,2.3560565065968691e-10
80,12471723166.062542,0.010287873864574618,12471723166.052254,1212274113216.708,32747241559647988.0,8.707201626378946e-12,7.680023283995752e-12,8.024933518866009e-12,8.462563982902793e-11,1.0105249970138175e-12,8.820879790483183e-11,3.3373098121819433e-18,-4.5908215670779012e-08,-0.010288739094081878,1.2342377185623788e-10,2.0781994391604916e-10
90,14484488985.59165,0.011023647924910474,14484488985.580626,1313946987807.9658,2.7139574553550176e+17,2.5145108217827783e-11,1.112759884236425e-11,1.8111867185104695e-11,5.622453613796097e-10,1.6625284482429947e-11,6.308011959998971e-10,2.174164169012338e-17,-1.2432332895516877e-07,-0.011024513452677671,8.476612445883359e-10,1.320083574714182e-09
100,17028441552.141878,0.011869750358854854,17028441552.130009,1434608229939.6155,23950490897860692.0,3.035266482598331e-12,8.217349023453835e-11,1.6181904281402505e-11,6.544098596350523e-11,6.3127003624430245e-12,1.451815924424782e-10,5.596516089098613e-17,1.3333604054459563e-07,-0.011870600138220453,2.5992557554119278e-10,5.0577632831147857e-10
"{'distance': [0.25, 0.5, 0.75], 'solute_6': [8.0, -10.0, 8.0], 'solute_5': [6.0, -2.0, 6.0], 'solute_4': [15.0, -20.0, 15.0], 'solute_3': [8.0, -10.0, 8.0], 'solute_2': [8.0, -2.0, 8.0], 'solute_1': [15.0, -20.0, 15.0]}","{'solute_5e': '1.0 fM', 'solute_6e': '1.0 M', 'solute_6i': '1.0 fM', 'solute_5i': '1.0 mM', 'solute_4i': '1.0 fM', 'solute_3i': '1.0 M', 'solute_1e': '1.0 fM', 'solute_2i': '1.0 fM', 'solute_3e': '1.0 M', 'solute_1i': '1.0 M', 'solute_2e': '1.0 M', 'solute_4e': '1.0 mM'}"
voltage,"current, barrier 0","current, barrier 1",solute_6 transport over barrier 0,solute_6 transport over barrier 1,solute_5 transport over barrier 0,solute_5 transport over barrier 1,solute_4 transport over barrier 0,solute_4 transport over barrier 1,solute_3 transport over barrier 0,solute_3 transport over barrier 1,solute_2 transport over barrier 0,solute_2 transport over barrier 1,solute_1 transport over barrier 0,solute_1 transport over barrier 1
-150,-0.009347261272844487,-0.009347261272832152,-5124.348835969144,-5124.348835963857,0.0010918464504748463,0.0010918415497374045,-0.0046727967387606845,-0.004672892677313012,-24049.37437645958,-24049.374376490017,-5124.34883596888,-5124.34883596915,0.00013474428198690698,0.00013486357711059438
-140,-0.005791338904811008,-0.005791338904829786,-3419.545585065002,-3419.545585078662,0.0014808328483414818,0.001480831332927035,-0.003118229787621675,-0.003118093052840786,-14655.794422058241,-14655.794422096078,-3419.5455850657954,-3419.5455850656103,0.00018274960234885223,0.00018266872060360845
-130,-0.0034912384842922467,-0.0034912384842821255,-2214.698528194172,-2214.6985281944967,0.001952312992524061,0.001952314449366277,-0.0020195394965517345,-0.0020195995275540356,-8681.802294147961,-8681.802294151164,-2214.698528194227,-2214.698528193757,0.00024093422564991967,0.0002409975048909968
-120,-0.0020604979717636263,-0.002060497971762697,-1400.63322448765,-1400.6332244866737,0.002517634534326612,0.002517635387335071,-0.0012772118759050597,-0.0012772155052404852,-5030.38635526566,-5030.386355252321,-1400.6332244875691,-1400.6332244875664,0.00031070087144076657,0.0003106909045386061
-110,-0.0011972012186295977,-0.0011972012186280707,-869.76905238178,-869.7690523869802,0.0031934710998328623,0.0031934720502128644,-0.0007931262356517377,-0.000793131021724631,-2866.8172179995804,-2866.8172180147817,-869.769052382299,-869.769052382296,0.00039410535564054507,0.0003941293637486423
-100,-0.0006879333114550259,-0.0006879333114517364,-532.8302188994154,-532.8302188946469,0.004002747144661078,0.004002747892202396,-0.0004858753446588778,-0.00048589986299607443,-1614.2817485440582,-1614.2817484921238,-532.830218898846,-532.8302188988538,0.0004939788292731526,0.0004939462925875639
-90,-0.0003923196414379955,-0.00039231964143903434,-323.26281805424946,-323.2628180534009,0.004975302578740271,0.004975302227478107,-0.000294778221880086,-0.0002947733719890865,-901.2109179866944,-901.2109179840245,-323.2628180541351,-323.2628180540926,0.0006140013404303972,0.0006139929091211714
-80,-0.00022262042057844648,-0.00022262042057944552,-194.85670369365243,-194.85670369452953,0.00614852272472688,0.006148522268876577,-0.00017768733260313456,-0.00017768126862186776,-499.97040371972713,-499.9704037262964,-194.85670369379747,-194.85670369381126,0.0007587879314140414,0.0007587892519537905
-70,-0.00012592239693577658,-0.00012592239693495912,-117.05230332471915,-117.05230332263983,0.007568579896683313,0.0075685801061359664,-0.00010673651537758863,-0.00010674343620141912,-275.97236607325755,-275.97236606766546,-117.05230332429356,-117.05230332436568,0.0009340370094744206,0.0009340362161569301
-60,-7.107484057231523e-05,-7.107484057229869e-05,-70.29560404851155,-70.29560404668834,0.009292016405459853,0.009292016422117536,-6.410081716673601e-05,-6.410287536751994e-05,-151.54638994818674,-151.54638994551334,-70.29560404808461,-70.29560404810584,0.0011467261332684308,0.0011467236229465681
-50,-4.003430319600754e-05,-4.003430319617913e-05,-42.36007623660143,-42.36007623433832,0.01138777026668713,0.01138777035615296,-3.862710074148838e-05,-3.8628174721172064e-05,-82.60370631014396,-82.60370630623501,-42.36007623599593,-42.360076235984224,0.0014053631110210964,0.0014053579766473354
-40,-2.246238217546121e-05,-2.246238217535594e-05,-25.727387128591253,-25.72738712891773,0.013939910672901165,0.01393991060868105,-2.34602137886165e-05,-2.3460621996538482e-05,-44.395571534127725,-44.39557153370774,-25.727387128686573,-25.727387128705594,0.0017203215851046747,0.0017203219347543246
-30,-1.2476902329439275e-05,-1.24769023294222e-05,-15.831430912504857,-15.831430912411642,0.01705089584418485,0.017050895907806646,-1.4436367728318894e-05,-1.443644846824061e-05,-23.12935973863488,-23.129359740147024,-15.831430912463235,-15.83143091248748,0.0021042473684779656,0.002104248876180959
-20,-6.7461665491634015e-06,-6.7461665491561255e-06,-9.926741848096652,-9.926741848119805,0.02084568346718775,0.02084568345586712,-9.051978561076871e-06,-9.05207401521166e-06,-11.152123023483744,-11.152123022744746,-9.92674184811247,-9.926741848096206,0.002572561915011212,0.0025725612612165234
-10,-3.387772305350638e-06,-3.387772305341339e-06,-6.376645176138439,-6.376645176365745,0.02547673649407518,0.02547673650493386,-5.8148605386404245e-06,-5.814609960654764e-06,-4.225544221551726,-4.225544222144899,-6.376645176245881,-6.376645176234514,0.003144078821659105,0.0031440794156788352
0,-1.3386399314461762e-06,-1.338639931476807e-06,-4.212997159380364,-4.2129971593397855,0.031130072361186457,0.031130072349045464,-3.8417795539253065e-06,-3.841732707172732e-06,2.6084023829753278e-11,-2.6084023829753278e-11,-4.212997159364367,-4.2129971593557825,0.0038417561702017225,0.0038417560909039927
10,3.190656753141636e-09,3.1906567752172735e-09,-2.8671679358522253,-2.8671679359210707,0.03803277841398905,0.03803277840710884,-2.6145023485081344e-06,-2.614532147397216e-06,2.834401201525079,2.8344012014182516,-2.867167935895258,-2.867167935885839,0.004693617596402211,0.004693617823622601
20,9.81537014311604e-07,9.815370143005542e-07,-2.0071617671575286,-2.007161767141444,0.046462068789523456,0.04646206877165701,-1.8303031456009067e-06,-1.830288900790396e-06,5.018440566091781,5.018440566142388,-2.007161767152356,-2.0071617671449116,0.00573387486467395,0.005733874778558886
30,1.796868657319345e-06,1.7968686573060845e-06,-1.4398853182417288,-1.4398853182408151,0.056756430025961764,0.056756429958656,-1.3129967188882141e-06,-1.3130102481888133e-06,6.98432954361566,6.984329543574975,-1.4398853182405364,-1.4398853182414697,0.00700429984738826,0.007004299920765386
40,2.5712375089402745e-06,2.571237508949189e-06,-1.0530239143501707,-1.0530239143573092,0.0693291787605362,0.0693291788544588,-9.60243162784794e-07,-9.602291825699112e-07,9.000225173375961,9.000225173396531,-1.053023914359967,-1.0530239143529074,0.008555900455865273,0.008555900362246106
50,3.3851113819798927e-06,3.3851113819962807e-06,-0.7808326208328311,-0.7808326208328846,0.08468506101258871,0.08468506097816418,-7.120239767069806e-07,-7.120283653319407e-07,11.250963434706929,11.250963434703948,-0.7808326208384879,-0.7808326208308037,0.010450966708320691,0.010450966795252937
60,4.29845698001423e-06,4.298456980021485e-06,-0.5842362508840144,-0.5842362508825015,0.10344049052191981,0.10344049050675708,-5.327493346615196e-07,-5.327560568076113e-07,13.883938633414758,13.883938633429418,-0.5842362508789483,-0.5842362508840274,0.012765570642288457,0.012765570670577549
70,5.363076661855276e-06,5.3630766618424356e-06,-0.4394012802744718,-0.4394012802764715,0.1263482998588606,0.12634829990562738,-4.0068814325332205e-07,-4.0068061363988576e-07,17.036151766006427,17.03615176603207,-0.4394012802769611,-0.43940128027585773,0.015592619046870721,0.015592618931069514
80,6.63017567588513e-06,6.630175675881793e-06,-0.3312547636799015,-0.3312547636711943,0.1543279505072709,0.1543279504995909,-3.020585680974889e-07,-3.020665930310078e-07,20.851313578872585,20.85131357895721,-0.3312547636734977,-0.3312547636724872,0.019045582221044476,0.01904558213283568
90,8.155430372988758e-06,8.155430372967016e-06,-0.24984623101523096,-0.24984623099008585,0.18850242870716857,0.18850242869604097,-2.2781472951701232e-07,-2.2783284138419742e-07,25.491983405220562,25.491983405782808,-0.2498462310079197,-0.2498462309912944,0.023263048409302024,0.02326304777850083
100,1.0002868252272644e-05,1.0002868252328609e-05,-0.1883146006203542,-0.18831460061731894,0.2302433459728379,0.2302433460550114,-1.717349411185054e-07,-1.71718759214224e-07,31.149595419825538,31.149595419760097,-0.188314600623241,-0.1883146006169283,0.028414286086157804,0.028414286231339396
"{'distance': [0.25, 0.5, 0.75], 'solute_6': [8.0, -10.0, 8.0], 'solute_5': [6.0, -2.0, 6.0], 'solute_4': [15.0, -20.0, 15.0], 'solute_3': [8.0, -10.0, 8.0], 'solute_2': [8.0, -2.0, 8.0], 'solute_1': [15.0, -20.0, 15.0]}","{'solute_5e': '1.0 fM', 'solute_6e': '1.0 M', 'solute_6i': '1.0 fM', 'solute_5i': '1.0 mM', 'solute_4i': '1.0 fM', 'solute_3i': '1.0 M', 'solute_1e': '1.0 fM', 'solute_2i': '1.0 fM', 'solute_3e': '1.0 M', 'solute_1i': '1.0 M', 'solute_2e': '1.0 M', 'solute_4e': '1.0 mM'}"
voltage,current,solute_6,solute_5,solute_4,solute_3,solute_2,solute_1
-150,-0.009347831021704396,-5124.661182075474,0.001086364632340131,-0.0046722854728016615,-24050.840268535754,-5124.66118170318,0.00013558272567849167
-140,-0.005791336770061471,-3419.544323675739,0.0014798351619070838,-0.0031181363704231926,-14655.789019415022,-3419.5443244639855,0.0001828256707604864
-130,-0.003491197322962591,-2214.6724173457997,0.001953170747047317,-0.0020196796298419025,-8681.699937025069,-2214.672417387222,0.00024076542129385092
-120,-0.002060443365074964,-1400.5961055675018,0.002517708428148191,-0.0012774389037421713,-5030.253041050794,-1400.5961054608179,0.000310413169019412
-110,-0.0011972100517960744,-869.7754701265354,0.0031968527627739274,-0.000793068309933269,-2866.8383729941106,-869.7754699914148,0.0003941824353647927
-100,-0.0006878898523586409,-532.7965589247747,0.004006325795155613,-0.0004863408872089913,-1614.1797710939572,-532.7965590598318,0.000493402067083263
-90,-0.000392310420959619,-323.25522116370826,0.00497606568244785,-0.0002949233150880367,-901.1897374183604,-323.2552210499167,0.0006138174681955925
-80,-0.0002226339128472942,-194.86851303697813,0.006148311118484517,-0.0001773549663995336,-500.0007054133925,-194.86851317907806,0.0007592395512317322
-70,-0.00012592820228218073,-117.0576986672903,0.007565582871102053,-0.00010651935044140989,-275.98508716846385,-117.0576987318706,0.0009343370433503462
-60,-7.107397824789626e-05,-70.29475145769139,0.009292662985460914,-6.416078655020372e-05,-151.5445517246829,-70.29475139110511,0.001146661694134108
-50,-4.003278849537992e-05,-42.35847371718786,0.011387642128806288,-3.876116537979174e-05,-82.60058091915093,-42.35847362274541,0.0014051310048980338
-40,-2.2462132673820622e-05,-25.72710174241387,0.013940132366811672,-2.350110119396406e-05,-44.39507838434923,-25.727101672601393,0.0017202686529468672
-30,-1.2476744732159422e-05,-15.83123120056975,0.017051087818896457,-1.4465539838619639e-05,-23.129067667968492,-15.831231219442019,0.0021041734889965472
-20,-6.745954577424618e-06,-9.92643014510602,0.020845867235630415,-9.140927228445002e-06,-11.151773095455212,-9.926430210770718,0.0025724091289995475
-10,-3.387683167348407e-06,-6.37647755414326,0.025476442416170433,-5.864736216118857e-06,-4.225433165128974,-6.376477556233125,0.0031439289070328185
0,-1.3386550137548327e-06,-4.213044379463984,0.031130045986599436,-3.825197174715683e-06,1.1229728258399518e-07,-4.213044413806919,0.0038418258726508362
10,3.1904757076768037e-09,-2.8671360634648666,0.03803228123501978,-2.6327937641282372e-06,2.8343693084985837,-2.867135997885492,0.004693546688260573
20,9.815534356195625e-07,-2.0071953615168314,0.04646277206485455,-1.8022189751845528e-06,5.018524568589597,-2.0071953394682,0.00573399090873317
30,1.7968433240923507e-06,-1.4398650514931317,0.05675558121379798,-1.3357565826550697e-06,6.984231142176257,-1.4398649736043785,0.0070041882865258445
40,2.5713175703960153e-06,-1.0530566901778045,0.0693312558399355,-9.126845462751248e-07,9.000505434244218,-1.053056679212849,0.00855618876872519
50,3.385170177067125e-06,-0.7808461449102081,0.08468641487802767,-6.908710859141704e-07,11.251158912326305,-0.7808461571330928,0.010451160099068706
60,4.298295952433461e-06,-0.5842144248244385,0.10343658188524289,-5.816218522345291e-07,13.88341866050383,-0.5842144416240491,0.012765076007708823
70,5.363179140598678e-06,-0.43940961135503775,0.12635079100723476,-3.7732051108321833e-07,17.03647714053448,-0.43940961967100056,0.015592923189234092
80,6.630395211110305e-06,-0.33126570300223096,0.15433296871723196,-2.642883804785615e-07,20.852004025163126,-0.33126568743137547,0.019046221465361085
90,8.155392867752572e-06,-0.24984509958638154,0.18850153329419614,-2.324006474039385e-07,25.491866221581528,-0.24984509759754855,0.02326293979351058
100,1.0002351182960994e-05,-0.18830491571066926,0.23023148809106148,-2.2379866334367822e-07,31.147985273178598,-0.1883049203018268,0.028412809712686653
"{'distance': [0.25, 0.5, 0.75], 'solute_6': [8.0, -10.0, 8.0], 'solute_5': [6.0, -2.0, 6.0], 'solute_4': [15.0, -20.0, 15.0], 'solute_3': [8.0, -10.0, 8.0], 'solute_2': [8.0, -2.0, 8.0], 'solute_1': [15.0, -20.0, 15.0]}","{'solute_5e': '1.0 fM', 'solute_6e': '1.0 M', 'solute_6i': '1.0 fM', 'solute_5i': '1.0 mM', 'solute_4i': '1.0 fM', 'solute_3i': '1.0 M', 'solute_1e': '1.0 fM', 'solute_2i': '1.0 fM', 'solute_3e': '1.0 M', 'solute_1i': '1.0 M', 'solute_2e': '1.0 M', 'solute_4e': '1.0 mM'}"
voltage,largest element,smallest element,element difference,element ratio difference,condition number,transport error solute_6,transport error solute_5,transport error solute_4,transport error solute_3,transport error solute_2,transport error solute_1,current errors,smallest eigenvalue,second smallest eigenvalue,sum absolute errors,sum squared errors
-150,59546169289.100334,0.018095305095997372,59546169289.082237,3290697171072.9414,28493032271987520.0,1.1466527212178335e-06,5.5621109262516625e-06,8.405012100571804e-07,2.419325028313324e-06,1.5374826034530997e-06,8.319927653919134e-07,1.757326922868785e-13,0.02055637045401279,2.9484374472959114e-06,6.5833831556919246e-06,1.3551906896978189e-05
-140,50373010506.141029,0.016545232475500174,50373010506.124481,3044563476562.3452,2.386830745584177e+17,1.6396779756178148e-06,1.000822546511071e-06,8.95643638473137e-08,3.1011004466563463e-06,8.034985512495041e-07,7.671637021971307e-08,1.1032555077838957e-12,0.018205262512864452,2.9376781299350895e-07,6.0123378191425939e-06,1.1421124443360305e-05
-130,42721525108.985878,0.015160750102662447,42721525108.970718,2817903126144.356,1.1050794139215006e+17,9.014061106427107e-07,8.856234411807901e-07,1.7166206221427838e-07,2.87794136966113e-06,9.459049579163548e-07,1.6722832825222028e-07,1.0153592376604959e-12,0.016454706231569811,5.308684248655063e-07,5.3189853136555542e-06,1.0128285063023407e-05
-120,36332210786.711151,0.013928001612556251,36332210786.69722,2608573131838.0415,58657127913502424.0,7.7834965850343e-07,1.4176648184928767e-07,2.842135034821728e-07,1.2815198715543374e-06,6.619875421165489e-07,2.816861451431776e-07,7.317024590391963e-13,0.015037146530725725,8.3913653774344211e-07,3.5726477795860029e-06,6.5755113055486654e-06
-110,30991692876.874622,0.012834649243951529,30991692876.861786,2414689508673.5464,2.0345972159966806e+17,5.281737003315357e-07,3.3993144434485596e-06,7.137553491808318e-08,1.1239171726629138e-07,6.782661330362316e-07,7.478740421802644e-08,1.2817978015805531e-12,0.013833705060738109,2.0363742419791768e-07,5.8174621505677881e-06,9.5038349020009488e-06
-100,26524591759.537395,0.011869750358854854,26524591759.525524,2234637709945.6016,22446467938619908.0,2.388460416113958e-07,3.9016735075125125e-06,5.600763632067005e-07,6.199093149916735e-07,8.551091923436616e-08,5.549530601190464e-07,1.2331458553935248e-12,0.012790871569129504,1.5595949482869631e-06,5.4966402874935358e-06,9.6918792728889133e-06
-90,22786874123.198032,0.011023647924910474,22786874123.187008,2067090157306.8057,60975528445223744.0,7.322428814404702e-07,9.040917508702784e-07,1.7795187324604533e-07,2.4375867724302225e-07,5.996417371534335e-07,1.738410089286357e-07,8.600374102121777e-14,0.011882359574046051,4.8725084636160236e-07,1.6975486104157795e-06,3.8548722110670099e-06
-80,19660425167.504852,0.010287873864574618,19660425167.494564,1911028986776.7317,22773090453502768.0,6.168935442474321e-07,6.080185593511367e-07,4.1118781913797526e-07,2.2573667592951097e-06,7.87682978398152e-07,4.221160249773086e-07,9.419643884345241e-13,0.011093636084824825,1.1130349558513238e-06,4.3155843897042035e-06,8.5399236622531898e-06
-70,17048627436.775721,0.0096550643037492407,17048627436.766066,1765770470338.0818,29125922460160704.0,2.3153148731580586e-07,3.549376544734889e-06,2.7855716769215077e-07,1.514106315880781e-07,1.510258584858093e-07,2.726545960919039e-07,9.9246313749711e-13,0.010415165642355005,7.4826595169079173e-07,4.5283262598817011e-06,7.4015744311791971e-06
-60,14872772042.003664,0.0091188858716549689,14872772041.994545,1630985654534.1797,89795642443391248.0,5.354744985197613e-07,8.282176749193487e-07,7.842401359122787e-08,7.81179522846287e-07,4.4883280736485176e-07,5.4879909802121526e-08,1.727620732019583e-13,0.0098398475442282966,2.0959977097856293e-07,1.7145432950397844e-06,3.7975815469726645e-06
-50,13069161131.691322,0.0086739723143276059,13069161131.682648,1506710035274.5852,33337256320858092.0,1.7760463322247233e-07,3.435818373871691e-07,1.8498789869016315e-07,7.642189245871123e-07,3.0679051832294135e-07,2.0246695625050423e-07,3.380339899054091e-13,0.0093620539971226088,4.9275731614400357e-07,1.5343915425148547e-06,3.1843918788832613e-06
-40,11586787939.022608,0.0083158707873448087,11586787939.014292,1393334292381.6853,91740890532937488.0,8.971854370543042e-08,4.523572349236782e-07,5.9453134349355833e-08,6.922590287672392e-07,1.146270278695738e-08,4.0748781269606474e-08,3.3161815917522215e-13,0.0089772274156870394,1.5801672459411826e-07,1.2769838903133853e-06,2.3121579460977097e-06
-30,10385503664.146065,0.0080409972902624541,10385503664.138023,1291569103837.7515,1.075653056661989e+17,1.3213039018467043e-07,5.295384619269372e-07,4.541973217683467e-08,5.479542224406941e-07,1.0290079899277771e-07,6.206038508918196e-08,3.5572026654297467e-13,0.0086817191998638209,1.205439001485127e-07,1.4376219132330547e-06,2.6250477551550206e-06
-20,9434599763.5322304,0.0078466007967335702,9434599763.5243835,1202380496719.0024,29845861260433424.0,1.1743304817457556e-07,1.215234790432479e-06,1.4898363010179715e-07,4.805422886278166e-07,2.2711411062914522e-07,1.040412450437414e-07,1.2299703000751483e-13,0.0084727269106064269,3.9503415615655736e-07,1.350892503931885e-06,2.4304695933018461e-06
-10,8711750686.3297176,0.0077307357213119987,8711750686.3219872,1126898008208.1023,45260970662979656.0,8.775252346993057e-08,6.27086325755144e-07,9.119350019049665e-08,2.048775904484046e-08,8.395162076624274e-08,1.127946734494692e-07,1.84241129348202e-13,0.0083482713496971089,2.4165096009163937e-07,8.9890274591141199e-07,1.6385564740144175e-06
0,8202276379.2581902,0.0076922424473793265,8202276379.2504978,1066304973532.4746,1.181635231236352e+17,2.1174600828288703e-07,7.521256297458867e-07,3.3204223076372434e-08,2.2459456516799037e-07,1.4306013706999465e-07,5.3172786258250115e-08,8.982513122154673e-14,0.0083071869970799978,8.794918242276685e-08,8.3236054891337532e-07,1.5042512562005795e-06
10,7898696548.1678619,0.0077307357213119987,7898696548.1601315,1021726370284.8916,94304357168610592.0,4.101850881177427e-07,1.7926190098299655e-07,4.066114130907243e-08,5.039528137018578e-07,2.6450688395129873e-07,4.626328642658856e-08,3.483243203311135e-13,0.0083491182388648957,1.0767197827459356e-07,1.6172969773033808e-06,2.8896622185889111e-06
20,7800560222.6488066,0.0078466007967335702,7800560222.6409597,994132417937.72278,55193369662914712.0,1.0126301130952697e-08,2.4015341384964195e-07,7.003592273500568e-08,8.366055403996597e-09,6.506762506575114e-08,6.490617109229657e-08,3.556387895967453e-14,0.0084745225172539792,1.8542076742984114e-07,2.6957581685995811e-07,4.9703893191027195e-07
30,7914545082.3520126,0.0080409972902624541,7914545082.3439713,984274064106.00671,62644915521017512.0,8.986511623731985e-08,2.101488014646935e-07,6.425862462873372e-08,2.559481666608576e-07,1.2994619869033386e-07,5.5621813292369704e-08,7.0203551800270426e-15,0.0086846815017598538,1.7010581159189043e-07,3.781701894187454e-07,8.3978870868150842e-07
40,8254831706.5685711,0.0083158707873448087,8254831706.5602551,992659929147.87378,28199105328088184.0,6.619213310798955e-08,4.896391105624343e-07,1.5346761481378408e-07,3.0020003727315725e-07,1.015600454845611e-07,1.3047816631132914e-07,1.5979984711847928e-13,0.0089817163358280952,4.0621046865759671e-07,7.0673806096185e-07,1.5796782966005891e-06
50,8843768830.4108505,0.0086739723143276059,8843768830.4021759,1019575404431.8053,60837206674169944.0,1.531789785014226e-07,9.842336794602113e-07,7.871033385327662e-08,1.3867642678633274e-07,1.0773084857529369e-07,9.85822640551387e-08,1.849236363098475e-13,0.0093686126800361924,2.0832326461858619e-07,1.0976650470803873e-06,1.96846735578424e-06
60,9712857268.8609772,0.0091188858716549689,9712857268.8518581,1065136399946.873,25707722649436872.0,2.384236867936096e-07,4.1471690380434634e-07,2.1119887170292842e-07,2.2363195562036253e-07,3.109999686667919e-07,1.9904289708452816e-07,2.4684868915375493e-13,0.0098492513635023461,5.5896727620255252e-07,1.3356712349566793e-06,2.748764654209216e-06
70,10904092867.646988,0.0096550643037492407,10904092867.637333,1129365121205.1199,53143578199460720.0,3.0115153715204457e-07,1.3676916697236141e-06,1.1813619805331612e-07,1.0147445337338468e-06,2.5911268253242525e-07,1.1339691514088146e-07,9.083446775171445e-13,0.010428448654102591,3.1263870516600749e-07,3.6277668300343209e-06,6.34846707654055e-06
80,12471723166.062542,0.010287873864574618,12471723166.052254,1212274113216.708,32747241559647988.0,1.699650998276958e-07,2.3387178479383763e-06,2.2494643805982515e-07,1.4551193032730225e-06,2.626589073462249e-07,2.228431499017025e-07,1.0636324432295547e-13,0.011112005884980646,5.9527631093769975e-07,2.7901830242503628e-06,4.6774356896247093e-06
90,14484488985.59165,0.011023647924910474,14484488985.580626,1313946987807.9658,2.7139574553550176e+17,1.1930791229963766e-07,1.090963447691884e-06,3.222691597789988e-08,7.203347536233196e-07,1.0528734059600531e-07,4.065371848535615e-08,6.345083065597201e-13,0.011906767366801081,8.5281454850192169e-08,2.4867695224241058e-06,4.2175481768606796e-06
100,17028441552.141878,0.011869750358854854,17028441552.130009,1434608229939.6155,23950490897860692.0,4.13935525578335e-07,2.4264869543655365e-06,4.369595208071534e-07,1.1271906430465606e-06,4.5245100335766786e-07,4.3039664232233377e-07,7.919031776897414e-13,0.012820689464103448,1.1563289065785772e-06,3.3500433105296763e-06,7.1073551989469983e-06
"{'distance': [0.25, 0.5, 0.75], 'solute_6': [8.0, -10.0, 8.0], 'solute_5': [6.0, -2.0, 6.0], 'solute_4': [15.0, -20.0, 15.0], 'solute_3': [8.0, -10.0, 8.0], 'solute_2': [8.0, -2.0, 8.0], 'solute_1': [15.0, -20.0, 15.0]}","{'solute_5e': '1.0 fM', 'solute_6e': '1.0 M', 'solute_6i': '1.0 fM', 'solute_5i': '1.0 mM', 'solute_4i': '1.0 fM', 'solute_3i': '1.0 M', 'solute_1e': '1.0 fM', 'solute_2i': '1.0 fM', 'solute_3e': '1.0 M', 'solute_1i': '1.0 M', 'solute_2e': '1.0 M', 'solute_4e': '1.0 mM'}"
voltage,"current, barrier 0","current, barrier 1",solute_6 transport over barrier 0,solute_6 transport over barrier 1,solute_5 transport over barrier 0,solute_5 transport over barrier 1,solute_4 transport over barrier 0,solute_4 transport over barrier 1,solute_3 transport over barrier 0,solute_3 transport over barrier 1,solute_2 transport over barrier 0,solute_2 transport over barrier 1,solute_1 transport over barrier 0,solute_1 transport over barrier 1
-150,-0.009347831021528663,-0.009347831021704396,-5124.661183222127,-5124.661182075474,0.0010919267432663827,0.001086364632340131,-0.004673125974011719,-0.0046722854728016615,-24050.84027095508,-24050.840268535754,-5124.6611832406625,-5124.66118170318,0.00013475073291309975,0.00013558272567849167
-140,-0.005791336771164727,-0.005791336770061471,-3419.544325315417,-3419.544323675739,0.0014808359844535948,0.0014798351619070838,-0.00311822593478704,-0.0031181363704231926,-14655.789022516123,-14655.789019415022,-3419.544325267484,-3419.5443244639855,0.00018274895439026668,0.0001828256707604864
-130,-0.0034911973219472316,-0.003491197322962591,-2214.6724164443935,-2214.6724173457997,0.0019522851236061362,0.001953170747047317,-0.0020195079677796882,-0.0020196796298419025,-8681.699934147127,-8681.699937025069,-2214.672416441317,-2214.672417387222,0.00024093264962210314,0.00024076542129385092
-120,-0.0020604433643432616,-0.002060443365074964,-1400.5961047891522,-1400.5961055675018,0.0025175666616663417,0.002517708428148191,-0.001277154690238689,-0.0012774389037421713,-5030.253039769274,-5030.253041050794,-1400.5961047988303,-1400.5961054608179,0.0003106948551645552,0.000310413169019412
-110,-0.0011972100530778722,-0.0011972100517960744,-869.7754706547091,-869.7754701265354,0.003193453448330479,0.0031968527627739274,-0.0007931396854681871,-0.000793068309933269,-2866.838372881719,-2866.8383729941106,-869.7754706696809,-869.7754699914148,0.00039410764796057467,0.0003941824353647927
-100,-0.0006878898535917868,-0.0006878898523586409,-532.7965591636207,-532.7965589247747,0.0040024241216481005,0.004006325795155613,-0.0004857808108457846,-0.0004863408872089913,-1614.1797717138666,-1614.1797710939572,-532.7965591453427,-532.7965590598318,0.000493957020143382,0.000493402067083263
-90,-0.00039231042087361525,-0.000392310420959619,-323.2552204314654,-323.25522116370826,0.00497516159069698,0.00497606568244785,-0.00029474536321479067,-0.0002949233150880367,-901.1897371746018,-901.1897374183604,-323.255220450275,-323.2552210499167,0.0006139913092045212,0.0006138174681955925
-80,-0.0002226339119053298,-0.0002226339128472942,-194.86851242008458,-194.86851303697813,0.0061489191370438685,0.006148311118484517,-0.00017776615421867157,-0.0001773549663995336,-500.00070315602574,-500.0007054133925,-194.8685123913951,-194.86851317907806,0.0007588174352067549,0.0007592395512317322
-70,-0.0001259282012897176,-0.00012592820228218073,-117.05769889882178,-117.0576986672903,0.007569132247646788,0.007565582871102053,-0.00010679790760910204,-0.00010651935044140989,-275.9850870170532,-275.98508716846385,-117.05769888289646,-117.0576987318706,0.0009340643887542543,0.0009343370433503462
-60,-7.107397807513419e-05,-7.107397824789626e-05,-70.29475092221689,-70.29475145769139,0.009291834767785995,0.009292662985460914,-6.40823625366125e-05,-6.416078655020372e-05,-151.54455094350337,-151.5445517246829,-70.2947509422723,-70.29475139110511,0.0011467165740439102,0.001146661694134108
-50,-4.003278883341391e-05,-4.003278849537992e-05,-42.358473894792496,-42.35847371718786,0.011387298546968901,0.011387642128806288,-3.857617748110158e-05,-3.876116537979174e-05,-82.60058168336985,-82.60058091915093,-42.358473929535926,-42.35847362274541,0.0014053334718542843,0.0014051310048980338
-40,-2.246213300543878e-05,-2.2462132673820622e-05,-25.727101652695325,-25.72710174241387,0.013939680009576749,0.013940132366811672,-2.3441648059614705e-05,-2.350110119396406e-05,-44.39507907660826,-44.39507838434923,-25.727101684064095,-25.727101672601393,0.0017203094017281368,0.0017202686529468672
-30,-1.2476745087879689e-05,-1.2476744732159422e-05,-15.83123133270014,-15.83123120056975,0.01705055828043453,0.017051087818896457,-1.4420120106442804e-05,-1.4465539838619639e-05,-23.129068215922715,-23.129067667968492,-15.831231322342818,-15.831231219442019,0.0021042355493816364,0.0021041734889965472
-20,-6.745954700421648e-06,-6.745954577424618e-06,-9.926430027672971,-9.92643014510602,0.020844652000839983,0.020845867235630415,-8.991943598343205e-06,-9.140927228445002e-06,-11.151772614912923,-11.151773095455212,-9.926429983656607,-9.926430210770718,0.0025725131702445912,0.0025724091289995475
-10,-3.3876833515895362e-06,-3.387683167348407e-06,-6.376477641895783,-6.37647755414326,0.025475815329844678,0.025476442416170433,-5.773542715928361e-06,-5.864736216118857e-06,-4.225433185616733,-4.225433165128974,-6.376477640184746,-6.376477556233125,0.003144041701706268,0.0031439289070328185
0,-1.3386549239297015e-06,-1.3386550137548327e-06,-4.213044591209992,-4.213044379463984,0.031130798112229182,0.031130045986599436,-3.8584013977920555e-06,-3.825197174715683e-06,-1.1229728258399518e-07,1.1229728258399518e-07,-4.2130445568670565,-4.213044413806919,0.003841772699864578,0.0038418258726508362
10,3.190824031997135e-09,3.1904757076768037e-09,-2.8671356532797785,-2.8671360634648666,0.038032460496920766,0.03803228123501978,-2.592132622819165e-06,-2.6327937641282372e-06,2.8343698124513974,2.8343693084985837,-2.867135733378608,-2.867135997885492,0.004693592951547,0.004693546688260573
20,9.815534711834414e-07,9.815534356195625e-07,-2.0071953716431326,-2.0071953615168314,0.0464630122182684,0.04646277206485455,-1.8722548979195585e-06,-1.8022189751845528e-06,5.018524576955652,5.018524568589597,-2.007195404535825,-2.0071953394682,0.005733926002562078,0.00573399090873317
30,1.7968433311127058e-06,1.7968433240923507e-06,-1.4398649616280155,-1.4398650514931317,0.05675579136259944,0.05675558121379798,-1.271497958026336e-06,-1.3357565826550697e-06,6.98423088622809,6.984231142176257,-1.4398651035505772,-1.4398649736043785,0.007004243908339137,0.0070041882865258445
40,2.5713177301958624e-06,2.5713175703960153e-06,-1.0530567563699376,-1.0530566901778045,0.06933174547904607,0.0693312558399355,-1.0661521610889089e-06,-9.126845462751248e-07,9.000505734444255,9.000505434244218,-1.0530567807728946,-1.053056679212849,0.008556058290558879,0.00855618876872519
50,3.3851703619907615e-06,3.385170177067125e-06,-0.7808462980891866,-0.7808461449102081,0.08468739911170713,0.08468641487802767,-7.695814197674471e-07,-6.908710859141704e-07,11.251158773649879,11.251158912326305,-0.7808462648639414,-0.7808461571330928,0.01045106151680465,0.010451160099068706
60,4.29829619928215e-06,4.298295952433461e-06,-0.5842141864007517,-0.5842144248244385,0.1034369966021467,0.10343658188524289,-3.7042298053160065e-07,-5.816218522345291e-07,13.883418436871874,13.88341866050383,-0.5842141306240805,-0.5842144416240491,0.012765275050605908,0.012765076007708823
70,5.363178232254e-06,5.363179140598678e-06,-0.4394099125065749,-0.43940961135503775,0.12634942331556503,0.12635079100723476,-4.954567091365344e-07,-3.7732051108321833e-07,17.036476125789946,17.03647714053448,-0.4394098787836831,-0.43940961967100056,0.015592809792318951,0.015592923189234092
80,6.630395317473549e-06,6.630395211110305e-06,-0.3312658729673308,-0.33126570300223096,0.1543353074350799,0.15433296871723196,-4.892348185383866e-07,-2.642883804785615e-07,20.852002570043823,20.852004025163126,-0.3312659500902828,-0.33126568743137547,0.019045998622211183,0.019046221465361085
90,8.155393502260879e-06,8.155392867752572e-06,-0.24984498027846924,-0.24984509958638154,0.18850262425764383,0.18850153329419614,-2.0017373142603863e-07,-2.324006474039385e-07,25.49186694191628,25.491866221581528,-0.24984499231020796,-0.24984509759754855,0.023262980447229065,0.02326293979351058
100,1.0002350391057816e-05,1.0002351182960994e-05,-0.18830450177514368,-0.18830491571066926,0.2302290616041071,0.23023148809106148,2.1316085746347517e-07,-2.2379866334367822e-07,31.147984145987955,31.147985273178598,-0.18830446785082344,-0.1883049203018268,0.028413240109328976,0.028412809712686653
"{'distance': [0.25, 0.5, 0.75], 'solute_6': [8.0, -10.0, 8.0], 'solute_5': [6.0, -2.0, 6.0], 'solute_4': [15.0, -20.0, 15.0], 'solute_3': [8.0, -10.0, 8.0], 'solute_2': [8.0, -2.0, 8.0], 'solute_1': [15.0, -20.0, 15.0]}","{'solute_5e': '1.0 fM', 'solute_6e': '1.0 M', 'solute_6i': '1.0 fM', 'solute_5i': '1.0 mM', 'solute_4i': '1.0 fM', 'solute_3i': '1.0 M', 'solute_1e': '1.0 fM', 'solute_2i': '1.0 fM', 'solute_3e': '1.0 M', 'solute_1i': '1.0 M', 'solute_2e': '1.0 M', 'solute_4e': '1.0 mM'}"
voltage,current,solute_6,solute_5,solute_4,solute_3,solute_2,solute_1
-150,-0.009347296431355337,-5124.368106430683,0.0010926188980971419,-0.004672818864920609,-24049.464837678832,-5124.368110953053,0.00013474507520021273
-140,-0.0057912984218697105,-3419.5216812247822,0.0014807219147847106,-0.0031182001519263797,-14655.691973926085,-3419.521682469955,0.0001827480203340781
-130,-0.0034912480648376415,-2214.7046034330483,0.0019508108021312198,-0.0020195491886839424,-8681.82611818347,-2214.7046055264,0.00024093521911548732
-120,-0.0020604989890383907,-1400.6339145593276,0.002517056017059427,-0.0012772128079462566,-5030.388839039743,-1400.6339157396283,0.0003107009355492116
-110,-0.0011972008459166256,-869.7687800686012,0.003192676626719071,-0.0007931264658506455,-2866.816325597339,-869.7687813631476,0.0003941054824757109
-100,-0.0006879355058893772,-532.8319199244904,0.004004231771789296,-0.00048587981749300253,-1614.286898523254,-532.8319189742447,0.0004939798306591858
-90,-0.00039231960729310173,-323.2627902214038,0.004973972516310127,-0.00029477750846143336,-901.2108381317032,-323.2627897978472,0.0006140010693917522
-80,-0.0002226202746924878,-194.8565752338436,0.006148533821423524,-0.00017768619732126917,-499.97007642765556,-194.85657611126544,0.0007587874903413963
-70,-0.000125922494249838,-117.05239393659589,0.007568439199494098,-0.0001067379670634354,-275.9725791140511,-117.05239380316189,0.0009340378151786021
-60,-7.107486944012736e-05,-70.29563242397502,0.009291438874396915,-6.410131942775997e-05,-151.5464510488292,-70.29563251485253,0.0011467263848390016
-50,-4.003432493395129e-05,-42.36009995636165,0.011388711215513658,-3.862741096517596e-05,-82.60375164740924,-42.36009941592977,0.0014053631632452695
-40,-2.2462382560556058e-05,-25.727387970499574,0.013940002132742449,-2.346034095844881e-05,-44.395572049833035,-25.727387842301674,0.0017203217368831607
-30,-1.2476900325709834e-05,-15.831428819807439,0.017051329143984974,-1.443639418336601e-05,-23.12935627179772,-15.831428297760018,0.0021042473816411302
-20,-6.746167032111691e-06,-9.926742484707919,0.02084550599951259,-9.052017499601656e-06,-11.152123682132205,-9.926742553605868,0.0025725617737042735
-10,-3.387771941006007e-06,-6.376644274294709,0.025476526547472497,-5.814747141386312e-06,-4.225543692760869,-6.376644441250973,0.0031440786569147663
0,-1.3386399252110587e-06,-4.212997254752789,0.031130142167733885,-3.841756117126514e-06,2.2065059113174357e-08,-4.212997208770693,0.003841756162752757
10,3.1906630033979127e-09,-2.8671679667424,0.03803280095568234,-2.6145187071250076e-06,2.8344011853501296,-2.8671678789287247,0.004693617707324788
20,9.815370056191429e-07,-2.007161708841724,0.04646201682534649,-1.8302945800427336e-06,5.018440540476497,-2.0071617244185624,0.005733874785024939
30,1.7968686422917612e-06,-1.4398852377944225,0.056756376528305355,-1.3130054718848127e-06,6.984329501939179,-1.4398853021624602,0.007004299860638887
40,2.57123741819982e-06,-1.0530236891921994,0.06932910702502672,-9.602334770961538e-07,9.000224841134514,-1.0530238971043817,0.008555900011293811
50,3.38511150933705e-06,-0.7808324515444682,0.0846849759919252,-7.12027175627238e-07,11.2509638629409,-0.7808326826058749,0.01045096723037384
60,4.298456835499994e-06,-0.5842363708138396,0.10344041039308373,-5.327544758384236e-07,13.883938305273936,-0.5842362156453705,0.012765570219453307
70,5.3630763237406474e-06,-0.4394012063930607,0.12634828870150913,-4.0068206493122525e-07,17.036150669565018,-0.4394012472082242,0.015592617878419195
80,6.6301757334295054e-06,-0.3312549555227661,0.15432794642761533,-3.020652638300018e-07,20.851313865125466,-0.3312547772347458,0.019045582354890282
90,8.15542989849639e-06,-0.2498461044795584,0.18850241193045628,-2.2783026707253989e-07,25.491981872064425,-0.24984621542690608,0.02326304635410577
100,1.0002867198527174e-05,-0.1883145601610588,0.23024330142062546,-1.7172066424619217e-07,31.149592143235914,-0.1883145706756365,0.028414283173872422
"{'distance': [0.25, 0.5, 0.75], 'solute_6': [8.0, -10.0, 8.0], 'solute_5': [6.0, -2.0, 6.0], 'solute_4': [15.0, -20.0, 15.0], 'solute_3': [8.0, -10.0, 8.0], 'solute_2': [8.0, -2.0, 8.0], 'solute_1': [15.0, -20.0, 15.0]}","{'solute_5e': '1.0 fM', 'solute_6e': '1.0 M', 'solute_6i': '1.0 fM', 'solute_5i': '1.0 mM', 'solute_4i': '1.0 fM', 'solute_3i': '1.0 M', 'solute_1e': '1.0 fM', 'solute_2i': '1.0 fM', 'solute_3e': '1.0 M', 'solute_1i': '1.0 M', 'solute_2e': '1.0 M', 'solute_4e': '1.0 mM'}"
voltage,largest element,smallest element,element difference,element ratio difference,condition number,transport error solute_6,transport error solute_5,transport error solute_4,transport error solute_3,transport error solute_2,transport error solute_1,current errors,smallest eigenvalue,second smallest eigenvalue,sum absolute errors,sum squared errors
-150,59546169289.100334,0.018095305095997372,59546169289.082237,3290697171072.9414,28493032271987520.0,4.0028689909377135e-06,7.702575214351467e-07,3.429678416266846e-13,4.028472176287323e-06,7.446560630341992e-07,8.5962303627337e-12,5.219696203040414e-13,437149.43365935696,6.3874176703393459e-06,5.7792201456625477e-06,9.5462773333698445e-06
-140,50373010506.141029,0.016545232475500174,50373010506.124481,3044563476562.3452,2.386830745584177e+17,4.151961547904648e-07,1.0094851290412717e-07,3.8406951230474107e-13,5.914589564781636e-07,9.056957424036227e-07,6.5895192134877295e-12,7.85803713765354e-14,399674.6117327566,2.3079337552189827e-07,1.1630499345384311e-06,2.0133131613474763e-06
-130,42721525108.985878,0.015160750102662447,42721525108.970718,2817903126144.356,1.1050794139215006e+17,2.1883929548494052e-06,1.5158721865149612e-06,8.035195772637671e-14,6.120644684415311e-07,6.043956091161817e-08,1.4925191589359663e-11,3.408970154772373e-13,366217.76224994502,2.5290646590292454e-06,2.7322532844289871e-06,4.3767846311022242e-06
-120,36332210786.711151,0.013928001612556251,36332210786.69722,2608573131838.0415,58657127913502424.0,1.3706389836443122e-06,5.845382257665607e-07,2.512092096840224e-13,8.693596100783907e-07,8.326401257363614e-08,7.9575108980455e-12,2.3291611694897796e-13,336434.5403877924,1.7202692106366158e-06,1.7271527818504538e-06,2.9078115418930579e-06
-110,30991692876.874622,0.012834649243951529,30991692876.861786,2414689508673.5464,2.0345972159966806e+17,1.4921808997314656e-06,8.032316804137442e-07,1.3464891094466802e-13,7.431021913362201e-07,5.4194742915569805e-08,4.207510614874163e-11,2.477295712316474e-13,310022.09667959792,1.6606063582003117e-06,1.8511949947307965e-06,3.0927519514484855e-06
-100,26524591759.537395,0.011869750358854854,26524591759.525524,2234637709945.6016,22446467938619908.0,1.3038528550168849e-06,1.4988015609798677e-06,1.0140011660192405e-13,3.004493009939324e-08,2.2500535123981535e-07,1.0864540820818003e-11,2.4492278864751693e-13,286713.96596359252,-1.3771932572126389e-06,1.9994921294225464e-06,3.0577163454162479e-06
-90,22786874123.198032,0.011023647924910474,22786874123.187008,2067090157306.8057,60975528445223744.0,3.254181137890555e-07,1.3659505984833092e-06,2.0784274908786093e-13,1.5232104715323658e-06,1.681519847807067e-07,6.784815331090099e-12,2.5194202193240534e-14,266275.98011676088,-2.5861663743853569e-07,2.0785003070152593e-06,3.382738445469719e-06
-80,19660425167.504852,0.010287873864574618,19660425167.494564,1911028986776.7317,22773090453502768.0,8.167169482931058e-07,1.5763949982178227e-08,1.4882797143116189e-13,5.946329224570945e-07,2.3785327130099176e-07,4.990396984538847e-12,9.273403442713879e-14,248503.222587759,1.0453804861754179e-06,1.0379969040301923e-06,1.6649724586562879e-06
-70,17048627436.775721,0.0096550643037492407,17048627436.766066,1765770470338.0818,29125922460160704.0,1.6004086944576557e-07,1.5547218300965282e-07,1.5550886587559903e-13,3.090787004111917e-07,6.297540267041768e-09,1.3700375426153877e-10,2.4629712332135956e-14,233217.66906542087,-2.6007182896137238e-07,3.8125329538412663e-07,6.3102666556782636e-07
-60,14872772042.003664,0.0091188858716549689,14872772041.994545,1630985654534.1797,89795642443391248.0,1.7664893903202028e-07,6.340357171612243e-07,2.0910528896519315e-13,3.989920287494897e-07,5.83996637715245e-08,5.177756010402157e-12,3.7654842893926344e-14,220266.27667738823,-2.3448956198990345e-07,7.7188813399346654e-07,1.2680817355927021e-06
-50,13069161131.691322,0.0086739723143276059,13069161131.682648,1506710035274.5852,33337256320858092.0,7.855199086748144e-07,1.0612157516302206e-06,3.8238612580163145e-13,2.2930358056783007e-07,4.627425198577839e-08,1.1767998966787097e-10,1.3325346143351624e-13,209519.39944426867,-7.1985414251685143e-07,1.3408735423413794e-06,2.1224315765275241e-06
-40,11586787939.022608,0.0083158707873448087,11586787939.014292,1393334292381.6853,91740890532937488.0,4.1429495567513186e-07,1.0957617907654538e-07,1.5652016561638026e-13,5.33145822601e-07,2.284940237018418e-07,6.714828020872032e-11,1.0297482200163736e-13,200869.4693303387,-3.4749973565340042e-07,7.211804475358596e-07,1.2855783036147721e-06
-30,10385503664.146065,0.0080409972902624541,10385503664.138023,1291569103837.7515,1.075653056661989e+17,5.915275043122392e-07,5.672559730690585e-07,1.57819343056813e-13,1.9274494533760844e-07,2.1702561348035943e-07,9.00533597344988e-12,5.99952182931459e-14,194229.91103962486,-8.5274223238229752e-07,8.6944514390382519e-07,1.5685632135780085e-06
-20,9434599763.5322304,0.0078466007967335702,9434599763.5243835,1202380496719.0024,29845861260433424.0,9.848234583387239e-08,2.593209134822694e-07,4.456365696381068e-15,1.7761012571781976e-07,1.6599278396256523e-08,1.7228476588068697e-10,1.311766891127792e-14,189534.27207576297,1.543958205729723e-07,3.2979847227335698e-07,5.5218496508565956e-07
-10,8711750686.3297176,0.0077307357213119987,8711750686.3219872,1126898008208.1023,45260970662979656.0,2.929278242191913e-07,3.457410335909461e-07,1.455624002274147e-13,6.359720927662238e-08,1.0720667908969972e-08,6.31884215090972e-11,4.520956363180534e-14,186735.55627311167,2.6420457288622856e-07,4.5771510273898094e-07,7.1305007697671428e-07
0,8202276379.2581902,0.0076922424473793265,8202276379.2504978,1066304973532.4746,1.181635231236352e+17,1.3767156570310135e-07,1.392327745285138e-07,7.527858697319425e-14,4.4130118226348714e-08,4.5707372997583207e-08,1.596622313526641e-11,2.937729261446426e-14,185805.75288549392,-1.1012889444828033e-07,2.0585396939871882e-07,3.6675787118438106e-07
10,7898696548.1678619,0.0077307357213119987,7898696548.1601315,1021726370284.8916,94304357168610592.0,1.531342093130661e-07,5.743901922844463e-08,1.9775426650760815e-14,5.366710720267065e-08,4.193533120755433e-08,9.277576710348123e-11,1.7814064739609103e-14,186735.55602067002,-1.863518264144659e-07,1.7716677523212339e-07,3.0626847625322508e-07
20,7800560222.6488066,0.0078466007967335702,7800560222.6409597,994132417937.72278,55193369662914712.0,1.4638238221564848e-07,1.6760558631950806e-07,9.410651875750814e-14,8.627522696258438e-08,1.0756763080266296e-07,6.930258884124685e-11,4.068281013278215e-14,189534.27141343875,1.2302189134061337e-07,2.6178932227789504e-07,5.0790023188362004e-07
30,7914545082.3520126,0.0080409972902624541,7914545082.3439713,984274064106.00671,62644915521017512.0,2.018014118032596e-07,2.2937035606962475e-07,7.300895160311451e-14,7.420361214371951e-09,2.0147162604899904e-08,1.4918170865296787e-12,3.555615020754731e-14,194229.90952482549,2.3542088456451893e-07,3.0626057545922914e-07,4.5874085807077101e-07
40,8254831706.5685711,0.0083158707873448087,8254831706.5602551,992659929147.87378,28199105328088184.0,6.094047413363057e-07,4.1330840930275947e-07,2.1475445916339193e-14,1.3444147839436482e-07,6.12245127928901e-08,4.303555133783332e-10,8.781847353532633e-14,200869.46586663675,6.0067395679652691e-07,7.5101339382012533e-07,1.2188095252370903e-06
50,8843768830.4108505,0.0086739723143276059,8843768830.4021759,1019575404431.8053,60837206674169944.0,7.361096678870638e-07,7.390845775667731e-07,1.322825120130016e-13,1.2549983452458946e-07,1.230417614461743e-07,5.167050710908061e-10,9.821349988028928e-14,209519.39134322721,5.9872400015592575e-07,1.0578247520703862e-06,1.7242526785700369e-06
60,9712857268.8609772,0.0091188858716549689,9712857268.8518581,1065136399946.873,25707722649436872.0,5.997341623320551e-07,9.230186627656733e-07,3.3399420094171834e-14,1.452573474836072e-06,7.061176654499235e-08,4.324450016829351e-10,8.476540511035335e-14,220266.25731223603,-6.9002271629869938e-07,1.8238970434679465e-06,3.0463705498897772e-06
70,10904092867.646988,0.0096550643037492407,10904092867.637333,1129365121205.1199,53143578199460720.0,2.320369861807947e-07,5.504147940205151e-08,6.405393738441662e-14,2.01547077693931e-07,2.5708172979310717e-08,1.156664977339239e-09,4.129078348902521e-14,233217.62201853038,2.1664891391992569e-07,3.1329570225895338e-07,5.1549044204169714e-07
80,12471723166.062542,0.010287873864574618,12471723166.052254,1212274113216.708,32747241559647988.0,1.119939735116926e-06,1.4823592794921403e-07,9.195847708458912e-14,1.3266418825708115e-06,5.8585369167030166e-08,1.1923869183694258e-10,1.8879973657999786e-13,248503.10707241378,-1.1861266102641821e-06,1.7434591605607898e-06,2.6535222475359639e-06
90,14484488985.59165,0.011023647924910474,14484488985.580626,1313946987807.9658,2.7139574553550176e+17,7.869795188297779e-07,2.0826231200699041e-07,5.953417765115045e-14,5.814633645684353e-07,4.8398307861408085e-09,2.0936204263299896e-09,1.2684945358920705e-13,266275.69474572496,8.9756213128566742e-07,1.0004186150319709e-06,1.5836387124246121e-06
100,17028441552.141878,0.011869750358854854,17028441552.130009,1434608229939.6155,23950490897860692.0,1.7242277511320125e-07,1.1285344099221106e-06,4.8227210885929593e-14,8.747704214329133e-07,8.4215392992526e-08,2.8742298541217792e-09,4.111344274195742e-14,286713.25906951871,6.5367203205823898e-08,1.4407093085168681e-06,2.2628172799602883e-06
"{'distance': [0.25, 0.5, 0.75], 'solute_6': [8.0, -10.0, 8.0], 'solute_5': [6.0, -2.0, 6.0], 'solute_4': [15.0, -20.0, 15.0], 'solute_3': [8.0, -10.0, 8.0], 'solute_2': [8.0, -2.0, 8.0], 'solute_1': [15.0, -20.0, 15.0]}","{'solute_5e': '1.0 fM', 'solute_6e': '1.0 M', 'solute_6i': '1.0 fM', 'solute_5i': '1.0 mM', 'solute_4i': '1.0 fM', 'solute_3i': '1.0 M', 'solute_1e': '1.0 fM', 'solute_2i': '1.0 fM', 'solute_3e': '1.0 M', 'solute_1i': '1.0 M', 'solute_2e': '1.0 M', 'solute_4e': '1.0 mM'}"
voltage,"current, barrier 0","current, barrier 1",solute_6 transport over barrier 0,solute_6 transport over barrier 1,solute_5 transport over barrier 0,solute_5 transport over barrier 1,solute_4 transport over barrier 0,solute_4 transport over barrier 1,solute_3 transport over barrier 0,solute_3 transport over barrier 1,solute_2 transport over barrier 0,solute_2 transport over barrier 1,solute_1 transport over barrier 0,solute_1 transport over barrier 1
-150,-0.009347296430833367,-0.009347296431355337,-5124.368110433552,-5124.368106430683,0.0010918486405757067,0.0010926188980971419,-0.004672818864577641,-0.004672818864920609,-24049.46483365036,-24049.464837678832,-5124.3681102083965,-5124.368110953053,0.0001347450837964431,0.00013474507520021273
-140,-0.005791298421948291,-0.0057912984218697105,-3419.5216816399784,-3419.5216812247822,0.0014808228632976147,0.0014807219147847106,-0.003118200152310449,-0.0031182001519263797,-14655.691974517544,-14655.691973926085,-3419.5216815642593,-3419.521682469955,0.00018274802692359732,0.0001827480203340781
-130,-0.0034912480644967445,-0.0034912480648376415,-2214.7046056214413,-2214.7046034330483,0.0019523266743177348,0.0019508108021312198,-0.0020195491887642944,-0.0020195491886839424,-8681.826117571405,-8681.82611818347,-2214.7046054659604,-2214.7046055264,0.0002409352340406789,0.00024093521911548732
-120,-0.0020604989888054746,-0.0020604989890383907,-1400.6339159299666,-1400.6339145593276,0.0025176405552851935,0.002517056017059427,-0.0012772128081974658,-0.0012772128079462566,-5030.388838170384,-5030.388839039743,-1400.6339158228923,-1400.6339157396283,0.0003107009435067225,0.0003107009355492116
-110,-0.001197200845668896,-0.0011972008459166256,-869.7687815607821,-869.7687800686012,0.0031934798583994847,0.003192676626719071,-0.0007931264659852944,-0.0007931264658506455,-2866.816324854237,-2866.816325597339,-869.7687814173423,-869.7687813631476,0.00039410552455081707,0.0003941054824757109
-100,-0.0006879355061343,-0.0006879355058893772,-532.8319186206376,-532.8319199244904,0.004002732970228316,0.004004231771789296,-0.0004858798173916024,-0.00048587981749300253,-1614.286898553299,-1614.286898523254,-532.8319187492393,-532.8319189742447,0.000493979819794645,0.0004939798306591858
-90,-0.00039231960731829594,-0.00039231960729310173,-323.2627898959857,-323.2627902214038,0.00497533846690861,0.004973972516310127,-0.0002947775082535906,-0.00029477750846143336,-901.2108396549137,-901.2108381317032,-323.26278996599916,-323.2627897978472,0.0006140010626069369,0.0006140010693917522
-80,-0.00022262027459975378,-0.0002226202746924878,-194.85657605056056,-194.8565752338436,0.006148518057473542,0.006148533821423524,-0.00017768619747009714,-0.00017768619732126917,-499.97007583302263,-499.97007642765556,-194.85657587341217,-194.85657611126544,0.0007587874853509993,0.0007587874903413963
-70,-0.0001259224942744677,-0.000125922494249838,-117.05239377655502,-117.05239393659589,0.007568594671677108,0.007568439199494098,-0.00010673796690792653,-0.0001067379670634354,-275.9725794231298,-275.9725791140511,-117.05239380945943,-117.05239380316189,0.0009340376781748479,0.0009340378151786021
-60,-7.107486940247252e-05,-7.107486944012736e-05,-70.29563260062396,-70.29563242397502,0.009292072910114076,0.009291438874396915,-6.410131963686526e-05,-6.410131942775997e-05,-151.54645144782123,-151.5464510488292,-70.29563257325219,-70.29563251485253,0.0011467263900167576,0.0011467263848390016
-50,-4.003432506720475e-05,-4.003432493395129e-05,-42.36009917084174,-42.36009995636165,0.011387649999762028,0.011388711215513658,-3.8627410582789835e-05,-3.862741096517596e-05,-82.60375141810566,-82.60375164740924,-42.360099369655515,-42.36009941592977,0.0014053632809252592,0.0014053631632452695
-40,-2.246238266353088e-05,-2.2462382560556058e-05,-25.72738755620462,-25.727387970499574,0.013939892556563372,0.013940002132742449,-2.3460340801928645e-05,-2.346034095844881e-05,-44.39557258297886,-44.395572049833035,-25.72738761380765,-25.727387842301674,0.0017203216697348805,0.0017203217368831607
-30,-1.2476900385705052e-05,-1.2476900325709834e-05,-15.831428228279934,-15.831428819807439,0.017050761888011905,0.017051329143984974,-1.4436394025546668e-05,-1.443639418336601e-05,-23.129356079052776,-23.12935627179772,-15.831428514785632,-15.831428297760018,0.002104247390646466,0.0021042473816411302
-20,-6.746167018994022e-06,-6.746167032111691e-06,-9.926742583190265,-9.926742484707919,0.020845765320426073,0.02084550599951259,-9.052017504058022e-06,-9.052017499601656e-06,-11.15212385974233,-11.152123682132205,-9.92674253700659,-9.926742553605868,0.0025725619459890394,0.0025725617737042735
-10,-3.3877718957964433e-06,-3.387771941006007e-06,-6.376644567222534,-6.376644274294709,0.025476872288506088,0.025476526547472497,-5.814746995823911e-06,-5.814747141386312e-06,-4.225543756358078,-4.225543692760869,-6.376644430530305,-6.376644441250973,0.003144078720103188,0.0031440786569147663
0,-1.3386399545883513e-06,-1.3386399252110587e-06,-4.2129971170812235,-4.212997254752789,0.031130002934959357,0.031130142167733885,-3.841756192405101e-06,-3.841756117126514e-06,-2.2065059113174357e-08,2.2065059113174357e-08,-4.21299716306332,-4.212997208770693,0.003841756146786534,0.003841756162752757
10,3.190645189333173e-09,3.1906630033979127e-09,-2.867167813608191,-2.8671679667424,0.03803274351666311,0.03803280095568234,-2.614518687349581e-06,-2.6145187071250076e-06,2.8344011316830224,2.8344011853501296,-2.867167920864056,-2.8671678789287247,0.004693617614549021,0.004693617707324788
20,9.81537046301953e-07,9.815370056191429e-07,-2.007161855224106,-2.007161708841724,0.04646218443093281,0.04646201682534649,-1.8302946741492523e-06,-1.8302945800427336e-06,5.018440626751724,5.018440540476497,-2.0071618319861932,-2.0071617244185624,0.005733874854327528,0.005733874785024939
30,1.7968686778479114e-06,1.7968686422917612e-06,-1.4398854395958343,-1.4398852377944225,0.056756605898661425,0.056756376528305355,-1.3130053988758611e-06,-1.3130054718848127e-06,6.984329494518818,6.984329501939179,-1.4398853223096229,-1.4398853021624602,0.00700429985914707,0.007004299860638887
40,2.5712375060182937e-06,2.57123741819982e-06,-1.0530242985969407,-1.0530236891921994,0.06932952033343602,0.06932910702502672,-9.602334985715997e-07,-9.602334770961538e-07,9.000224975575993,9.000224841134514,-1.053023835879869,-1.0530238971043817,0.008555900441649325,0.008555900011293811
50,3.3851116075505497e-06,3.38511150933705e-06,-0.7808331876541361,-0.7808324515444682,0.08468571507650277,0.0846849759919252,-7.1202730790975e-07,-7.12027175627238e-07,11.250963737441065,11.2509638629409,-0.7808325595641135,-0.7808326826058749,0.010450966713668769,0.01045096723037384
60,4.298456750734589e-06,4.298456835499994e-06,-0.5842357710796773,-0.5842363708138396,0.1034413334117465,0.10344041039308373,-5.327545092378437e-07,-5.327544758384236e-07,13.883936852700462,13.883938305273936,-0.5842362862571371,-0.5842362156453705,0.012765570651898308,0.012765570219453307
70,5.363076365031431e-06,5.3630763237406474e-06,-0.43940143843004686,-0.4394012063930607,0.12634834374298853,0.12634828870150913,-4.0068212898516264e-07,-4.0068206493122525e-07,17.036150871112095,17.036150669565018,-0.4394012729163972,-0.4394012472082242,0.015592619035084172,0.015592617878419195
80,6.630175544629769e-06,6.6301757334295054e-06,-0.331253835583031,-0.3312549555227661,0.15432809466354327,0.15432794642761533,-3.020651718715247e-07,-3.020652638300018e-07,20.851312538483583,20.851313865125466,-0.3312547186493766,-0.3312547772347458,0.01904558223565159,0.019045582354890282
90,8.155430025345843e-06,8.15542989849639e-06,-0.24984689145907724,-0.2498461044795584,0.18850262019276828,0.18850241193045628,-2.2783020753836224e-07,-2.2783026707253989e-07,25.49198245352779,25.491981872064425,-0.24984622026673686,-0.24984621542690608,0.023263048447726198,0.02326304635410577
100,1.0002867239640617e-05,1.0002867198527174e-05,-0.1883147325838339,-0.1883145601610588,0.23024442995503538,0.23024330142062546,-1.7172071247340306e-07,-1.7172066424619217e-07,31.149591268465493,31.149592143235914,-0.1883146548910295,-0.1883145706756365,0.028414286048102276,0.028414283173872422
