"{'distance': [0.052, 0.344, 0.381, 0.713, 0.792], 'solute_4': [6.03, -3.32, 5.37, -10.26, 10.99], 'solute_3': [7.2, -7.19, 3.27, -6.29, 10.21], 'solute_2': [10.55, -6.66, 2.43, -3.89, 10.54], 'solute_1': [11.26, -8.91, 8.23, -5.7, 11.86]}","{'solute_4i': '65.0 uM', 'solute_3i': '148.0 mM', 'solute_1e': '19.0 uM', 'solute_2i': '8.0 mM', 'solute_3e': '115.0 uM', 'solute_1i': '142.0 uM', 'solute_2e': '122.0 uM', 'solute_4e': '68.0 uM'}"
voltage,current,solute_4,solute_3,solute_2,solute_1
-150,-0.02138567851424735,-49337.34288474104,26660.429362176917,-7164.452849395806,-2488.7857714991906
-140,-0.009844189564987713,-38256.885618732595,63618.184900574386,-5658.464471956249,-2319.2183186312504
-130,0.0027335112606159707,-30098.65014699872,115753.07842776738,-4123.040189125575,-2135.4856571999408
-120,0.017373049667446402,-23975.050686945055,186703.56655986793,-2463.628137215972,-1934.3917219620644
-110,0.03465533456278902,-19317.77626890593,278273.95883597434,-570.9326580693014,-1712.1315732683365
-100,0.05471742470490402,-15743.82483504422,390060.87174274493,1655.1387580148876,-1463.7888938684446
-90,0.0775885685475806,-12970.589701714853,521304.4443100076,4300.180801683571,-1184.8532605124035
-80,0.10412328411428086,-10764.313192106503,676506.077716561,7500.678194779437,-877.8691092056752
-70,0.13785329805676655,-8907.360564052891,876705.5619937293,11647.902828071266,-561.9523114921185
-60,0.18801088073706504,-7180.2054054244,1177881.881350685,17797.65049257502,-268.95613726036663
-50,0.27201001138597275,-5388.7651698338595,1685977.090543367,28158.665190076455,-14.657122043350455
-40,0.4090094092149219,-3486.42350515243,2517448.056588687,45681.325832868926,223.6494618130148
-30,0.5979092019789307,-1686.3518849574466,3664902.920990102,71458.15516047273,482.5789498101734
-20,0.8087967775315613,-268.31450707415934,4945108.555840522,102820.41175480373,772.4996095192971
-10,1.0130481063304495,734.9458984620287,6182960.244073555,136312.00418902189,1084.5104868415249
0,1.2046920992701817,1496.930941299208,7341781.625742279,170816.55159867927,1418.3715660791981
10,1.3913929842848234,2205.3171181152466,8468097.760646626,207062.69155630842,1786.5306958404226
20,1.5826166214832862,2994.8414185938673,9619352.294954054,246254.96148040332,2206.6735852374513
30,1.785743587264377,3963.8071626165183,10840193.017181858,289483.61293228157,2697.832077834896
40,2.0061513564034423,5200.88662767329,12162979.592904903,337650.0240467414,3280.1050391042904
50,2.2480444922001444,6804.014558710874,13612840.092683338,391533.6306530088,3975.693897457702
60,2.5151120537771083,8893.619088782478,15211659.803544335,451864.6385040097,4810.127424765303
70,2.8109336122849506,11624.19584512726,16980525.70751471,519376.78779399395,5813.49567206053
80,3.1392170712164145,15196.961512264068,18941134.85453269,594842.9941857178,7021.7233112726935
90,3.5039437643310642,19875.29051635608,21116626.08678323,679100.2530183438,8477.965270571753
100,3.9094675313157032,26004.545391529315,23532116.956915423,773068.4758832529,10234.208695962956
"{'distance': [0.052, 0.344, 0.381, 0.713, 0.792], 'solute_4': [6.03, -3.32, 5.37, -10.26, 10.99], 'solute_3': [7.2, -7.19, 3.27, -6.29, 10.21], 'solute_2': [10.55, -6.66, 2.43, -3.89, 10.54], 'solute_1': [11.26, -8.91, 8.23, -5.7, 11.86]}","{'solute_4i': '65.0 uM', 'solute_3i': '148.0 mM', 'solute_1e': '19.0 uM', 'solute_2i': '8.0 mM', 'solute_3e': '115.0 uM', 'solute_1i': '142.0 uM', 'solute_2e': '122.0 uM', 'solute_4e': '68.0 uM'}"
voltage,largest element,smallest element,element difference,element ratio difference,condition number,transport error solute_4,transport error solute_3,transport error solute_2,transport error solute_1,current errors,smallest eigenvalue,second smallest eigenvalue,sum absolute errors,sum squared errors
-150,3489993248125.5884,158.25166764964342,3489993247967.3369,22053437413.703312,2.7427773523267325e+20,2.075183147098869e-06,2.4971086531877518e-08,9.903124009724706e-08,1.5948676264088135e-06,6.759905135655941e-13,-1.2521327604036352e-07,-191028.67580868962,1.8643521816491535e-06,3.600016166060982e-06
-140,4944962366701.1406,203.11790008373106,4944962366498.0225,24345281064.163643,3.1507508230921661e+18,1.932778104674071e-06,8.917413651943207e-08,8.730421541258693e-08,1.144007455877727e-06,8.967063203080272e-13,7.666064660102914e-07,-168167.34002156006,3.4717615946669781e-06,6.817001207082285e-06
-130,7011352094429.1182,260.70424373513703,7011352094168.4141,26893893225.429482,7.8398529617851003e+18,2.5334185920655727e-05,3.6675482988357544e-06,7.079415809130296e-07,2.8359399948385544e-05,3.800517192620312e-12,1.6901324568414737e-05,-145733.30779106871,3.5963310379174728e-05,6.347970509423817e-05
-120,9945657930683.8984,334.61700162069383,9945657930349.2812,29722512252.852684,2.3391922454993582e+18,1.1905893188668415e-05,3.987806849181652e-07,9.674695320427418e-07,4.93124866807193e-06,4.069036774190238e-12,-5.7394741431329882e-07,-127282.86480818319,1.0653781054928077e-05,2.1878850125389704e-05
-110,14112017007509.891,429.48490661079563,14112017007080.406,32858004531.224121,2.1725438027690017e+18,4.3071373511338606e-05,1.3654353097081184e-05,1.4564393495675176e-06,1.939482899615541e-06,1.882154154753124e-11,5.1976296301684447e-05,-103756.3386981264,4.7250735667390717e-05,8.3346348503710033e-05
-100,20027377677858.605,551.24899246923496,20027377677307.355,36330910262.79985,3.1939221675121475e+18,0.00011008773071807809,4.672503564506769e-06,3.247059794375673e-06,5.142339659869322e-06,5.045540374393198e-11,1.7469094018466161e-05,-83093.86586612981,0.00013151463118652175,0.00020501138637385452
-90,28425623914878.406,707.53464678497357,28425623914170.871,40175592875.972931,6.506254047369772e+18,2.8000285965390503e-05,4.353583790361881e-06,9.253562893718481e-08,4.080456619703909e-06,1.2711831587353117e-11,-1.273393460268908e-05,-68311.87077998824,3.2715087023590036e-05,6.6769621575701876e-05
-80,40348608624643.219,908.12914534093386,40348608623735.086,44430474268.607872,1.0805512755391375e+19,9.055133887159172e-05,1.859839539974928e-05,1.75268723978661e-06,7.742488310213957e-05,2.1723109422389086e-11,2.5215717832932403e-05,-58449.382255593373,8.0693104741499296e-05,0.00017475255919663368
-70,57275387797234.414,1165.5945731634099,57275387796068.82,49138344597.632851,4.1880555615255101e+19,6.533167288580444e-05,5.047791637480259e-05,5.836114723933861e-06,8.623496159998467e-05,1.942698779622276e-11,-0.00010369699983939708,-52958.98615399345,9.4408011899279571e-05,0.00021805914590089515
-60,81305685911696.922,1496.0545159884009,81305685910200.875,54346740070.485031,3.0049556203985464e+18,0.00010290582940797321,0.00012282701209187508,1.0024388757301494e-05,6.98444511613161e-05,8.90921780793974e-11,-0.00015839647523199364,-48741.197678189419,0.00023843382626975048,0.00055007546052721068
-50,115420349938834.39,1837.6416348555817,115420349936996.75,62808954558.708153,1.0016423164167057e+19,9.945310011971742e-05,0.000258544459939003,7.740251021459699e-06,0.0005511309120720398,8.860634448382143e-11,-0.00022285349547250145,-48120.601960801083,0.00079095610225767975,0.002065369484334667
-40,163851099070778.87,1762.7639957808269,163851099069016.12,92951239906.735245,2.5328065138295747e+19,0.00022462683000412653,0.0005667493678629398,6.00455969106406e-05,0.00043183315642636444,1.5535245312392476e-10,-0.00062192537321427552,-55011.105117582389,0.00087593549669730145,0.0018780432848810591
-30,232605434517988.0,1690.9373655246934,232605434516297.06,137560053530.3158,7.1217695031006413e+18,0.001275487281873211,0.0016313469968736172,0.00014380781794898212,0.002180414257964003,7.73461295011657e-11,0.0018933317868158831,-74056.119141418239,0.0030086440705916462,0.0079698934160958856
-20,330211820010466.94,1622.0374258671304,330211820008844.87,203578422263.55405,1.3729442461617531e+19,0.0011272366149341906,0.00482524186372757,0.0008013544429559261,0.003972660313138476,3.1788316423586593e-10,0.006646013038448674,-113084.14054143796,0.0043930098894259181,0.011563077199888916
-10,468777566361181.62,1555.944924132227,468777566359625.69,301281593641.64233,1.1146010589513413e+19,0.0004231725470162928,0.003460850566625595,0.00015930025256238878,0.0013483613411153783,2.4831914302581026e-10,-0.0016349652734534313,-148877.49875637962,0.005193989741112055,0.010722314371812258
0,665490641748769.75,1492.5454667845352,665490641747277.25,445876294262.89392,1.1308475756909502e+19,0.0015127712467801757,0.002815432846546173,0.001578596537001431,0.000406234467845934,4.074105497409164e-10,0.0069810588762727202,-192042.84569598536,0.0044842250246769416,0.01143720450211505
10,944751694614901.37,1431.7293214356425,944751694613469.62,659867532549.77515,1.7392613804935227e+19,0.0008455123347630433,0.010579248890280724,0.0034719532122835517,0.0006490389209830028,2.865307768828984e-09,-0.01753217491994721,-247684.83050486926,0.010747255393534685,0.025608410505455551
20,1341200748627037.7,1373.391226918304,1341200748625664.2,976561319411.15051,1.0079786103388103e+19,0.0005153215242899023,0.008860766887664795,0.00021925754845142365,0.0024970173690235242,1.6324404050749308e-09,-0.00013425090328940582,-319139.13424078794,0.010844405800122858,0.018753597983274126
30,1904014005675609.2,1317.4302110994036,1904014005674291.7,1445248476643.5544,1.7014689546670787e+19,0.0007403075878755772,0.003329511731863022,0.000348351604770869,8.236553276219638e-05,9.185956439949905e-10,-0.0016653517026578035,-410599.02019028482,0.0033797164023249941,0.006503293811084802
40,2703003739056205.0,1263.7494161164191,2703003739054941.5,2138876350473.5808,2.3165353258969358e+19,0.0005385423055486172,0.0015640109777450562,0.0003880527801811695,0.0005454728279801202,1.9726487110460766e-10,0.0014704505812071513,-527402.92635490256,0.0016203338948824015,0.004008919215304052
50,3837277917106422.0,1212.2559307349052,3837277917105209.5,3165402469740.9824,1.2960778439227533e+19,0.0012004139680357184,0.008607450872659683,0.003030583029612899,9.272847637475934e-05,2.2598483084834697e-09,0.012271183203454303,-676333.85392543371,0.0091109977264985618,0.019546421800406947
60,5447533710525467.0,1162.8606295368386,5447533710524304.0,4684597252806.8057,5.8987843362629779e+19,0.0017337199224130018,0.003025991842150688,0.000309063121676445,0.0007446556237482582,1.111450931290392e-09,-0.0014730617326295552,-865991.60815662693,0.0039391925718645741,0.009009334177434004
70,7733509789205207.0,1115.4780186614901,7733509789204092.0,6932910967160.9463,1.7001290298200156e+19,0.0009023049533425365,0.007122062146663666,0.0020344858639873564,0.00048242467346426565,2.05509564921158e-09,0.0077707797374167477,-1107262.0428224108,0.0064799788644144081,0.012967066571047953
80,10978762218699880.0,1070.0260878318309,10978762218698810.0,10260275280713.85,1.2836867911996099e+19,0.0015581369934807299,0.010946713387966156,0.004483534139581025,0.0004733652513095876,3.145476323851426e-09,-0.016904759485479488,-1413906.82126444,0.012197586998738304,0.025773129535890293
90,15585837197185350.0,1026.4261684103599,15585837197184324.0,15184567265391.672,3.7549780732381766e+19,0.0010532506967138033,0.014979522675275803,0.00403463642578572,0.00018235982861369848,2.7939734970061636e-09,-0.015071358208039846,-1803298.8048112071,0.010852977453026855,0.021391080071011138
100,22126203514072164.0,984.60279723867086,22126203514071180.0,22472212729971.254,3.4463350184613682e+20,0.0009627559811633546,0.006081942468881607,5.3347786888480186e-05,0.0003697809897857951,1.2380430014502508e-09,-0.00017290434235204917,-2297324.0522247856,0.0085835004882882839,0.014146616491665237
"{'distance': [0.052, 0.344, 0.381, 0.713, 0.792], 'solute_4': [6.03, -3.32, 5.37, -10.26, 10.99], 'solute_3': [7.2, -7.19, 3.27, -6.29, 10.21], 'solute_2': [10.55, -6.66, 2.43, -3.89, 10.54], 'solute_1': [11.26, -8.91, 8.23, -5.7, 11.86]}","{'solute_4i': '65.0 uM', 'solute_3i': '148.0 mM', 'solute_1e': '19.0 uM', 'solute_2i': '8.0 mM', 'solute_3e': '115.0 uM', 'solute_1i': '142.0 uM', 'solute_2e': '122.0 uM', 'solute_4e': '68.0 uM'}"
voltage,"current, barrier 0","current, barrier 1","current, barrier 2",solute_4 transport over barrier 0,solute_4 transport over barrier 1,solute_4 transport over barrier 2,solute_3 transport over barrier 0,solute_3 transport over barrier 1,solute_3 transport over barrier 2,solute_2 transport over barrier 0,solute_2 transport over barrier 1,solute_2 transport over barrier 2,solute_1 transport over barrier 0,solute_1 transport over barrier 1,solute_1 transport over barrier 2
-150,-0.021385678514923342,-0.02138567851424735,-0.02138567851436156,-49337.34288599715,-49337.34288474104,-49337.34288392196,26660.429362170282,26660.429362176917,26660.429362195253,-7164.45284949358,-7164.452849395806,-7164.452849394549,-2488.7857716726585,-2488.7857714991906,-2488.785773094058
-140,-0.009844189564091006,-0.009844189564987713,-0.00984418956450756,-38256.88561679982,-38256.885618732595,-38256.88561695182,63618.18490048894,63618.184900574386,63618.18490057811,-5658.4644720435535,-5658.464471956249,-5658.464472017093,-2319.218318645336,-2319.2183186312504,-2319.218319775258
-130,0.0027335112580963734,0.0027335112606159707,0.0027335112618968906,-30098.65015214868,-30098.65014699872,-30098.650126814493,115753.07842755376,115753.07842776738,115753.0784312213,-4123.040188731087,-4123.040189125575,-4123.0401884176335,-2135.4856574293494,-2135.4856571999408,-2135.4856855593407
-120,0.01737304966353976,0.017373049667446402,0.017373049667608796,-23975.050694849808,-23975.050686945055,-23975.050682943915,186703.56656010693,186703.56655986793,186703.56655970815,-2463.6281381205226,-2463.628137215972,-2463.6281381834415,-1934.3917219651905,-1934.3917219620644,-1934.391726893313
-110,0.034655334578140434,0.03465533456278902,0.03465533455931889,-19317.77623412595,-19317.77626890593,-19317.776277197325,278273.95882942027,278273.95883597434,278273.9588430746,-570.9326595257407,-570.9326580693014,-570.9326580776251,-1712.1315735197818,-1712.1315732683365,-1712.1315752078194
-100,0.05471742475167395,0.05471742470490402,0.05471742470121855,-15743.824737844989,-15743.82483504422,-15743.82484793272,390060.87174116063,390060.87174274493,390060.87174583314,1655.1387609084995,1655.1387580148876,1655.1387612619474,-1463.7888943483722,-1463.7888938684446,-1463.7888892060325
-90,0.07758856853486877,0.0775885685475806,0.07758856854427974,-12970.589729715139,-12970.589701714853,-12970.589706070046,521304.44430968806,521304.4443100076,521304.44430565403,4300.180801591036,4300.180801683571,4300.180801595743,-1184.853257980749,-1184.8532605124035,-1184.8532620612057
-80,0.10412328409255775,0.10412328411428086,0.10412328411359731,-10764.313235741341,-10764.313192106503,-10764.313145190003,676506.0776979626,676506.077716561,676506.0777114072,7500.67819302675,7500.678194779437,7500.678194111009,-877.8691013778384,-877.8691092056752,-877.8691788027215
-70,0.13785329807619354,0.13785329805676655,0.1378532980634808,-8907.36052883882,-8907.360564052891,-8907.360594170494,876705.5620288141,876705.5619937293,876705.5619783362,11647.902833907381,11647.902828071266,11647.90282855498,-561.9523241401307,-561.9523114921185,-561.9522379051691
-60,0.18801088075491493,0.18801088073706504,0.18801088066582275,-7180.205413799966,-7180.2054054244,-7180.205508330229,1177881.8813891,1177881.881350685,1177881.881266273,17797.650501188455,17797.65049257502,17797.650491164066,-268.9560925000965,-268.95613726036663,-268.95616234454764
-50,0.2720100112973664,0.27201001138597275,0.2720100113826691,-5388.765070380759,-5388.7651698338595,-5388.7651008513,1685977.0908019114,1685977.090543367,1685977.0907599325,28158.665182336204,28158.665190076455,28158.665182694116,-14.657673174262527,-14.657122043350455,-14.657340419848197
-40,0.4090094092223642,0.4090094092149219,0.4090094090670117,-3486.423606777331,-3486.42350515243,-3486.42372977926,2517448.0560219376,2517448.056588687,2517448.056313779,45681.325887283136,45681.325832868926,45681.32582723754,223.64989364617122,223.6494618130148,223.64947738073587
-30,0.5979092019687239,0.5979092019789307,0.59790920204607,-1686.3525854990003,-1686.3518849574466,-1686.3513100117184,3664902.919358755,3664902.920990102,3664902.9202885507,71458.15501666491,71458.15516047273,71458.15510404552,482.58085634363044,482.5789498101734,482.5786759293725
-20,0.8087967776843994,0.8087967775315613,0.8087967778494445,-268.31489436293487,-268.31450707415934,-268.31376712631993,4945108.553057566,4945108.555840522,4945108.557882808,102820.41095344929,102820.41175480373,102820.41172206218,772.5024596303908,772.4996095192971,772.4984869700777
-10,1.0130481065672872,1.0130481063304495,1.013048106318968,734.9454752894817,734.9458984620287,734.9457018156113,6182960.247534405,6182960.244073555,6182960.247278728,136312.00434832214,136312.00418902189,136312.00419883998,1084.5100507182638,1084.5104868415249,1084.5091384801838
0,1.2046920994174124,1.2046920992701817,1.2046920996775923,1496.9324540704547,1496.930941299208,1496.9313793049596,7341781.624368178,7341781.625742279,7341781.627183611,170816.55016597817,170816.55159867927,170816.5517445747,1418.3711598447303,1418.3715660791981,1418.371387025595
10,1.391392985744416,1.3913929842848234,1.3913929828791083,2205.3177407735784,2205.3171181152466,2205.3168952612436,8468097.76437969,8468097.760646626,8468097.75380044,207062.6949077201,207062.69155630842,207062.6914357669,1786.5307751479133,1786.5306958404226,1786.5301261089924
20,1.5826166226291605,1.5826166214832862,1.5826166231157266,2994.840903272343,2994.8414185938673,2994.8412497337576,9619352.303814821,9619352.294954054,9619352.300713947,246254.96126114577,246254.96148040332,246254.96142307017,2206.6736138513565,2206.6735852374513,2206.6760822548204
30,1.7857435877253476,1.785743587264377,1.785743586806752,3963.8077836419543,3963.8071626165183,3963.8070433343664,10840193.017916668,10840193.017181858,10840193.014587156,289483.6132436728,289483.61293228157,289483.6128953212,2697.832061930664,2697.832077834896,2697.832144296197
40,2.006151356565746,2.0061513564034423,2.006151356368481,5200.886928567212,5200.88662767329,5200.886390024906,12162979.593418641,12162979.592904903,12162979.594468914,337650.02368033445,337650.0240467414,337650.0240683872,3280.1050206636546,3280.1050391042904,3280.1044936314624
50,2.2480444916336544,2.2480444922001444,2.2480444938935027,6804.013894596123,6804.014558710874,6804.015095010091,13612840.093838774,13612840.092683338,13612840.101290789,391533.6277908928,391533.6306530088,391533.6308214758,3975.6939788974187,3975.693897457702,3975.6939901861783
60,2.5151120546181835,2.5151120537771083,2.5151120535067326,8893.619791912752,8893.619088782478,8893.61805819283,15211659.806570327,15211659.803544335,15211659.80365334,451864.63879025774,451864.6385040097,451864.6384811946,4810.127339028847,4810.127424765303,4810.128083684471
70,2.8109336115399937,2.8109336122849506,2.8109336135950893,11624.195659821395,11624.19584512726,11624.196562126348,16980525.705485806,16980525.70751471,16980525.712607868,519376.7858729168,519376.78779399395,519376.7879074027,5813.495599926734,5813.49567206053,5813.4960823514075
80,3.139217071976733,3.1392170712164145,3.1392170688312566,15196.962007778347,15196.961512264068,15196.960449641354,18941134.853115987,18941134.85453269,18941134.843585975,594842.9984038892,594842.9941857178,594842.9939203551,7021.723540296368,7021.7233112726935,7021.723066931117
90,3.503943766241132,3.5039437643310642,3.5039437634471584,19875.291067381433,19875.29051635608,19875.291569606776,21116626.09295259,21116626.08678323,21116626.077973068,679100.2568211572,679100.2530183438,679100.2527865208,8477.965419458089,8477.965270571753,8477.965452931581
100,3.9094675323213757,3.9094675313157032,3.9094675310833327,26004.545530537158,26004.545391529315,26004.544567781177,23532116.962997366,23532116.956915423,23532116.957372706,773068.4758299051,773068.4758832529,773068.4758751609,10234.208611957652,10234.208695962956,10234.208981738642
"{'distance': [0.052, 0.344, 0.381, 0.713, 0.792], 'solute_4': [6.03, -3.32, 5.37, -10.26, 10.99], 'solute_3': [7.2, -7.19, 3.27, -6.29, 10.21], 'solute_2': [10.55, -6.66, 2.43, -3.89, 10.54], 'solute_1': [11.26, -8.91, 8.23, -5.7, 11.86]}","{'solute_4i': '65.0 uM', 'solute_3i': '148.0 mM', 'solute_1e': '19.0 uM', 'solute_2i': '8.0 mM', 'solute_3e': '115.0 uM', 'solute_1i': '142.0 uM', 'solute_2e': '122.0 uM', 'solute_4e': '68.0 uM'}"
voltage,current,solute_4,solute_3,solute_2,solute_1
-150,-0.021385678513953312,-49337.34288389902,26660.42936135456,-7164.452849446563,-2488.7857714079387
-140,-0.009844189566369364,-38256.885623530085,63618.18491131719,-5658.464473265922,-2319.2183204638536
-130,0.002733511255073465,-30098.650131249353,115753.07835012022,-4123.0401877048425,-2135.48566000949
-120,0.01737304965556493,-23975.0506692116,186703.5664253356,-2463.6281363600865,-1934.3917188072664
-110,0.03465533453630926,-19317.776254108412,278273.9586164281,-570.9326577861793,-1712.1315684790075
-100,0.054717424699121255,-15743.824835359055,390060.87172454316,1655.1387622961774,-1463.7889044845306
-90,0.07758856857423937,-12970.589714505055,521304.4444985818,4300.180803267751,-1184.8532532016047
-80,0.10412328372893627,-10764.313163057377,676506.0752817504,7500.67816489609,-877.8691231308267
-70,0.13785329872766397,-8907.360590610966,876705.5662031174,11647.902886754368,-561.9523117535916
-60,0.18801088024856072,-7180.205446525324,1177881.8784798943,17797.650447446853,-268.9561423197872
-50,0.2720100123296997,-5388.765009881885,1685977.0964167118,28158.665266986936,-14.657391634329542
-40,0.40900941299368426,-3486.423780160956,2517448.080440931,45681.32627141662,223.64952281988633
-30,0.5979092001279497,-1686.3514064029587,3664902.9084947444,71458.15491944924,482.57882307479167
-20,0.8087967932001654,-268.3139151901996,4945108.651759803,102820.41370965168,772.4986878872144
-10,1.013048113038907,734.9457019949186,6182960.288101129,136312.00511111878,1084.5092444638929
0,1.204692097495549,1496.9312620482742,7341781.614259712,170816.5514069423,1418.3713833042707
10,1.3913929933473088,2205.316803632326,8468097.81758359,207062.6931679193,1786.53017818747
20,1.582616610304943,2994.8409809583754,9619352.223667547,246254.9594385475,2206.6760171604983
30,1.785743585999939,3963.8070429819563,10840193.009542733,289483.61283121817,2697.8321809457957
40,2.0061513588105586,5200.8867624542145,12162979.608549923,337650.0244296156,3280.1043358347583
50,2.2480444874074528,6804.014687090556,13612840.06274499,391533.6297802441,3975.694151980432
60,2.515112051563217,8893.617190826204,15211659.794147432,451864.6382569112,4810.12818392827
70,2.8109336067139807,11624.196239268313,16980525.67092578,519376.7866778616,5813.496545832604
80,3.1392170737704927,15196.960609015403,18941134.871613733,594842.9952748418,7021.723552591868
90,3.5039437706303413,19875.291330429875,21116626.12268488,679100.2540074624,8477.965264742668
100,3.909467531167124,26004.543941000105,23532116.960691117,773068.475919595,10234.208502008387
"{'distance': [0.052, 0.344, 0.381, 0.713, 0.792], 'solute_4': [6.03, -3.32, 5.37, -10.26, 10.99], 'solute_3': [7.2, -7.19, 3.27, -6.29, 10.21], 'solute_2': [10.55, -6.66, 2.43, -3.89, 10.54], 'solute_1': [11.26, -8.91, 8.23, -5.7, 11.86]}","{'solute_4i': '65.0 uM', 'solute_3i': '148.0 mM', 'solute_1e': '19.0 uM', 'solute_2i': '8.0 mM', 'solute_3e': '115.0 uM', 'solute_1i': '142.0 uM', 'solute_2e': '122.0 uM', 'solute_4e': '68.0 uM'}"
voltage,largest element,smallest element,element difference,element ratio difference,condition number,transport error solute_4,transport error solute_3,transport error solute_2,transport error solute_1,current errors,smallest eigenvalue,second smallest eigenvalue,sum absolute errors,sum squared errors
-150,3489993248125.5884,158.25166764964342,3489993247967.3369,22053437413.703312,2.7427773523267325e+20,2.30394653044641e-06,2.232263796031475e-08,3.181776264682412e-08,2.8954946174053475e-07,1.1987667802859647e-12,130405.84207574421,1.7946784473618988e-08,3.503840538861749e-06,5.3016286969409521e-06
-140,4944962366701.1406,203.11790008373106,4944962366498.0225,24345281064.163643,3.1507508230921661e+18,1.4687204384244978e-05,3.786059096455574e-06,3.8035213947296143e-06,3.8406096791732125e-06,4.6122914515445146e-12,116596.54870405264,2.2157309621234945e-06,9.0456132019665385e-06,1.7697502455504832e-05
-130,7011352094429.1182,260.70424373513703,7011352094168.4141,26893893225.429482,7.8398529617851003e+18,8.241404430009425e-06,2.1042651496827602e-06,2.1569667296716943e-06,2.29529223361169e-06,3.918133179015015e-12,101916.76839990978,1.2633667003222375e-06,1.1389477516657843e-05,2.3159600369027089e-05
-120,9945657930683.8984,334.61700162069383,9945657930349.2812,29722512252.852684,2.3391922454993582e+18,2.959864286822267e-05,9.666953701525927e-06,9.678406058810651e-06,8.646249625599012e-06,8.355722364017382e-12,86697.468274780142,6.0086244805791954e-06,1.7271512784917858e-05,4.247497212972462e-05
-110,14112017007509.891,429.48490661079563,14112017007080.406,32858004531.224121,2.1725438027690017e+18,4.142060424783267e-05,1.4408375136554241e-05,1.442496431991458e-05,1.3370841543292045e-05,1.100362162498314e-11,71531.033780975893,9.1820226231238768e-06,2.4351065437678318e-05,6.4318433732779567e-05
-100,20027377677858.605,551.24899246923496,20027377677307.355,36330910262.79985,3.1939221675121475e+18,2.2450476535595953e-05,1.3473618309944868e-05,1.3461180060403422e-05,1.2091393728042021e-05,8.591752309605738e-12,57604.216615709563,8.8651963033463188e-06,2.82215169056028e-05,7.4578203356878703e-05
-90,28425623914878.406,707.53464678497357,28425623914170.871,40175592875.972931,6.506254047369772e+18,6.946853318368085e-06,9.063805919140577e-06,9.241059160558507e-06,6.716081770719029e-06,1.875430366560238e-12,46366.585187502911,6.1775031696015938e-06,1.970031907623033e-05,5.5142104436356476e-05
-80,40348608624643.219,908.12914534093386,40348608623735.086,44430474268.607872,1.0805512755391375e+19,2.0285668142605573e-05,7.875380106270313e-06,7.600028766319156e-06,3.836996256723069e-06,6.6113503560671916e-12,38335.604341557584,5.2801500888775271e-06,1.6445676667590022e-05,4.1809586825536371e-05
-70,57275387797234.414,1165.5945731634099,57275387796068.82,49138344597.632851,4.1880555615255101e+19,8.502151104039513e-05,2.671382389962673e-06,2.6216839614789933e-06,4.523316488302953e-05,2.7679636360744553e-11,33117.375493038046,1.9339147986319089e-06,5.8675559253639339e-05,0.00011721273576270619
-60,81305685911696.922,1496.0545159884009,81305685910200.875,54346740070.485031,3.0049556203985464e+18,0.0003475581597740529,5.10411337018013e-05,5.0001315685221925e-05,3.611873000863852e-05,1.3927703435001604e-10,29937.498252177964,3.8262781613600767e-05,0.00033308514862215305,0.0005807257845376057
-50,115420349938834.39,1837.6416348555817,115420349936996.75,62808954558.708153,1.0016423164167057e+19,0.00029857741719752084,2.123345620930195e-05,2.0670580852311105e-05,2.3240771724886145e-05,1.4025652861349158e-10,28192.853603011172,1.6295626570451958e-05,0.00038993707242743826,0.00063692996993225393
-40,163851099070778.87,1762.7639957808269,163851099069016.12,92951239906.735245,2.5328065138295747e+19,0.000621832026354241,2.0836014300584793e-05,8.719478501006961e-06,7.158873413004585e-05,2.8065028079282683e-10,28482.250165213896,9.1485779353999114e-06,0.0006923082979990949,0.0011575629910236529
-30,232605434517988.0,1690.9373655246934,232605434516297.06,137560053530.3158,7.1217695031006413e+18,0.00036941329472028883,2.2123102098703384e-05,6.774351641070098e-05,9.616372312848398e-05,1.356272871788633e-10,33987.263530656506,4.6189295174271548e-05,0.00049423103505434227,0.0010845744692851156
-20,330211820010466.94,1622.0374258671304,330211820008844.87,203578422263.55405,1.3729442461617531e+19,0.0006202942167874426,5.480647087097168e-05,2.9242553864605725e-05,2.0974083668079402e-05,3.0002889062075155e-10,50749.910269330874,3.4013484030939788e-05,0.00056868768096090356,0.0013123542437862845
-10,468777566361181.62,1555.944924132227,468777566359625.69,301281593641.64233,1.1146010589513413e+19,7.033006113488227e-05,4.4561922550201416e-05,5.1355629693716764e-05,7.64947651532566e-05,1.942446203884174e-12,78925.037635694345,5.9478507909738995e-05,0.00038474948275363165,0.0010408338784106963
0,665490641748769.75,1492.5454667845352,665490641747277.25,445876294262.89392,1.1308475756909502e+19,0.0009818163598538376,0.0002410896122455597,8.916793740354478e-05,2.2487629394163378e-05,4.57090587602238e-10,105923.69787316465,8.3224540254768129e-05,0.0016821563632083165,0.003318774772548494
10,944751694614901.37,1431.7293214356425,944751694613469.62,659867532549.77515,1.7392613804935227e+19,0.0003651661754702218,0.00017898902297019958,4.103474202565849e-05,4.548436163531733e-05,1.8502777088258426e-10,135171.84949093295,7.6818686842552216e-05,0.0015639124765792392,0.0035854108934483681
20,1341200748627037.7,1373.391226918304,1341200748625664.2,976561319411.15051,1.0079786103388103e+19,0.004633906797607779,0.00011524930596351624,0.00021099901641719043,0.00013377399500313913,2.153552891570598e-09,170763.13791181325,0.00018817280700558314,0.004942678630791798,0.0087862698117919559
30,1904014005675609.2,1317.4302110994036,1904014005674291.7,1445248476643.5544,1.7014689546670787e+19,0.0009222697190125473,0.0007447917014360428,0.00033316982444375753,0.00023990371937543387,4.186522239990609e-10,215073.32677403561,0.00015825619491877078,0.0026088456217068789,0.0068629418724435957
40,2703003739056205.0,1263.7494161164191,2703003739054941.5,2138876350473.5808,2.3165353258969358e+19,0.0025601583292882424,0.0006448477506637573,0.00013483100337907672,0.0002673376875463873,1.2763474721566581e-09,270542.53350514005,0.00016501463704244329,0.0022099747050603694,0.005604125709571463
50,3837277917106422.0,1212.2559307349052,3837277917105209.5,3165402469740.9824,1.2960778439227533e+19,0.005598371967607818,0.00023387745022773743,0.0005561420111916959,0.0004618615284925909,2.8519213657318687e-09,340075.53619306523,0.00041870390033124118,0.0056772626491811981,0.012840629861878897
60,5447533710525467.0,1162.8606295368386,5447533710524304.0,4684597252806.8057,5.8987843362629779e+19,0.0036796315034735017,0.00020357966423034668,9.836466051638126e-05,0.00019394702121644514,1.7995289702810169e-09,427222.62348698883,0.00013060274467610822,0.0068395412551298627,0.011897885790889426
70,7733509789205207.0,1115.4780186614901,7733509789204092.0,6932910967160.9463,1.7001290298200156e+19,0.007262244580488186,0.00042244046926498413,0.0007378412992693484,0.0008466209774269373,3.7231275840099443e-09,536316.93660870846,0.00064329427891755549,0.0075206146293140671,0.017163728382032867
80,10978762218699880.0,1070.0260878318309,10978762218698810.0,10260275280713.85,1.2836867911996099e+19,0.008145847719788435,0.0010731108486652374,0.001083497190847993,0.0011861551010952098,3.5413920684845834e-09,672575.17737964657,0.0012095094408886536,0.010768720926453326,0.019523903716529824
90,15585837197185350.0,1026.4261684103599,15585837197184324.0,15184567265391.672,3.7549780732381766e+19,0.011934183628909523,0.0015540122985839844,0.0007836150471121073,0.0005722225014324067,6.293397358803077e-09,842103.93955479527,0.0005869994592221378,0.0091489029598785503,0.025187805107324379
100,22126203514072164.0,984.60279723867086,22126203514071180.0,22472212729971.254,3.4463350184613682e+20,0.07420807435846655,0.004074480384588242,0.0002737670438364148,0.0005287509466143092,3.65304018146162e-08,1051665.9586939784,9.0795513748828202e-05,0.079960587931673599,0.14745453000163572
"{'distance': [0.052, 0.344, 0.381, 0.713, 0.792], 'solute_4': [6.03, -3.32, 5.37, -10.26, 10.99], 'solute_3': [7.2, -7.19, 3.27, -6.29, 10.21], 'solute_2': [10.55, -6.66, 2.43, -3.89, 10.54], 'solute_1': [11.26, -8.91, 8.23, -5.7, 11.86]}","{'solute_4i': '65.0 uM', 'solute_3i': '148.0 mM', 'solute_1e': '19.0 uM', 'solute_2i': '8.0 mM', 'solute_3e': '115.0 uM', 'solute_1i': '142.0 uM', 'solute_2e': '122.0 uM', 'solute_4e': '68.0 uM'}"
voltage,"current, barrier 0","current, barrier 1","current, barrier 2",solute_4 transport over barrier 0,solute_4 transport over barrier 1,solute_4 transport over barrier 2,solute_3 transport over barrier 0,solute_3 transport over barrier 1,solute_3 transport over barrier 2,solute_2 transport over barrier 0,solute_2 transport over barrier 1,solute_2 transport over barrier 2,solute_1 transport over barrier 0,solute_1 transport over barrier 1,solute_1 transport over barrier 2
-150,-0.02138567851515208,-0.021385678513953312,-0.021385678514098835,-49337.34288620297,-49337.34288389902,-49337.34288422253,26660.429361349554,26660.42936135456,26660.429361371876,-7164.452849463014,-7164.452849446563,-7164.452849431196,-2488.785771682754,-2488.7857714079387,-2488.7857713932044
-140,-0.009844189568535066,-0.009844189566369364,-0.009844189563922775,-38256.88563059084,-38256.885623530085,-38256.88561590364,63618.18491320824,63618.18491131719,63618.18490942218,-5658.46447135077,-5658.464473265922,-5658.464475154291,-2319.218318535186,-2319.2183204638536,-2319.2183223757957
-130,0.0027335112589915982,0.002733511255073465,0.002733511255311509,-30098.65012392262,-30098.650131249353,-30098.650132164024,115753.07834906399,115753.07835012022,115753.07835116825,-4123.04018876161,-4123.0401877048425,-4123.040186604643,-2135.4856577141977,-2135.48566000949,-2135.4856589686387
-120,0.017373049658239898,0.01737304965556493,0.017373049649884176,-23975.05065787863,-23975.0506692116,-23975.050687477273,186703.56642048666,186703.5664253356,186703.56643015362,-2463.628141226385,-2463.6281363600865,-2463.628131547979,-1934.3917226002743,-1934.3917188072664,-1934.3917139540247
-110,0.03465533453851264,0.03465533453630926,0.03465533452750902,-19317.776240561623,-19317.776254108412,-19317.776281982227,278273.9586092315,278273.9586164281,278273.9586236399,-570.9326650600015,-570.9326577861793,-570.9326506350371,-1712.1315746869927,-1712.1315684790075,-1712.1315613161512
-100,0.05471742470771301,0.054717424699121255,0.0547174246995052,-15743.82482103561,-15743.824835359055,-15743.824843486087,390060.8717178145,390060.87172454316,390060.8717312881,1655.1387555031724,1655.1387622961774,1655.1387689643525,-1463.7888923931368,-1463.7889044845306,-1463.7888978021954
-90,0.0775885685761148,0.07758856857423937,0.07758856857466359,-12970.589709184365,-12970.589714505055,-12970.589707558202,521304.4445031317,521304.4444985818,521304.44449406787,4300.1808078947615,4300.180803267751,4300.180798653702,-1184.8532599176865,-1184.8532532016047,-1184.8532577339042
-80,0.1041232837330865,0.10412328372893627,0.10412328372647515,-10764.313153089723,-10764.313163057377,-10764.31317337539,676506.0752779573,676506.0752817504,676506.0752858326,7500.678161131051,7500.67816489609,7500.6781687310795,-877.8691213498963,-877.8691231308267,-877.8691192938304
-70,0.13785329872092184,0.13785329872766397,0.13785329874860147,-8907.360633934382,-8907.360590610966,-8907.360548912871,876705.5662017949,876705.5662031174,876705.5662044663,11647.902885495027,11647.902886754368,11647.90288811671,-561.9522665204267,-561.9523117535916,-561.9523103083914
-60,0.18801088036318447,0.18801088024856072,0.18801088022390744,-7180.205184791936,-7180.205446525324,-7180.205532350095,1177881.8784544882,1177881.8784798943,1177881.8785055294,17797.65042280749,17797.650447446853,17797.650472808804,-268.9561521451192,-268.9561423197872,-268.95611602638917
-50,0.27201001246966605,0.2720100123296997,0.2720100123294095,-5388.764727337053,-5388.765009881885,-5388.76502591447,1685977.0964068745,1685977.0964167118,1685977.096428108,28158.665256406195,28158.665266986936,28158.665277076776,-14.657368393557817,-14.657391634329542,-14.657379233851827
-40,0.4090094127425664,0.40900941299368426,0.4090094130232167,-3486.4243457069388,-3486.423780160956,-3486.4237238749124,2517448.0804359536,2517448.080440931,2517448.0804567896,45681.32626784925,45681.32627141662,45681.326276568725,223.6495916479389,223.64952281988633,223.64952005920478
-30,0.5979092002177728,0.5979092001279497,0.5979092000821455,-1686.3511470734957,-1686.3514064029587,-1686.3515164867904,3664902.9084726213,3664902.9084947444,3664902.908474178,71458.1548735121,71458.15491944924,71458.15494125562,482.57874845739366,482.57882307479167,482.5788446211168
-20,0.8087967935001943,0.8087967932001654,0.8087967932151512,-268.31329489598284,-268.3139151901996,-268.3138779352489,4945108.651744733,4945108.651759803,4945108.651704997,102820.4136947319,102820.41370965168,102820.41372397446,772.498708861298,772.4986878872144,772.4986990192452
-10,1.0130481130399653,1.013048113038907,1.0130481130408495,734.9457723249798,734.9457019949186,734.9457035689378,6182960.288071523,6182960.288101129,6182960.288116085,136312.00508933084,136312.00511111878,136312.00514068647,1084.5091679691277,1084.5092444638929,1084.5092259029957
0,1.2046920979526397,1.204692097495549,1.2046920975113289,1496.932243864634,1496.9312620482742,1496.9313808582099,7341781.614301655,7341781.614259712,7341781.614060566,170816.55131777437,170816.5514069423,170816.551359605,1418.3713608166413,1418.3713833042707,1418.3713775817496
10,1.3913929935323366,1.3913929933473088,1.3913929933584832,2205.3171687985014,2205.316803632326,2205.3169102445386,8468097.81762482,8468097.81758359,8468097.817445831,207062.693166493,207062.6931679193,207062.69312688455,1786.5301880273335,1786.53017818747,1786.5301425429718
20,1.5826166082730444,1.582616610304943,1.5826166104265973,2994.836603183212,2994.8409809583754,2994.8412370900096,9619352.223763067,9619352.223667547,9619352.223782796,246254.95956572512,246254.9594385475,246254.9593547261,2206.67613071791,2206.6760171604983,2206.675996943915
30,1.7857435856710397,1.785743585999939,1.785743586089692,3963.8061207122373,3963.8070429819563,3963.8070413231458,10840193.009623071,10840193.009542733,10840193.010287525,289483.6131014313,289483.61283121817,289483.61276826146,2697.8323625477497,2697.8321809457957,2697.8321226440303
40,2.006151357534211,2.0061513588105586,2.0061513587982867,5200.884202295885,5200.8867624542145,5200.886394381127,12162979.60845834,12162979.608549923,12162979.609103188,337650.0243965218,337650.0244296156,337650.0245313528,3280.104254803223,3280.1043358347583,3280.1045221409104
50,2.248044490259374,2.2480444874074528,2.2480444874811423,6804.020285462524,6804.014687090556,6804.015075953698,13612840.062969537,13612840.06274499,13612840.06273566,391533.6300744953,391533.6297802441,391533.62951835326,3975.694396150469,3975.694151980432,3975.6939342889405
60,2.515112053362746,2.515112051563217,2.5151120519032384,8893.620870457707,8893.617190826204,8893.618055828136,15211659.794213949,15211659.794147432,15211659.79401037,451864.63823371724,451864.6382569112,451864.6381585465,4810.128259325967,4810.12818392827,4810.128065378945
70,2.810933610432147,2.8109336067139807,2.8109336067090194,11624.203501512893,11624.196239268313,11624.196536983396,16980525.671264045,16980525.67092578,16980525.67134822,519376.7871370733,519376.7866778616,519376.786399232,5813.496858491251,5813.496545832604,5813.496011870274
80,3.1392170702291007,3.1392170737704927,3.1392170735929925,15196.952463167683,15196.960609015403,15196.960469013366,18941134.8722505,18941134.871613733,18941134.872686844,594842.9957303177,594842.9952748418,594842.9946468205,7021.724172208033,7021.723552591868,7021.722986052932
90,3.5039437648303093,3.5039437706303413,3.5039437711237067,19875.279676083213,19875.291330429875,19875.291610266842,21116626.12236488,21116626.12268488,21116626.12391889,679100.2537427389,679100.2540074624,679100.2545263539,8477.964936154496,8477.965264742668,8477.965508376998
100,3.909467495782014,3.909467531167124,3.9094675323124157,26004.470367281036,26004.543941000105,26004.544575355394,23532116.960616328,23532116.960691117,23532116.96469081,773068.47591581,773068.475919595,773068.476189577,10234.208461456268,10234.208502008387,10234.208990207215
"{'distance': [0.052, 0.344, 0.381, 0.713, 0.792], 'solute_4': [6.03, -3.32, 5.37, -10.26, 10.99], 'solute_3': [7.2, -7.19, 3.27, -6.29, 10.21], 'solute_2': [10.55, -6.66, 2.43, -3.89, 10.54], 'solute_1': [11.26, -8.91, 8.23, -5.7, 11.86]}","{'solute_4i': '65.0 uM', 'solute_3i': '148.0 mM', 'solute_1e': '19.0 uM', 'solute_2i': '8.0 mM', 'solute_3e': '115.0 uM', 'solute_1i': '142.0 uM', 'solute_2e': '122.0 uM', 'solute_4e': '68.0 uM'}"
voltage,current,solute_4,solute_3,solute_2,solute_1
-150,-0.02138567851388675,-49337.342883620244,26660.429361470975,-7164.452849452617,-2488.785771673536
-140,-0.009844189564106536,-38256.885616548505,63618.18489963049,-5658.464472018881,-2319.2183186538796
-130,0.002733511256120107,-30098.650132338807,115753.0783561198,-4123.040188306477,-2135.4856578075974
-120,0.01737304966558747,-23975.050684059122,186703.56654077955,-2463.628138142638,-1934.3917220853593
-110,0.03465533457372125,-19317.77627545369,278273.9589246204,-570.9326583743095,-1712.1315734966647
-100,0.0547174247325283,-15743.824844663686,390060.87193931546,1655.138762647286,-1463.788893822611
-90,0.07758856853535552,-12970.589707545329,521304.44424849376,4300.180801040493,-1184.8532588438818
-80,0.10412328379669361,-10764.313171027541,676506.0757194608,7500.678170351777,-877.8691212813205
-70,0.13785329846734468,-8907.360567061674,876705.5644864533,11647.902863770258,-561.9522897356364
-60,0.1880108811617667,-7180.2055127309795,1177881.884269774,17797.65054151509,-268.9561347793581
-50,0.27201001260457514,-5388.765025103756,1685977.0981255043,28158.66529878881,-14.657381185365239
-40,0.40900941264440593,-3486.423737646517,2517448.0781602673,45681.326233254746,223.64952832903896
-30,0.5979092007192037,-1686.3515023009677,3664902.9123797566,71458.15500037838,482.5788293134708
-20,0.8087967929979115,-268.3138796615822,4945108.650404986,102820.41368931904,772.4986909153487
-10,1.0130481127016504,734.9457057139298,6182960.286086537,136312.00507940538,1084.5092094273637
0,1.2046920968508747,1496.9313815499045,7341781.609999992,170816.55128316954,1418.3713837061334
10,1.3913929933370726,2205.3169136851357,8468097.817267925,207062.6931434106,1786.5301512481842
20,1.5826166107551574,2994.841237006647,9619352.22569421,246254.9594545681,2206.6760169091376
30,1.78574358734869,3963.807065483279,10840193.017815694,289483.6130132992,2697.832129257622
40,2.0061513582221355,5200.886452914747,12162979.605659455,337650.0243850965,3280.104431109848
50,2.24804448880771,6804.015006284567,13612840.070606202,391533.6298597548,3975.6940731696745
60,2.515112052181409,8893.618049904842,15211659.795640416,451864.63824237324,4810.128085525035
70,2.8109336088092873,11624.196321942347,16980525.684223317,519376.7869582139,5813.496172536908
80,3.13921707574297,15196.960114812377,18941134.885675386,594842.9953271057,7021.723393234882
90,3.5039437681736265,19875.29112308728,21116626.106510013,679100.2537922673,8477.9661031391
100,3.909467529605475,26004.543784378944,23532116.94946354,773068.4756117277,10234.209630601656
"{'distance': [0.052, 0.344, 0.381, 0.713, 0.792], 'solute_4': [6.03, -3.32, 5.37, -10.26, 10.99], 'solute_3': [7.2, -7.19, 3.27, -6.29, 10.21], 'solute_2': [10.55, -6.66, 2.43, -3.89, 10.54], 'solute_1': [11.26, -8.91, 8.23, -5.7, 11.86]}","{'solute_4i': '65.0 uM', 'solute_3i': '148.0 mM', 'solute_1e': '19.0 uM', 'solute_2i': '8.0 mM', 'solute_3e': '115.0 uM', 'solute_1i': '142.0 uM', 'solute_2e': '122.0 uM', 'solute_4e': '68.0 uM'}"
voltage,largest element,smallest element,element difference,element ratio difference,condition number,transport error solute_4,transport error solute_3,transport error solute_2,transport error solute_1,current errors,smallest eigenvalue,second smallest eigenvalue,sum absolute errors,sum squared errors
-150,3489993248125.5884,158.25166764964342,3489993247967.3369,22053437413.703312,2.7427773523267325e+20,9.195756138069555e-05,4.831235855817795e-09,2.7848727768287063e-09,1.532498572487384e-09,4.419518223608421e-11,22164824.733737297,-0.00048828125,0.00013007406730894527,0.00018400340685431615
-140,4944962366701.1406,203.11790008373106,4944962366498.0225,24345281064.163643,3.1507508230921661e+18,0.0001742484892020002,1.979060471057892e-09,1.178705133497715e-09,2.363185558351688e-08,8.37358515859421e-11,19977790.91778275,0.0009765625,0.00024636348115778379,0.00034849765775035735
-130,7011352094429.1182,260.70424373513703,7011352094168.4141,26893893225.429482,7.8398529617851003e+18,0.00015173101564869285,4.598405212163925e-09,3.6980054574087262e-09,2.222486727987416e-08,7.292254994295533e-11,17929682.31506503,0.0009765625,0.0002145455728481702,0.00030347437040667558
-120,9945657930683.8984,334.61700162069383,9945657930349.2812,29722512252.852684,2.3391922454993582e+18,8.630754382465966e-05,1.6996636986732483e-08,8.658389560878277e-10,6.884079084557015e-08,4.1454485677494546e-11,16228156.17235475,-0.001953125,0.00012179674108282335,0.00017244466327781538
-110,14112017007509.891,429.48490661079563,14112017007080.406,32858004531.224121,2.1725438027690017e+18,0.00046618349733762443,4.022149369120598e-08,3.6598066799342632e-09,1.2956434147781692e-08,2.2403668503701013e-10,14983316.094101116,0.001953125,0.00065896782082341271,0.00093225862306312024
-100,20027377677858.605,551.24899246923496,20027377677307.355,36330910262.79985,3.1939221675121475e+18,5.507502100954298e-05,5.360925570130348e-08,6.5083440858870745e-09,1.480793798691593e-07,2.6414030684929202e-11,14239665.129570654,-0.00390625,7.7776684788723917e-05,0.00011032537327793079
-90,28425623914878.406,707.53464678497357,28425623914170.871,40175592875.972931,6.506254047369772e+18,2.2904541765456088e-05,3.754394128918648e-08,1.2150849215686321e-09,2.550518729549367e-08,1.0993775334533495e-11,14009016.490338579,-0.00390625,3.2580319209677974e-05,4.6530667141553295e-05
-80,40348608624643.219,908.12914534093386,40348608623735.086,44430474268.607872,1.0805512755391375e+19,0.0007037379909888841,3.0850060284137726e-08,1.206353772431612e-08,2.6594864266371587e-07,3.3821684342072444e-10,14295061.740548626,0.0,0.00099539188141168126,0.0014080585193596562
-70,57275387797234.414,1165.5945731634099,57275387796068.82,49138344597.632851,4.1880555615255101e+19,0.00110774907443556,5.494803190231323e-08,1.3365934137254953e-08,1.9970502762589604e-07,5.323269325341329e-10,15115296.800362037,0.0,0.0015662398138727909,0.0022155336161127082
-60,81305685911696.922,1496.0545159884009,81305685910200.875,54346740070.485031,3.0049556203985464e+18,0.001228844739671331,9.73232090473175e-08,1.2714735930785537e-08,5.979113666398916e-07,5.905839428610449e-10,16543820.540456772,0.015625,0.001737295535901303,0.0024578800439201132
-50,115420349938834.39,1837.6416348555817,115420349936996.75,62808954558.708153,1.0016423164167057e+19,0.000442648830357939,7.834751158952713e-07,1.4792021829634905e-08,1.1230355312363827e-06,2.127977793975333e-10,18870325.035433028,-0.015625,0.00062598013488531954,0.00088759868336296677
-40,163851099070778.87,1762.7639957808269,163851099069016.12,92951239906.735245,2.5328065138295747e+19,0.00020718316454804153,1.1622905731201172e-06,5.292531568557024e-08,1.5261933015153772e-06,9.942985323974085e-11,23282053.991168994,0.03125,0.00029443179100695612,0.00041991166946075964
-30,232605434517988.0,1690.9373655246934,232605434516297.06,137560053530.3158,7.1217695031006413e+18,0.00039068053297341976,6.705522537231445e-08,9.313225746154785e-09,2.746712539192231e-06,1.8687529301786299e-10,34244188.758206211,-0.09375,0.00055197999518715769,0.00078542583388596654
-20,330211820010466.94,1622.0374258671304,330211820008844.87,203578422263.55405,1.3729442461617531e+19,0.0007054009232660974,1.627020537853241e-06,1.6896228771656752e-07,3.742552280527889e-06,3.38050143433577e-10,63959129.945829116,0.125,0.00099390811181376631,0.0014115561735952298
-10,468777566361181.62,1555.944924132227,468777566359625.69,301281593641.64233,1.1146010589513413e+19,8.188546530618623e-06,3.880821168422699e-06,5.159236025065184e-07,8.726749229026609e-06,1.84519066692701e-12,133324503.60064977,0.125,1.0760779132977399e-05,1.9316962436066731e-05
0,665490641748769.75,1492.5454667845352,665490641747277.25,445876294262.89392,1.1308475756909502e+19,0.0009771172917680815,3.2586976885795593e-06,3.99129930883646e-07,4.277018433640478e-06,4.700737576968095e-10,249900656.19829616,-0.125,0.0013846364148242878,0.0019672227179421964
10,944751694614901.37,1431.7293214356425,944751694613469.62,659867532549.77515,1.7392613804935227e+19,0.00455145610294494,2.3283064365386963e-07,4.789617378264666e-07,2.4867272259143647e-06,2.1866000121661955e-09,367235674.49833935,-0.125,0.0064822165705816608,0.0092365908140724928
20,1341200748627037.7,1373.391226918304,1341200748625664.2,976561319411.15051,1.0079786103388103e+19,0.009199505384458462,7.3052942752838135e-06,6.056507118046284e-08,4.804202035302296e-06,4.4212717931202405e-09,452059876.37615871,0.0,0.013005296033095356,0.018446404370530696
30,1904014005675609.2,1317.4302110994036,1904014005674291.7,1445248476643.5544,1.7014689546670787e+19,0.0025452600502831046,4.161149263381958e-06,1.4679390005767345e-06,1.5122455806704238e-05,1.2175218611076843e-09,521021375.15431273,0.0,0.0035411095440922875,0.0050698332552885483
40,2703003739056205.0,1263.7494161164191,2703003739054941.5,2138876350473.5808,2.3165353258969358e+19,0.0015848305311010336,9.912997484207153e-06,7.101334631443024e-08,7.058269375193049e-05,7.406546487231935e-10,589553550.84900939,1.5,0.0021375997192288145,0.0031110876897376878
50,3837277917106422.0,1212.2559307349052,3837277917105209.5,3165402469740.9824,1.2960778439227533e+19,0.01881628024875681,1.7317011952400208e-05,6.6356733441352844e-09,9.232341244569398e-05,9.043114701512422e-09,663835324.75264919,0.0,0.026523910478861313,0.037652861178254032
60,5447533710525467.0,1162.8606295368386,5447533710524304.0,4684597252806.8057,5.8987843362629779e+19,0.004826579817745369,2.123415470123291e-07,2.3352913558483124e-07,6.876151019241661e-06,2.3196280451998064e-09,746467661.20102465,-2.0,0.0068908251195993094,0.0098467786229372058
70,7733509789205207.0,1115.4780186614901,7733509789204092.0,6932910967160.9463,1.7001290298200156e+19,0.04480893169420597,0.0001200065016746521,3.323657438158989e-06,0.00010073056182591245,2.153514699898551e-08,839060377.28014612,0.0,0.063160970924104456,0.089833277748567281
80,10978762218699880.0,1070.0260878318309,10978762218698810.0,10260275280713.85,1.2836867911996099e+19,0.02569334134022938,5.8513134717941284e-05,4.555447958409786e-06,0.0003118162239843514,1.2348246425375464e-08,943031240.08876789,6.0,0.03552763376573212,0.051420505438428167
90,15585837197185350.0,1026.4261684103599,15585837197184324.0,15184567265391.672,3.7549780732381766e+19,0.011287937672022963,0.0001607649028301239,6.8194931373000145e-06,0.0006403622646757867,5.425074611764558e-09,1059851789.0660738,0.0,0.015490211506197928,0.022783813630428883
100,22126203514072164.0,984.60279723867086,22126203514071180.0,22472212729971.254,3.4463350184613682e+20,0.10054527851389139,0.00011757388710975647,7.213442586362362e-06,0.0006528703452204354,4.8322086776408923e-08,1191135792.1786153,-4.0,0.14293569200481618,0.20318763966323494
"{'distance': [0.052, 0.344, 0.381, 0.713, 0.792], 'solute_4': [6.03, -3.32, 5.37, -10.26, 10.99], 'solute_3': [7.2, -7.19, 3.27, -6.29, 10.21], 'solute_2': [10.55, -6.66, 2.43, -3.89, 10.54], 'solute_1': [11.26, -8.91, 8.23, -5.7, 11.86]}","{'solute_4i': '65.0 uM', 'solute_3i': '148.0 mM', 'solute_1e': '19.0 uM', 'solute_2i': '8.0 mM', 'solute_3e': '115.0 uM', 'solute_1i': '142.0 uM', 'solute_2e': '122.0 uM', 'solute_4e': '68.0 uM'}"
voltage,"current, barrier 0","current, barrier 1","current, barrier 2",solute_4 transport over barrier 0,solute_4 transport over barrier 1,solute_4 transport over barrier 2,solute_3 transport over barrier 0,solute_3 transport over barrier 1,solute_3 transport over barrier 2,solute_2 transport over barrier 0,solute_2 transport over barrier 1,solute_2 transport over barrier 2,solute_1 transport over barrier 0,solute_1 transport over barrier 1,solute_1 transport over barrier 2
-150,-0.021385678558081933,-0.02138567851388675,-0.02138567851388998,-49337.342975577805,-49337.342883620244,-49337.34288362955,26660.429361471557,26660.429361470975,26660.429361475806,-7164.452849453977,-7164.452849452617,-7164.452849451192,-2488.7857716743288,-2488.785771673536,-2488.7857716727963
-140,-0.009844189647836923,-0.009844189564106536,-0.009844189564101071,-38256.88579077041,-38256.885616548505,-38256.88561652192,63618.18489963247,63618.18489963049,63618.184899630665,-5658.464472019361,-5658.464472018881,-5658.4644720200595,-2319.2183186525735,-2319.2183186538796,-2319.2183186762054
-130,0.002733511183197557,0.002733511256120107,0.002733511256115642,-30098.650284069823,-30098.650132338807,-30098.65013236174,115753.07835611748,115753.0783561198,115753.0783561152,-4123.0401883091,-4123.040188306477,-4123.040188305402,-2135.485657807076,-2135.4856578075974,-2135.4856577853725
-120,0.017373049707022435,0.01737304966558747,0.01737304966556795,-23975.05059784325,-23975.050684059122,-23975.050684150792,186703.56654077722,186703.56654077955,186703.5665407942,-2463.6281381426415,-2463.628138142638,-2463.6281381417757,-1934.3917220853864,-1934.3917220853593,-1934.3917220165456
-110,0.03465533434970022,0.03465533457372125,0.03465533457373691,-19317.776741581736,-19317.77627545369,-19317.77627539824,278273.95892461995,278273.9589246204,278273.9589245802,-570.9326583739821,-570.9326583743095,-570.9326583776419,-1712.131573496239,-1712.1315734966647,-1712.1315735091955
-100,0.05471742475890155,0.0547174247325283,0.05471742473248752,-15743.824789786944,-15743.824844663686,-15743.824844861965,390060.8719393144,390060.87193931546,390060.871939368,1655.1387626471078,1655.138762647286,1655.1387626407777,-1463.7888938235621,-1463.788893822611,-1463.7888936754828
-90,0.07758856852437608,0.07758856853535552,0.07758856853536986,-12970.589730391745,-12970.589707545329,-12970.589707487203,521304.4442484969,521304.44424849376,521304.44424845936,4300.180801039278,4300.180801040493,4300.180801039525,-1184.853258843123,-1184.8532588438818,-1184.8532588686282
-80,0.10412328345847677,0.10412328379669361,0.10412328379663992,-10764.313874765532,-10764.313171027541,-10764.313171328482,676506.0757194543,676506.0757194608,676506.0757194852,7500.6781703566485,7500.678170351777,7500.678170363841,-877.8691212816157,-877.8691212813205,-877.869121015667
-70,0.13785329793503912,0.13785329846734468,0.13785329846736605,-8907.361674654763,-8907.360567061674,-8907.360566905689,876705.5644864636,876705.5644864533,876705.5644865083,11647.902863783624,11647.902863770258,11647.90286378019,-561.9522897360197,-561.9522897356364,-561.9522899353415
-60,0.18801088175235064,0.1880108811617667,0.18801088116182416,-7180.20428388624,-7180.2055127309795,-7180.2055122434385,1177881.8842697716,1177881.884269774,1177881.884269869,17797.65054152298,17797.65054151509,17797.650541510266,-268.9561347784727,-268.9561347793581,-268.95613537638405
-50,0.27201001239183475,0.27201001260457514,0.27201001260463253,-5388.765467752586,-5388.765025103756,-5388.76502547677,1685977.0981254764,1685977.0981255043,1685977.0981247209,28158.665298795957,28158.66529878881,28158.6652988036,-14.657381185306122,-14.657381185365239,-14.657380062329707
-40,0.4090094125449761,0.40900941264440593,0.40900941264425406,-3486.4239445315907,-3486.423737646517,-3486.423737348426,2517448.0781602645,2517448.0781602673,2517448.078161427,45681.32623325256,45681.326233254746,45681.32623330549,223.64952832875338,223.64952832903896,223.64952680284566
-30,0.5979092009056304,0.5979092007192037,0.5979092007187551,-1686.3511144046206,-1686.3515023009677,-1686.3515050851536,3664902.912379782,3664902.9123797566,3664902.9123798236,71458.15500037505,71458.15500037838,71458.15500036906,482.57882931364884,482.5788293134708,482.57883206018334
-20,0.808796793335818,0.8087967929979115,0.8087967929977679,-268.31317657459294,-268.3138796615822,-268.3138819755162,4945108.650405028,4945108.650404986,4945108.650403401,102820.41368929514,102820.41368931904,102820.4136894641,772.4986909153524,772.4986909153487,772.498694657901
-10,1.0130481127034956,1.0130481127016504,1.013048112701654,734.9457095412072,734.9457057139298,734.9457013526606,6182960.286086585,6182960.286086537,6182960.286082705,136312.00507939246,136312.00507940538,136312.00507888946,1084.5092094271236,1084.5092094273637,1084.5092181538728
0,1.2046920963812848,1.2046920968508747,1.2046920968513586,1496.9304044326127,1496.9313815499045,1496.9313808981713,7341781.610000008,7341781.609999992,7341781.609996749,170816.55128323383,170816.55128316954,170816.5512828347,1418.3713837060463,1418.3713837061334,1418.3713879830648
10,1.3913929955232074,1.3913929933370726,1.3913929933366074,2205.3214624299726,2205.3169136851357,2205.3169109738697,8468097.817267934,8468097.817267925,8468097.817267701,207062.69314345086,207062.6931434106,207062.69314388957,1786.5301512481822,1786.5301512481842,1786.5301537349094
20,1.5826166151764292,1.5826166107551574,1.5826166107567088,2994.8504365120316,2994.841237006647,2994.8412394671714,9619352.225694204,9619352.22569421,9619352.225686904,246254.9594545094,246254.9594545681,246254.95945456997,2206.676016909087,2206.6760169091376,2206.676021713289
30,1.7857435885620572,1.78574358734869,1.7857435873445353,3963.809590140416,3963.807065483279,3963.8070448803655,10840193.017815731,10840193.017815694,10840193.017819855,289483.61301336833,289483.6130132992,289483.6130147671,2697.832129257478,2697.832129257622,2697.8321443799337
40,2.006151358954708,2.0061513582221355,2.0061513582140535,5200.887977184859,5200.886452914747,5200.886392354328,12162979.605659468,12162979.605659455,12162979.605649555,337650.0243851363,337650.0243850965,337650.0243850653,3280.104431109734,3280.104431109848,3280.1045016924277
50,2.2480444978508247,2.24804448880771,2.248044488816995,6804.033822564816,6804.015006284567,6804.015081382463,13612840.070606261,13612840.070606202,13612840.070623519,391533.62985975796,391533.6298597548,391533.6298597513,3975.6940731695413,3975.6940731696745,3975.693980846262
60,2.5151120545010373,2.515112052181409,2.5151120521824253,8893.62287648466,8893.618049904842,8893.6180566102,15211659.795640424,15211659.795640416,15211659.795640629,451864.63824220584,451864.63824237324,451864.6382421397,4810.12808552407,4810.128085525035,4810.128078648884
70,2.8109336303444343,2.8109336088092873,2.8109336088648353,11624.241130874041,11624.196321942347,11624.196545786208,16980525.684223313,16980525.684223317,16980525.68410331,519376.7869580565,519376.7869582139,519376.78695489024,5813.496172538133,5813.496172536908,5813.496071807571
80,3.1392170880912165,3.13921707574297,3.139217075810247,15196.985808153717,15196.960114812377,15196.960480622156,18941134.8856755,18941134.885675386,18941134.885616988,594842.9953271576,594842.9953271057,594842.9953316612,7021.723393233804,7021.723393234882,7021.723081418658
90,3.503943773598701,3.5039437681736265,3.503943768222786,19875.302411024953,19875.29112308728,19875.29159642071,21116626.10651026,21116626.106510013,21116626.10667078,679100.2537925888,679100.2537922673,679100.2537990868,8477.966103141081,8477.9661031391,8477.965462778817
100,3.9094675779275616,3.909467529605475,3.909467529749947,26004.644329657458,26004.543784378944,26004.544561741794,23532116.94946344,23532116.94946354,23532116.949345965,773068.475611988,773068.4756117277,773068.4756047745,10234.2096306026,10234.209630601656,10234.208977732254
